# Blender 5.1.2
# www.blender.org
mtllib Seed.mtl
o sweep4
v 0.085114 1.389390 -0.056027
v 0.087834 1.368220 -0.049618
v 0.086575 1.389055 -0.048448
v 0.086432 1.368535 -0.056893
v 0.078739 1.389055 -0.060377
v 0.089042 1.347355 -0.050755
v 0.080312 1.368220 -0.061068
v 0.071183 1.388249 -0.058951
v 0.087700 1.347643 -0.057725
v 0.090150 1.326446 -0.051826
v 0.073060 1.367458 -0.059698
v 0.066874 1.387442 -0.052583
v 0.081835 1.347355 -0.061725
v 0.088868 1.326699 -0.058493
v 0.091110 1.305517 -0.052801
v 0.068923 1.366696 -0.053585
v 0.068335 1.387108 -0.045004
v 0.074884 1.346660 -0.060411
v 0.083258 1.326446 -0.062316
v 0.089889 1.305730 -0.059164
v 0.091885 1.284573 -0.053653
v 0.070324 1.366381 -0.046311
v 0.074710 1.387442 -0.040654
v 0.070917 1.345965 -0.054553
v 0.076607 1.325835 -0.061057
v 0.084534 1.305517 -0.062811
v 0.090724 1.284744 -0.059712
v 0.092444 1.263593 -0.054364
v 0.076444 1.366696 -0.042136
v 0.082266 1.388249 -0.042080
v 0.072259 1.345677 -0.047582
v 0.072810 1.325223 -0.055453
v 0.078183 1.305001 -0.061607
v 0.085624 1.284573 -0.063184
v 0.091343 1.263720 -0.060119
v 0.092763 1.242599 -0.054916
v 0.083697 1.367458 -0.043506
v 0.078124 1.345965 -0.043583
v 0.085075 1.346660 -0.044897
v 0.091722 1.242684 -0.060368
v 0.092826 1.221601 -0.055301
v 0.086498 1.263593 -0.063415
v 0.074092 1.324970 -0.048786
v 0.086353 1.325835 -0.046222
v 0.079702 1.325223 -0.044963
v 0.091844 1.221646 -0.060448
v 0.092626 1.200606 -0.055513
v 0.074555 1.304486 -0.056256
v 0.087483 1.305001 -0.047450
v 0.081131 1.304486 -0.046245
v 0.075776 1.304273 -0.049893
v 0.079572 1.284160 -0.062034
v 0.088427 1.284160 -0.048556
v 0.082375 1.283748 -0.047406
v 0.077275 1.283577 -0.050877
v 0.076114 1.283748 -0.056937
v 0.080747 1.263285 -0.062320
v 0.089156 1.263285 -0.049520
v 0.083405 1.262978 -0.048426
v 0.078560 1.262851 -0.051721
v 0.077459 1.262978 -0.057477
v 0.087132 1.242599 -0.063488
v 0.089646 1.242394 -0.050328
v 0.084197 1.242190 -0.049289
v 0.079608 1.242105 -0.052410
v 0.078566 1.242190 -0.057861
v 0.081683 1.242394 -0.062449
v 0.087511 1.221601 -0.063393
v 0.089882 1.221493 -0.050968
v 0.084736 1.221385 -0.049987
v 0.080403 1.221340 -0.052932
v 0.079421 1.221385 -0.058079
v 0.082365 1.221493 -0.062412
v 0.091702 1.200614 -0.060355
v 0.092153 1.178428 -0.055565
v 0.089856 1.200586 -0.051436
v 0.085014 1.200567 -0.050512
v 0.080937 1.200559 -0.053283
v 0.080013 1.200567 -0.058124
v 0.082784 1.200586 -0.062201
v 0.091291 1.178412 -0.060084
v 0.091545 1.156299 -0.055530
v 0.089567 1.178468 -0.051761
v 0.085048 1.178508 -0.050898
v 0.081244 1.178524 -0.053484
v 0.080381 1.178508 -0.058003
v 0.089145 1.156351 -0.051997
v 0.084949 1.156403 -0.051196
v 0.081416 1.156425 -0.053597
v 0.088729 1.134233 -0.052237
v 0.090945 1.134203 -0.055499
v 0.084856 1.134264 -0.051498
v 0.088457 1.112115 -0.052572
v 0.090488 1.112133 -0.055562
v 0.082967 1.178468 -0.061808
v 0.080615 1.156403 -0.057793
v 0.081594 1.134277 -0.053714
v 0.084906 1.112097 -0.051895
v 0.088478 1.089992 -0.053100
v 0.090324 1.090082 -0.055817
v 0.083015 1.156351 -0.061326
v 0.080855 1.134264 -0.057588
v 0.081917 1.112089 -0.053926
v 0.085251 1.089902 -0.052485
v 0.088977 1.067901 -0.053941
v 0.090635 1.068085 -0.056385
v 0.083071 1.134233 -0.060849
v 0.081239 1.112097 -0.057477
v 0.082534 1.089865 -0.054332
v 0.086077 1.067716 -0.053390
v 0.090211 1.045861 -0.055266
v 0.091675 1.046165 -0.057431
v 0.083271 1.112115 -0.060466
v 0.081917 1.089902 -0.057559
v 0.083632 1.067640 -0.055053
v 0.087642 1.045556 -0.054782
v 0.092568 1.024014 -0.057328
v 0.093826 1.024470 -0.059208
v 0.083763 1.089992 -0.060276
v 0.083076 1.067716 -0.057957
v 0.085474 1.045430 -0.056263
v 0.090344 1.023558 -0.056920
v 0.096708 1.002658 -0.060561
v 0.097731 1.003313 -0.062136
v 0.084734 1.067901 -0.060401
v 0.084975 1.045556 -0.058842
v 0.088456 1.023369 -0.058222
v 0.094857 1.002003 -0.060248
v 0.103637 0.982656 -0.065627
v 0.104376 0.983514 -0.066865
v 0.086439 1.045861 -0.061007
v 0.088010 1.023558 -0.060472
v 0.093261 1.001732 -0.061379
v 0.102207 0.981798 -0.065440
v 0.113817 0.965255 -0.072828
v 0.114262 0.966186 -0.073722
v 0.089268 1.024014 -0.062352
v 0.092856 1.002003 -0.063293
v 0.100924 0.981442 -0.066413
v 0.112819 0.964324 -0.072774
v 0.126731 0.951357 -0.081825
v 0.126941 0.952187 -0.082415
v 0.093879 1.002658 -0.064867
v 0.100540 0.981798 -0.067977
v 0.111854 0.963938 -0.073593
v 0.126107 0.950527 -0.081867
v 0.141366 0.940765 -0.091953
v 0.141440 0.941366 -0.092303
v 0.101280 0.982656 -0.069215
v 0.111486 0.964324 -0.074804
v 0.125434 0.950183 -0.082514
v 0.141015 0.940164 -0.092024
v 0.156856 0.932487 -0.102643
v 0.156873 0.932798 -0.102805
v 0.172675 0.925348 -0.113549
v 0.156700 0.932176 -0.102691
v 0.172675 0.925348 -0.113549
v 0.156498 0.932047 -0.102922
v 0.140594 0.939915 -0.092474
v 0.125107 0.950527 -0.083389
v 0.156367 0.932176 -0.103199
v 0.140349 0.940164 -0.093039
v 0.156384 0.932487 -0.103360
v 0.140423 0.940765 -0.093388
v 0.125317 0.951357 -0.083978
v 0.156539 0.932798 -0.103312
v 0.140773 0.941366 -0.093318
v 0.156742 0.932927 -0.103082
v 0.141194 0.941615 -0.092868
v 0.111931 0.965255 -0.075698
v 0.125941 0.952187 -0.083937
v 0.126614 0.952531 -0.083290
v 0.112928 0.966186 -0.075752
v 0.113894 0.966572 -0.074933
v 0.102710 0.983514 -0.069402
v 0.103992 0.983869 -0.068429
v 0.095731 1.003313 -0.065181
v 0.097326 1.003584 -0.064049
v 0.091493 1.024470 -0.062760
v 0.093381 1.024659 -0.061458
v 0.089008 1.046165 -0.061491
v 0.091177 1.046291 -0.060010
v 0.087635 1.068085 -0.060952
v 0.090079 1.068161 -0.059288
v 0.086990 1.090082 -0.060892
v 0.089708 1.090119 -0.059045
v 0.086821 1.112133 -0.061144
v 0.089811 1.112140 -0.059112
v 0.086945 1.134203 -0.061588
v 0.090206 1.134190 -0.059372
v 0.087211 1.156299 -0.062127
v 0.090744 1.156277 -0.059726
v 0.087486 1.178428 -0.062670
v 0.087625 1.200606 -0.063125
v -0.256392 3.501794 0.788899
v -0.000036 3.501794 0.829501
v -0.000036 3.276088 1.058021
v -0.327009 3.276088 1.006234
v -0.487655 3.501794 0.671064
v -0.621976 3.276088 0.855941
v -0.671186 3.501794 0.487533
v -0.856063 3.276088 0.621854
v -0.789020 3.501794 0.256271
v -1.006355 3.276088 0.326887
v -0.829623 3.501794 -0.000086
v -1.058143 3.276088 -0.000086
v -0.789020 3.501794 -0.256442
v -1.006355 3.276088 -0.327059
v -0.671186 3.501794 -0.487705
v -0.856063 3.276088 -0.622026
v -0.487655 3.501794 -0.671236
v -0.621976 3.276088 -0.856113
v -0.256392 3.501794 -0.789070
v -0.327009 3.276088 -1.006406
v -0.000036 3.501794 -0.829673
v -0.000036 3.276088 -1.058193
v 0.256321 3.501794 -0.789070
v 0.326938 3.276088 -1.006406
v 0.487584 3.501794 -0.671236
v 0.621904 3.276088 -0.856113
v 0.671115 3.501794 -0.487705
v 0.855991 3.276088 -0.622026
v 0.788949 3.501794 -0.256443
v 1.006284 3.276088 -0.327059
v 0.829551 3.501794 -0.000086
v 1.058071 3.276088 -0.000086
v 0.788948 3.501794 0.256271
v 1.006284 3.276088 0.326887
v 0.671114 3.501794 0.487533
v 0.855991 3.276088 0.621854
v 0.487583 3.501794 0.671064
v 0.621904 3.276088 0.855941
v 0.256321 3.501794 0.788898
v 0.326937 3.276088 1.006234
v -0.327009 3.163200 1.006234
v -0.000036 3.163200 1.058021
v -0.012536 3.263565 0.782643
v -0.254412 3.263565 0.744333
v -0.621976 3.163200 0.855941
v -0.472612 3.263565 0.633155
v -0.856063 3.163200 0.621854
v -0.645776 3.263565 0.459991
v -1.006355 3.163200 0.326887
v -0.756955 3.263565 0.241791
v -1.058143 3.163200 -0.000086
v -0.795264 3.263565 -0.000086
v -1.006355 3.163200 -0.327059
v -0.756955 3.263565 -0.241962
v -0.856063 3.163200 -0.622026
v -0.645776 3.263565 -0.460162
v -0.621976 3.163200 -0.856113
v -0.472612 3.263565 -0.633327
v -0.327009 3.163200 -1.006406
v -0.254412 3.263565 -0.744505
v -0.000036 3.163200 -1.058193
v -0.012535 3.263565 -0.782815
v 0.326938 3.163200 -1.006406
v 0.229341 3.263565 -0.744505
v 0.621904 3.163200 -0.856113
v 0.447541 3.263565 -0.633327
v 0.855991 3.163200 -0.622026
v 0.620706 3.263565 -0.460162
v 1.006284 3.163200 -0.327059
v 0.731884 3.263565 -0.241962
v 1.058071 3.163200 -0.000086
v 0.770193 3.263565 -0.000086
v 1.006284 3.163200 0.326887
v 0.731884 3.263565 0.241791
v 0.855991 3.163200 0.621854
v 0.620705 3.263565 0.459991
v 0.621904 3.163200 0.855941
v 0.447541 3.263565 0.633155
v 0.326937 3.163200 1.006234
v 0.229341 3.263565 0.744333
v -0.254412 3.182307 0.744333
v -0.012536 3.182307 0.782643
v -0.012536 3.101065 0.700388
v -0.228994 3.101065 0.666105
v -0.472612 3.182307 0.633155
v -0.424264 3.101065 0.566610
v -0.645776 3.182307 0.459991
v -0.579231 3.101065 0.411643
v -0.756955 3.182307 0.241791
v -0.678726 3.101065 0.216373
v -0.795264 3.182307 -0.000086
v -0.713010 3.101065 -0.000086
v -0.756955 3.182307 -0.241962
v -0.678726 3.101065 -0.216544
v -0.645776 3.182307 -0.460162
v -0.579231 3.101065 -0.411814
v -0.472612 3.182307 -0.633327
v -0.424264 3.101065 -0.566782
v -0.254412 3.182307 -0.744505
v -0.228994 3.101065 -0.666277
v -0.012535 3.182307 -0.782815
v -0.012535 3.101065 -0.700560
v 0.229341 3.182307 -0.744505
v 0.203923 3.101065 -0.666277
v 0.447541 3.182306 -0.633327
v 0.399193 3.101065 -0.566782
v 0.620706 3.182306 -0.460162
v 0.554160 3.101065 -0.411814
v 0.731884 3.182307 -0.241962
v 0.653655 3.101065 -0.216545
v 0.770193 3.182307 -0.000086
v 0.687938 3.101065 -0.000086
v 0.731884 3.182307 0.241791
v 0.653655 3.101065 0.216373
v 0.620705 3.182307 0.459991
v 0.554160 3.101065 0.411643
v 0.447541 3.182307 0.633155
v 0.399193 3.101065 0.566610
v 0.229341 3.182307 0.744333
v 0.203923 3.101065 0.666105
v -0.012535 3.101065 -0.000086
v -0.256392 0.000334 0.788899
v -0.000036 0.226041 1.058021
v -0.000036 0.000334 0.829501
v -0.327009 0.226041 1.006234
v -0.487655 0.000334 0.671064
v -0.621976 0.226041 0.855941
v -0.671186 0.000334 0.487533
v -0.856063 0.226041 0.621854
v -0.789020 0.000334 0.256271
v -1.006355 0.226041 0.326887
v -0.829623 0.000334 -0.000086
v -1.058143 0.226041 -0.000086
v -0.789020 0.000334 -0.256443
v -1.006355 0.226041 -0.327059
v -0.671186 0.000334 -0.487705
v -0.856063 0.226041 -0.622026
v -0.487655 0.000334 -0.671236
v -0.621976 0.226042 -0.856113
v -0.256392 0.000334 -0.789071
v -0.327009 0.226042 -1.006406
v -0.000036 0.000334 -0.829673
v -0.000036 0.226042 -1.058193
v 0.256321 0.000334 -0.789071
v 0.326938 0.226042 -1.006406
v 0.487584 0.000334 -0.671236
v 0.621904 0.226042 -0.856113
v 0.671115 0.000334 -0.487705
v 0.855991 0.226041 -0.622026
v 0.788949 0.000334 -0.256443
v 1.006284 0.226041 -0.327059
v 0.829551 0.000334 -0.000086
v 1.058071 0.226041 -0.000086
v 0.788948 0.000334 0.256270
v 1.006284 0.226041 0.326887
v 0.671114 0.000334 0.487533
v 0.855991 0.226041 0.621854
v 0.487583 0.000334 0.671064
v 0.621904 0.226041 0.855941
v 0.256321 0.000334 0.788898
v 0.326937 0.226041 1.006234
v -0.327009 0.338929 1.006234
v -0.012536 0.238564 0.782643
v -0.000036 0.338929 1.058021
v -0.254412 0.238564 0.744333
v -0.621976 0.338929 0.855941
v -0.472612 0.238564 0.633155
v -0.856063 0.338929 0.621854
v -0.645776 0.238564 0.459990
v -1.006355 0.338929 0.326887
v -0.756955 0.238564 0.241791
v -1.058143 0.338929 -0.000086
v -0.795264 0.238564 -0.000086
v -1.006355 0.338929 -0.327059
v -0.756955 0.238564 -0.241963
v -0.856063 0.338929 -0.622026
v -0.645776 0.238564 -0.460162
v -0.621976 0.338929 -0.856113
v -0.472612 0.238564 -0.633327
v -0.327009 0.338929 -1.006406
v -0.254412 0.238564 -0.744505
v -0.000036 0.338929 -1.058193
v -0.012535 0.238564 -0.782815
v 0.326938 0.338929 -1.006406
v 0.229341 0.238564 -0.744505
v 0.621904 0.338929 -0.856113
v 0.447541 0.238564 -0.633327
v 0.855991 0.338929 -0.622026
v 0.620706 0.238564 -0.460163
v 1.006284 0.338929 -0.327059
v 0.731884 0.238564 -0.241963
v 1.058071 0.338929 -0.000086
v 0.770193 0.238564 -0.000086
v 1.006284 0.338929 0.326887
v 0.731884 0.238564 0.241791
v 0.855991 0.338929 0.621854
v 0.620705 0.238564 0.459990
v 0.621904 0.338929 0.855941
v 0.447541 0.238564 0.633155
v 0.326937 0.338929 1.006234
v 0.229341 0.238564 0.744333
v -0.254412 0.319822 0.744333
v -0.012536 0.401064 0.700388
v -0.012536 0.319822 0.782643
v -0.228994 0.401064 0.666105
v -0.472612 0.319822 0.633155
v -0.424264 0.401064 0.566610
v -0.645776 0.319822 0.459990
v -0.579231 0.401064 0.411643
v -0.756955 0.319822 0.241791
v -0.678726 0.401064 0.216372
v -0.795264 0.319822 -0.000086
v -0.713010 0.401064 -0.000086
v -0.756955 0.319822 -0.241963
v -0.678726 0.401064 -0.216544
v -0.645776 0.319822 -0.460162
v -0.579231 0.401064 -0.411814
v -0.472612 0.319822 -0.633327
v -0.424264 0.401064 -0.566782
v -0.254412 0.319822 -0.744505
v -0.228994 0.401064 -0.666277
v -0.012535 0.319822 -0.782815
v -0.012535 0.401064 -0.700560
v 0.229341 0.319822 -0.744505
v 0.203923 0.401064 -0.666277
v 0.447541 0.319822 -0.633327
v 0.399193 0.401064 -0.566782
v 0.620706 0.319822 -0.460163
v 0.554160 0.401064 -0.411815
v 0.731884 0.319822 -0.241963
v 0.653655 0.401064 -0.216545
v 0.770193 0.319822 -0.000086
v 0.687938 0.401064 -0.000086
v 0.731884 0.319822 0.241791
v 0.653655 0.401064 0.216372
v 0.620705 0.319822 0.459990
v 0.554160 0.401064 0.411642
v 0.447541 0.319822 0.633155
v 0.399193 0.401064 0.566609
v 0.229341 0.319822 0.744333
v 0.203923 0.401064 0.666105
v -0.012535 0.401064 -0.000086
v -0.000036 0.000334 -0.000086
v -0.000036 3.501794 -0.000086
v -0.089091 1.483360 -0.092374
v -0.097731 1.480157 -0.113312
v -0.084166 1.486481 -0.097590
v -0.102434 1.477174 -0.108299
v -0.090176 1.475825 -0.089106
v -0.111340 1.473398 -0.129083
v -0.103437 1.469971 -0.105127
v -0.086784 1.468289 -0.089700
v -0.115790 1.470567 -0.124238
v -0.124907 1.465722 -0.144806
v -0.100153 1.462769 -0.105655
v -0.080903 1.465168 -0.093808
v -0.116641 1.463732 -0.121081
v -0.129071 1.463065 -0.140091
v -0.138317 1.456395 -0.160347
v -0.094505 1.459786 -0.109573
v -0.075978 1.468289 -0.099024
v -0.113393 1.456897 -0.121459
v -0.129686 1.456650 -0.136851
v -0.142147 1.453955 -0.155705
v -0.151259 1.444151 -0.175347
v -0.089802 1.462769 -0.114586
v -0.074893 1.475825 -0.102293
v -0.107949 1.454067 -0.125153
v -0.126391 1.450235 -0.136985
v -0.142411 1.448063 -0.152249
v -0.154681 1.442032 -0.170692
v -0.162702 1.426743 -0.188609
v -0.088799 1.469971 -0.117757
v -0.078285 1.483360 -0.101699
v -0.103498 1.456897 -0.129997
v -0.121117 1.447578 -0.140414
v -0.138954 1.442172 -0.152005
v -0.154415 1.436917 -0.166813
v -0.165621 1.425221 -0.183832
v -0.169574 1.402404 -0.196573
v -0.092084 1.477174 -0.117230
v -0.102647 1.463732 -0.133155
v -0.105896 1.470567 -0.132776
v -0.172052 1.401923 -0.191746
v -0.169782 1.378321 -0.196814
v -0.164596 1.421545 -0.179264
v -0.116952 1.450235 -0.145129
v -0.119632 1.463065 -0.148235
v -0.116337 1.456650 -0.148369
v -0.172102 1.378561 -0.192230
v -0.166895 1.356079 -0.193468
v -0.133801 1.439732 -0.155114
v -0.133163 1.453955 -0.163457
v -0.129706 1.448063 -0.163212
v -0.129970 1.442172 -0.159756
v -0.150616 1.431801 -0.165981
v -0.146153 1.442032 -0.178050
v -0.142355 1.436917 -0.177219
v -0.142088 1.431801 -0.173339
v -0.145510 1.429682 -0.168684
v -0.160228 1.417869 -0.177581
v -0.157549 1.425221 -0.190797
v -0.153181 1.421545 -0.189114
v -0.152156 1.417869 -0.184546
v -0.155075 1.416346 -0.179769
v -0.170419 1.400760 -0.186663
v -0.164436 1.401923 -0.198317
v -0.159647 1.400760 -0.195957
v -0.158014 1.399597 -0.190874
v -0.160492 1.399115 -0.186047
v -0.165630 1.399597 -0.184303
v -0.170508 1.379141 -0.187371
v -0.164908 1.378561 -0.198437
v -0.160335 1.379141 -0.196149
v -0.158741 1.379722 -0.191289
v -0.161060 1.379962 -0.186706
v -0.165934 1.379722 -0.185083
v -0.169110 1.356592 -0.189191
v -0.162828 1.335012 -0.188755
v -0.162340 1.356592 -0.195033
v -0.158113 1.357833 -0.192969
v -0.156691 1.359073 -0.188486
v -0.158906 1.359587 -0.184209
v -0.163461 1.359073 -0.182644
v -0.164924 1.335602 -0.184767
v -0.158387 1.314493 -0.183608
v -0.158577 1.335602 -0.190244
v -0.154661 1.337027 -0.188363
v -0.153373 1.338451 -0.184213
v -0.155469 1.339041 -0.180226
v -0.154424 1.315066 -0.185003
v -0.150779 1.316448 -0.183260
v -0.149588 1.317830 -0.179399
v -0.150345 1.294626 -0.179848
v -0.154031 1.294126 -0.178559
v -0.146946 1.295835 -0.178212
v -0.146713 1.274060 -0.175211
v -0.150129 1.273670 -0.174037
v -0.159720 1.338451 -0.178737
v -0.151549 1.318403 -0.175683
v -0.145825 1.297044 -0.174610
v -0.143545 1.275002 -0.173666
v -0.143910 1.253218 -0.171534
v -0.147055 1.252972 -0.170475
v -0.155512 1.317830 -0.174288
v -0.147639 1.297545 -0.171152
v -0.142480 1.275944 -0.170305
v -0.140970 1.253814 -0.170076
v -0.142384 1.232079 -0.169338
v -0.145254 1.232005 -0.168387
v -0.151326 1.297044 -0.169864
v -0.144142 1.276334 -0.167099
v -0.139957 1.254409 -0.166954
v -0.139685 1.232256 -0.167982
v -0.142626 1.210810 -0.169191
v -0.145207 1.210914 -0.168333
v -0.147558 1.275944 -0.165924
v -0.141466 1.254655 -0.163997
v -0.138739 1.232434 -0.165114
v -0.140201 1.210560 -0.167975
v -0.144705 1.189663 -0.171173
v -0.146987 1.189889 -0.170396
v -0.144612 1.254409 -0.162938
v -0.140099 1.232507 -0.162414
v -0.139353 1.210310 -0.165399
v -0.142581 1.189118 -0.170128
v -0.148339 1.168969 -0.174957
v -0.150319 1.169260 -0.174258
v -0.142970 1.232434 -0.161463
v -0.140580 1.210206 -0.162970
v -0.141858 1.188572 -0.167874
v -0.146519 1.168264 -0.174088
v -0.153204 1.148864 -0.180168
v -0.154887 1.149175 -0.179551
v -0.143162 1.210310 -0.162113
v -0.142961 1.188346 -0.165730
v -0.145927 1.167560 -0.172161
v -0.151680 1.148111 -0.179465
v -0.159003 1.129372 -0.186460
v -0.160394 1.129670 -0.185934
v -0.145243 1.188572 -0.164953
v -0.146908 1.167268 -0.170304
v -0.151208 1.147358 -0.177854
v -0.157760 1.128652 -0.185906
v -0.165499 1.110411 -0.193561
v -0.166604 1.110671 -0.193131
v -0.148889 1.167560 -0.169606
v -0.152064 1.147046 -0.176280
v -0.157394 1.127933 -0.184596
v -0.164523 1.109781 -0.193139
v -0.172493 1.091899 -0.201238
v -0.173317 1.092106 -0.200911
v -0.153747 1.147358 -0.175664
v -0.158119 1.127635 -0.183297
v -0.164249 1.109151 -0.192112
v -0.171772 1.091398 -0.200934
v -0.179829 1.073726 -0.209313
v -0.180376 1.073869 -0.209092
v -0.159510 1.127933 -0.182770
v -0.164836 1.108891 -0.191082
v -0.171576 1.090898 -0.200177
v -0.179353 1.073380 -0.209116
v -0.187378 1.055781 -0.217635
v -0.187652 1.055854 -0.217524
v -0.195032 1.037946 -0.226077
v -0.195032 1.037946 -0.226077
v -0.195032 1.037946 -0.226077
v -0.187142 1.055604 -0.217538
v -0.195032 1.037946 -0.226078
v -0.187081 1.055428 -0.217290
v -0.195032 1.037946 -0.226078
v -0.179228 1.073034 -0.208617
v -0.187231 1.055354 -0.217036
v -0.195032 1.037946 -0.226078
v -0.179527 1.072890 -0.208107
v -0.187504 1.055428 -0.216925
v -0.195032 1.037946 -0.226078
v -0.172021 1.090690 -0.199409
v -0.180074 1.073034 -0.207887
v -0.187740 1.055604 -0.217022
v -0.195032 1.037946 -0.226078
v -0.172846 1.090898 -0.199081
v -0.180550 1.073380 -0.208083
v -0.187802 1.055781 -0.217270
v -0.180675 1.073726 -0.208583
v -0.165941 1.109151 -0.190652
v -0.173567 1.091398 -0.199385
v -0.173762 1.091899 -0.200143
v -0.166917 1.109781 -0.191074
v -0.167191 1.110411 -0.192100
v -0.160752 1.128652 -0.183325
v -0.161118 1.129372 -0.184635
v -0.155271 1.148111 -0.176367
v -0.155743 1.148864 -0.177977
v -0.150708 1.168264 -0.170474
v -0.151301 1.168969 -0.172401
v -0.147368 1.189118 -0.165998
v -0.148090 1.189663 -0.168252
v -0.145586 1.210560 -0.163328
v -0.146434 1.210810 -0.165905
v -0.145669 1.232256 -0.162819
v -0.146615 1.232079 -0.165687
v -0.147552 1.253814 -0.164396
v -0.148564 1.253218 -0.167518
v -0.150726 1.275002 -0.167470
v -0.151791 1.274060 -0.170830
v -0.154725 1.295835 -0.171500
v -0.155845 1.294626 -0.175101
v -0.159157 1.316448 -0.176031
v -0.160347 1.315066 -0.179891
v -0.163637 1.337027 -0.180618
v -0.167687 1.357833 -0.184708
v -0.003428 1.458555 -0.137426
v -0.002582 1.452523 -0.159266
v -0.000525 1.450803 -0.138220
v -0.005368 1.459947 -0.158618
v -0.010526 1.461766 -0.136644
v -0.004642 1.453447 -0.180356
v -0.012160 1.463022 -0.157916
v -0.017659 1.458555 -0.136332
v -0.007328 1.460547 -0.180089
v -0.006701 1.452543 -0.201431
v -0.018980 1.459947 -0.157572
v -0.020650 1.450803 -0.136674
v -0.013823 1.463488 -0.179565
v -0.009311 1.459272 -0.201845
v -0.008732 1.448234 -0.222133
v -0.021832 1.452523 -0.157787
v -0.017747 1.443051 -0.137469
v -0.020321 1.460547 -0.179091
v -0.015517 1.462060 -0.201622
v -0.011298 1.454380 -0.223659
v -0.010627 1.438292 -0.241071
v -0.019046 1.445099 -0.158436
v -0.010649 1.439840 -0.138251
v -0.023017 1.453447 -0.178944
v -0.021685 1.459272 -0.200894
v -0.017230 1.456925 -0.223917
v -0.013182 1.443245 -0.244130
v -0.012046 1.423627 -0.254390
v -0.012254 1.442024 -0.159137
v -0.003516 1.443051 -0.138562
v -0.020331 1.446347 -0.179212
v -0.024201 1.452543 -0.200087
v -0.023053 1.454380 -0.222756
v -0.018853 1.445296 -0.245043
v -0.014568 1.426985 -0.258528
v -0.013090 1.405114 -0.262829
v -0.005434 1.445099 -0.159481
v -0.013836 1.443405 -0.179736
v -0.007337 1.446346 -0.180210
v -0.015532 1.406786 -0.267441
v -0.013717 1.384674 -0.265841
v -0.019994 1.428376 -0.259905
v -0.021591 1.445814 -0.199673
v -0.009217 1.445814 -0.200624
v -0.015385 1.443026 -0.199895
v -0.016041 1.384748 -0.270422
v -0.013927 1.364120 -0.263417
v -0.025356 1.448234 -0.220856
v -0.011035 1.442089 -0.220234
v -0.016858 1.439543 -0.219073
v -0.022790 1.442089 -0.219331
v -0.024318 1.443245 -0.243275
v -0.012684 1.433340 -0.237658
v -0.018150 1.431289 -0.235889
v -0.023821 1.433340 -0.236802
v -0.026376 1.438292 -0.239861
v -0.025147 1.426985 -0.257715
v -0.013906 1.420270 -0.249915
v -0.019059 1.418879 -0.247725
v -0.024485 1.420270 -0.249103
v -0.027007 1.423628 -0.253240
v -0.020696 1.407479 -0.269033
v -0.014799 1.403441 -0.257897
v -0.019659 1.402749 -0.255536
v -0.024822 1.403441 -0.257128
v -0.027264 1.405114 -0.261740
v -0.025555 1.406786 -0.266672
v -0.020925 1.384779 -0.272019
v -0.015314 1.384599 -0.260957
v -0.019897 1.384568 -0.258634
v -0.024780 1.384599 -0.260230
v -0.027104 1.384674 -0.264812
v -0.025507 1.384748 -0.269695
v -0.016103 1.362852 -0.267576
v -0.013767 1.344947 -0.256172
v -0.015442 1.365389 -0.258974
v -0.019760 1.365914 -0.256851
v -0.024351 1.365389 -0.258290
v -0.026526 1.364120 -0.262449
v -0.025012 1.362852 -0.266891
v -0.015777 1.342717 -0.259683
v -0.013321 1.327982 -0.245208
v -0.015217 1.347177 -0.252396
v -0.019277 1.348101 -0.250566
v -0.023569 1.347177 -0.251754
v -0.025579 1.344947 -0.255265
v -0.014706 1.330727 -0.242104
v -0.018509 1.331864 -0.240570
v -0.022502 1.330727 -0.241505
v -0.014019 1.315682 -0.229510
v -0.012714 1.312851 -0.232152
v -0.017558 1.316855 -0.228185
v -0.013250 1.301424 -0.215854
v -0.012037 1.298706 -0.218191
v -0.024129 1.342717 -0.259042
v -0.024345 1.327982 -0.244362
v -0.021257 1.315682 -0.228954
v -0.016520 1.302549 -0.214673
v -0.012452 1.287381 -0.201821
v -0.011340 1.284886 -0.203959
v -0.022959 1.325236 -0.247466
v -0.022951 1.312851 -0.231366
v -0.019932 1.301424 -0.215340
v -0.015449 1.288415 -0.200740
v -0.011665 1.272990 -0.187927
v -0.010660 1.270800 -0.189948
v -0.021646 1.310019 -0.234009
v -0.021487 1.298706 -0.217466
v -0.018577 1.287381 -0.201350
v -0.014387 1.273897 -0.186913
v -0.010937 1.257562 -0.174805
v -0.010045 1.255778 -0.176785
v -0.020274 1.295989 -0.219804
v -0.020002 1.284886 -0.203294
v -0.017233 1.272990 -0.187499
v -0.013382 1.258302 -0.173825
v -0.010361 1.240110 -0.163662
v -0.009587 1.238918 -0.165675
v -0.018890 1.282391 -0.205433
v -0.018534 1.270800 -0.189343
v -0.015948 1.257562 -0.174420
v -0.012526 1.240603 -0.162686
v -0.010164 1.219691 -0.157449
v -0.009505 1.219424 -0.159444
v -0.017530 1.268609 -0.191365
v -0.017132 1.255778 -0.176240
v -0.014815 1.240110 -0.163320
v -0.012051 1.219802 -0.156498
v -0.010579 1.198375 -0.159216
v -0.010012 1.198841 -0.160884
v -0.016240 1.253993 -0.178221
v -0.015887 1.238918 -0.165191
v -0.014061 1.219691 -0.157150
v -0.012198 1.198183 -0.158418
v -0.011437 1.178909 -0.166738
v -0.010955 1.179629 -0.168009
v -0.015114 1.237726 -0.167204
v -0.015017 1.219424 -0.159021
v -0.013920 1.198375 -0.158959
v -0.012790 1.178611 -0.166124
v -0.012523 1.161386 -0.177225
v -0.012131 1.162100 -0.178162
v -0.014358 1.219157 -0.161016
v -0.014736 1.198841 -0.160521
v -0.014221 1.178909 -0.166525
v -0.013608 1.161091 -0.176766
v -0.013728 1.145198 -0.189261
v -0.013431 1.145789 -0.189924
v -0.014168 1.199307 -0.162189
v -0.014892 1.179629 -0.167706
v -0.014750 1.161386 -0.177054
v -0.014543 1.144953 -0.188934
v -0.014997 1.129881 -0.202138
v -0.014797 1.130296 -0.202563
v -0.014410 1.180349 -0.168977
v -0.015281 1.162100 -0.177920
v -0.015398 1.145198 -0.189133
v -0.015541 1.129709 -0.201926
v -0.016302 1.115069 -0.215479
v -0.016202 1.115282 -0.215687
v -0.017622 1.100500 -0.229020
v -0.017622 1.100500 -0.229020
v -0.017622 1.100500 -0.229020
v -0.016574 1.114981 -0.215375
v -0.017622 1.100500 -0.229020
v -0.016858 1.115069 -0.215436
v -0.017622 1.100500 -0.229020
v -0.016110 1.129881 -0.202052
v -0.016989 1.115282 -0.215626
v -0.017622 1.100500 -0.229020
v -0.016372 1.130296 -0.202442
v -0.016889 1.115495 -0.215834
v -0.017622 1.100500 -0.229020
v -0.015793 1.145789 -0.189743
v -0.016173 1.130711 -0.202867
v -0.016617 1.115583 -0.215938
v -0.017622 1.100500 -0.229020
v -0.015496 1.146380 -0.190406
v -0.015629 1.130883 -0.203079
v -0.016332 1.115495 -0.215877
v -0.015059 1.130711 -0.202953
v -0.014889 1.162813 -0.178858
v -0.014681 1.146625 -0.190734
v -0.013825 1.146380 -0.190534
v -0.013804 1.163109 -0.179317
v -0.012662 1.162813 -0.179029
v -0.013057 1.180647 -0.169592
v -0.011626 1.180349 -0.169191
v -0.012549 1.199500 -0.162987
v -0.010828 1.199307 -0.162446
v -0.012471 1.219046 -0.161967
v -0.010461 1.219157 -0.161316
v -0.012948 1.237232 -0.168179
v -0.010659 1.237726 -0.167546
v -0.013795 1.253253 -0.179200
v -0.011229 1.253993 -0.178605
v -0.014807 1.267702 -0.192379
v -0.011962 1.268609 -0.191792
v -0.015893 1.281357 -0.206513
v -0.012766 1.282391 -0.205903
v -0.017005 1.294863 -0.220985
v -0.013593 1.295989 -0.220317
v -0.018107 1.308846 -0.235333
v -0.014407 1.310019 -0.234565
v -0.019157 1.324099 -0.249000
v -0.015164 1.325236 -0.248065
v -0.020069 1.341793 -0.260872
v -0.020694 1.362326 -0.269015
v -0.136993 1.461766 -0.000089
v -0.158508 1.459947 -0.006915
v -0.137229 1.458555 -0.007225
v -0.158329 1.463022 -0.000089
v -0.137229 1.458555 0.007048
v -0.180066 1.460547 -0.006605
v -0.158508 1.459947 0.006737
v -0.137799 1.450803 0.010004
v -0.180040 1.463488 -0.000089
v -0.201910 1.459272 -0.006294
v -0.158941 1.452523 0.009565
v -0.138369 1.443051 0.007048
v -0.180066 1.460547 0.006427
v -0.202163 1.462060 -0.000089
v -0.223812 1.454380 -0.005984
v -0.159374 1.445099 0.006737
v -0.138605 1.439840 -0.000089
v -0.180126 1.453447 0.009126
v -0.201910 1.459272 0.006116
v -0.224523 1.456925 -0.000089
v -0.244368 1.443245 -0.005673
v -0.159553 1.442024 -0.000089
v -0.138369 1.443051 -0.007225
v -0.180187 1.446347 0.006427
v -0.201297 1.452543 0.008687
v -0.223812 1.454380 0.005806
v -0.245712 1.445296 -0.000089
v -0.258829 1.426985 -0.005394
v -0.159374 1.445099 -0.006915
v -0.137799 1.450803 -0.010181
v -0.180212 1.443405 -0.000089
v -0.200685 1.445814 0.006116
v -0.222094 1.448234 0.008248
v -0.244368 1.443245 0.005496
v -0.260618 1.428376 -0.000089
v -0.267790 1.406786 -0.005115
v -0.158941 1.452523 -0.009742
v -0.180187 1.446346 -0.006605
v -0.180126 1.453447 -0.009303
v -0.269773 1.407479 -0.000089
v -0.270801 1.384748 -0.004836
v -0.258829 1.426985 0.005216
v -0.200431 1.443026 -0.000089
v -0.201297 1.452543 -0.008864
v -0.200685 1.445814 -0.006294
v -0.272767 1.384779 -0.000089
v -0.267968 1.362852 -0.004556
v -0.220377 1.442089 0.005806
v -0.222094 1.448234 -0.008426
v -0.220377 1.442089 -0.005984
v -0.219665 1.439543 -0.000089
v -0.241122 1.438292 0.007809
v -0.241122 1.438292 -0.007987
v -0.237876 1.433340 -0.005673
v -0.236531 1.431289 -0.000089
v -0.237876 1.433340 0.005496
v -0.254510 1.423628 0.007414
v -0.254510 1.423627 -0.007592
v -0.250191 1.420270 -0.005394
v -0.248402 1.418879 -0.000089
v -0.250191 1.420270 0.005216
v -0.267790 1.406786 0.004937
v -0.263004 1.405114 -0.007197
v -0.258218 1.403441 -0.005115
v -0.256236 1.402749 -0.000089
v -0.258218 1.403441 0.004937
v -0.263004 1.405114 0.007019
v -0.270801 1.384748 0.004658
v -0.266055 1.384674 -0.006802
v -0.261309 1.384599 -0.004836
v -0.259343 1.384568 -0.000089
v -0.261309 1.384599 0.004658
v -0.266055 1.384674 0.006624
v -0.269754 1.362326 -0.000089
v -0.260073 1.342717 -0.004277
v -0.263654 1.364120 -0.006407
v -0.259341 1.365389 -0.004556
v -0.257555 1.365914 -0.000089
v -0.259341 1.365389 0.004379
v -0.263654 1.364120 0.006229
v -0.261587 1.341793 -0.000089
v -0.248442 1.325236 -0.003998
v -0.256419 1.344947 -0.006012
v -0.252765 1.347177 -0.004277
v -0.251251 1.348101 -0.000089
v -0.252765 1.347177 0.004100
v -0.245453 1.327982 -0.005617
v -0.242464 1.330727 -0.003998
v -0.241226 1.331864 -0.000089
v -0.232389 1.312851 -0.005222
v -0.234924 1.310019 -0.003719
v -0.229854 1.315682 -0.003719
v -0.218417 1.298706 -0.004827
v -0.220656 1.295989 -0.003440
v -0.256419 1.344947 0.005834
v -0.242464 1.330727 0.003820
v -0.228804 1.316855 -0.000089
v -0.216179 1.301424 -0.003440
v -0.204173 1.284886 -0.004433
v -0.206221 1.282391 -0.003160
v -0.245453 1.327982 0.005440
v -0.229854 1.315682 0.003541
v -0.215252 1.302549 -0.000089
v -0.202126 1.287381 -0.003160
v -0.190152 1.270800 -0.004038
v -0.192090 1.268609 -0.002881
v -0.232389 1.312851 0.005045
v -0.216179 1.301424 0.003262
v -0.201278 1.288415 -0.000089
v -0.188213 1.272990 -0.002881
v -0.176980 1.255778 -0.003643
v -0.178886 1.253993 -0.002602
v -0.218417 1.298706 0.004650
v -0.202126 1.287381 0.002983
v -0.187410 1.273897 -0.000089
v -0.175073 1.257562 -0.002602
v -0.165867 1.238918 -0.003248
v -0.167815 1.237726 -0.002323
v -0.204173 1.284886 0.004255
v -0.188213 1.272990 0.002703
v -0.174284 1.258302 -0.000089
v -0.163919 1.240110 -0.002323
v -0.159649 1.219424 -0.002853
v -0.161588 1.219157 -0.002043
v -0.190152 1.270800 0.003860
v -0.175073 1.257562 0.002424
v -0.163113 1.240603 -0.000089
v -0.157710 1.219691 -0.002043
v -0.161123 1.198841 -0.002458
v -0.162743 1.199307 -0.001764
v -0.176980 1.255778 0.003465
v -0.163919 1.240110 0.002145
v -0.156906 1.219802 -0.000089
v -0.159503 1.198375 -0.001764
v -0.168299 1.179629 -0.002063
v -0.169529 1.180349 -0.001485
v -0.165867 1.238918 0.003070
v -0.157710 1.219691 0.001866
v -0.158832 1.198183 -0.000089
v -0.167069 1.178909 -0.001485
v -0.178513 1.162100 -0.001668
v -0.179418 1.162813 -0.001206
v -0.159649 1.219424 0.002675
v -0.159503 1.198375 0.001586
v -0.166560 1.178611 -0.000089
v -0.177608 1.161386 -0.001206
v -0.190340 1.145789 -0.001273
v -0.190978 1.146380 -0.000927
v -0.161123 1.198841 0.002280
v -0.167069 1.178909 0.001307
v -0.177233 1.161091 -0.000089
v -0.189702 1.145198 -0.000927
v -0.203046 1.130296 -0.000879
v -0.203455 1.130711 -0.000647
v -0.168299 1.179629 0.001886
v -0.177608 1.161386 0.001028
v -0.189437 1.144953 -0.000089
v -0.202637 1.129881 -0.000647
v -0.216239 1.115282 -0.000484
v -0.216438 1.115495 -0.000368
v -0.229641 1.100500 -0.000089
v -0.229641 1.100500 -0.000089
v -0.229641 1.100500 -0.000089
v -0.216039 1.115069 -0.000368
v -0.229641 1.100500 -0.000089
v -0.215956 1.114981 -0.000089
v -0.229641 1.100500 -0.000089
v -0.202468 1.129709 -0.000089
v -0.216039 1.115069 0.000190
v -0.229641 1.100500 -0.000089
v -0.202637 1.129881 0.000470
v -0.216239 1.115282 0.000306
v -0.229641 1.100500 -0.000089
v -0.189702 1.145198 0.000749
v -0.203046 1.130296 0.000701
v -0.216438 1.115495 0.000190
v -0.229641 1.100500 -0.000089
v -0.190340 1.145789 0.001096
v -0.203455 1.130711 0.000470
v -0.216521 1.115583 -0.000089
v -0.203624 1.130883 -0.000089
v -0.178513 1.162100 0.001491
v -0.190978 1.146380 0.000749
v -0.191243 1.146625 -0.000089
v -0.179418 1.162813 0.001028
v -0.179793 1.163109 -0.000089
v -0.169529 1.180349 0.001307
v -0.170038 1.180647 -0.000089
v -0.162743 1.199307 0.001586
v -0.163414 1.199500 -0.000089
v -0.161588 1.219157 0.001866
v -0.162391 1.219046 -0.000089
v -0.167815 1.237726 0.002145
v -0.168621 1.237232 -0.000089
v -0.178886 1.253993 0.002424
v -0.179675 1.253253 -0.000089
v -0.192090 1.268609 0.002703
v -0.192893 1.267702 -0.000089
v -0.206221 1.282391 0.002983
v -0.207069 1.281357 -0.000089
v -0.220656 1.295989 0.003262
v -0.221583 1.294863 -0.000089
v -0.234924 1.310019 0.003541
v -0.235974 1.308846 -0.000089
v -0.248442 1.325236 0.003820
v -0.249680 1.324099 -0.000089
v -0.260073 1.342717 0.004100
v -0.267968 1.362852 0.004379
v -0.062411 1.393864 0.074252
v -0.079993 1.378573 0.082089
v -0.068952 1.396190 0.070742
v -0.073792 1.376420 0.085374
v -0.056849 1.388249 0.072775
v -0.090750 1.359899 0.093145
v -0.068475 1.371224 0.083910
v -0.055524 1.382634 0.067174
v -0.084834 1.358015 0.096148
v -0.100491 1.339136 0.103156
v -0.067157 1.366027 0.078555
v -0.059213 1.380308 0.060732
v -0.079631 1.353467 0.094562
v -0.094804 1.337672 0.105819
v -0.107676 1.314861 0.110541
v -0.070611 1.363875 0.072446
v -0.065754 1.382634 0.057221
v -0.078189 1.348918 0.089318
v -0.089579 1.334135 0.103973
v -0.102189 1.314102 0.112834
v -0.109138 1.287256 0.112044
v -0.076812 1.366027 0.069161
v -0.071316 1.388249 0.058699
v -0.081353 1.347034 0.083486
v -0.087877 1.330599 0.098699
v -0.096872 1.312271 0.110655
v -0.103989 1.287521 0.114108
v -0.104974 1.265369 0.107764
v -0.082129 1.371224 0.070625
v -0.072641 1.393864 0.064299
v -0.087269 1.348918 0.080483
v -0.090694 1.329135 0.093087
v -0.094839 1.310440 0.105279
v -0.098912 1.288162 0.111937
v -0.100260 1.266180 0.109785
v -0.098702 1.246124 0.101318
v -0.083446 1.376420 0.075980
v -0.092472 1.353467 0.082069
v -0.093914 1.358015 0.087313
v -0.094383 1.247069 0.103254
v -0.091927 1.228041 0.094355
v -0.095742 1.268136 0.107987
v -0.096381 1.330599 0.090424
v -0.103309 1.337672 0.097544
v -0.101606 1.334135 0.092271
v -0.087949 1.228940 0.096152
v -0.085446 1.210147 0.087694
v -0.097281 1.309681 0.099857
v -0.110119 1.314102 0.105119
v -0.108086 1.312271 0.099744
v -0.102768 1.310440 0.097564
v -0.096880 1.288803 0.106803
v -0.111343 1.287521 0.106953
v -0.109312 1.288162 0.101818
v -0.104235 1.288803 0.099647
v -0.099085 1.289069 0.101712
v -0.094068 1.270093 0.103422
v -0.107124 1.266180 0.103106
v -0.105450 1.268136 0.098542
v -0.100932 1.270093 0.096743
v -0.096218 1.270904 0.098765
v -0.090327 1.249351 0.101727
v -0.100756 1.247069 0.097053
v -0.099341 1.249351 0.092957
v -0.095286 1.251633 0.091430
v -0.090966 1.252578 0.093366
v -0.088912 1.251633 0.097631
v -0.084229 1.231113 0.094766
v -0.093833 1.228940 0.090427
v -0.092549 1.231113 0.086670
v -0.088829 1.233285 0.085284
v -0.084851 1.234185 0.087082
v -0.082945 1.233285 0.091009
v -0.081777 1.210904 0.089318
v -0.079905 1.191818 0.081998
v -0.087170 1.210904 0.084070
v -0.085938 1.212731 0.080569
v -0.082473 1.214559 0.079242
v -0.078803 1.215316 0.080866
v -0.077080 1.214559 0.084490
v -0.076528 1.192359 0.083433
v -0.076030 1.172762 0.078015
v -0.081431 1.192359 0.078662
v -0.080213 1.193668 0.075379
v -0.076964 1.194976 0.074071
v -0.073587 1.195518 0.075505
v -0.077363 1.173029 0.074972
v -0.076171 1.173674 0.071917
v -0.073150 1.174319 0.070641
v -0.075739 1.153011 0.073793
v -0.074569 1.153030 0.076514
v -0.074644 1.152964 0.071042
v -0.076613 1.132736 0.075182
v -0.075577 1.132933 0.077550
v -0.072061 1.194976 0.078841
v -0.070071 1.174586 0.071891
v -0.071924 1.152917 0.069871
v -0.075683 1.132260 0.072803
v -0.079345 1.112739 0.078480
v -0.078440 1.113015 0.080492
v -0.068737 1.174319 0.074935
v -0.069172 1.152897 0.070967
v -0.073330 1.131784 0.071808
v -0.078588 1.112073 0.076483
v -0.083371 1.093181 0.083108
v -0.082602 1.093471 0.084771
v -0.068001 1.152917 0.073688
v -0.070934 1.131586 0.072778
v -0.076612 1.111406 0.075672
v -0.082773 1.092479 0.081478
v -0.088281 1.074070 0.088646
v -0.087658 1.074335 0.089966
v -0.069898 1.131784 0.075147
v -0.074576 1.111130 0.076521
v -0.081161 1.091777 0.080837
v -0.087826 1.073429 0.087365
v -0.093792 1.055336 0.094799
v -0.093319 1.055551 0.095784
v -0.073671 1.111406 0.078534
v -0.079478 1.091486 0.081559
v -0.086559 1.072788 0.086875
v -0.093463 1.054815 0.093852
v -0.099701 1.036873 0.101364
v -0.099383 1.037024 0.102018
v -0.078710 1.091777 0.083222
v -0.085221 1.072523 0.087462
v -0.092525 1.054295 0.093497
v -0.099488 1.036509 0.100738
v -0.105850 1.018603 0.108173
v -0.105690 1.018681 0.108500
v -0.112118 1.000413 0.115106
v -0.112118 1.000413 0.115106
v -0.112118 1.000413 0.115106
v -0.105745 1.018417 0.107863
v -0.112118 1.000413 0.115106
v -0.105437 1.018230 0.107749
v -0.112118 1.000413 0.115106
v -0.098869 1.036145 0.100508
v -0.105106 1.018153 0.107900
v -0.112118 1.000413 0.115106
v -0.098206 1.035994 0.100808
v -0.104947 1.018230 0.108226
v -0.112118 1.000413 0.115106
v -0.091527 1.054079 0.093943
v -0.097888 1.036145 0.101462
v -0.105052 1.018417 0.108537
v -0.112118 1.000413 0.115106
v -0.091054 1.054295 0.094929
v -0.098101 1.036509 0.102087
v -0.105360 1.018603 0.108650
v -0.098721 1.036873 0.102318
v -0.084597 1.072788 0.088783
v -0.091383 1.054815 0.095876
v -0.092321 1.055336 0.096230
v -0.085053 1.073429 0.090064
v -0.086320 1.074070 0.090554
v -0.079307 1.092479 0.084852
v -0.080919 1.093181 0.085493
v -0.074428 1.112073 0.080531
v -0.076403 1.112739 0.081342
v -0.070829 1.132260 0.077526
v -0.073181 1.132736 0.078521
v -0.069097 1.152964 0.076439
v -0.071817 1.153011 0.077610
v -0.069930 1.173674 0.077989
v -0.072951 1.173029 0.079265
v -0.073279 1.193668 0.082125
v -0.078311 1.212731 0.087990
v 0.125099 1.458555 0.056605
v 0.140560 1.463022 0.072637
v 0.121610 1.461766 0.062835
v 0.143856 1.459947 0.066657
v 0.126963 1.450803 0.054241
v 0.159845 1.463488 0.082613
v 0.145540 1.452523 0.064344
v 0.126111 1.443051 0.057129
v 0.162861 1.460547 0.076837
v 0.179495 1.462060 0.092777
v 0.144625 1.445099 0.067055
v 0.123042 1.439840 0.063576
v 0.164155 1.453447 0.074468
v 0.182121 1.459272 0.087149
v 0.199355 1.456925 0.103050
v 0.141648 1.442024 0.073200
v 0.119554 1.443051 0.069806
v 0.162969 1.446347 0.076893
v 0.182758 1.452543 0.084584
v 0.201432 1.454380 0.097487
v 0.218175 1.445296 0.112785
v 0.138353 1.445099 0.079181
v 0.117689 1.450803 0.072170
v 0.159998 1.443405 0.082692
v 0.181033 1.445814 0.086586
v 0.201028 1.448234 0.094529
v 0.219547 1.443245 0.107207
v 0.231415 1.428376 0.119633
v 0.136669 1.452523 0.081493
v 0.118541 1.458555 0.069282
v 0.156982 1.446346 0.088467
v 0.177957 1.443026 0.091981
v 0.198381 1.442089 0.095909
v 0.217727 1.438292 0.103661
v 0.232263 1.426985 0.114099
v 0.239546 1.407479 0.123839
v 0.137584 1.459947 0.078783
v 0.155688 1.453447 0.090837
v 0.156874 1.460547 0.088412
v 0.240094 1.406786 0.118464
v 0.242206 1.384779 0.125215
v 0.229437 1.423628 0.110163
v 0.175331 1.445814 0.097609
v 0.176419 1.459272 0.098172
v 0.174694 1.452543 0.100174
v 0.242641 1.384748 0.120096
v 0.239530 1.362326 0.123831
v 0.195040 1.439543 0.100818
v 0.196015 1.454380 0.107959
v 0.193368 1.448234 0.109339
v 0.192964 1.442089 0.106381
v 0.213781 1.433340 0.104224
v 0.214415 1.443245 0.117128
v 0.210469 1.438292 0.117691
v 0.208649 1.433340 0.114145
v 0.210021 1.431289 0.108567
v 0.224591 1.420270 0.110131
v 0.227388 1.426985 0.123524
v 0.222542 1.423627 0.123491
v 0.219716 1.420270 0.119555
v 0.220564 1.418879 0.114021
v 0.236800 1.405114 0.114416
v 0.235476 1.406786 0.127393
v 0.230269 1.405114 0.127043
v 0.226974 1.403441 0.122995
v 0.227522 1.402749 0.117620
v 0.231592 1.403441 0.114067
v 0.239328 1.384674 0.116169
v 0.238279 1.384748 0.128528
v 0.233160 1.384674 0.128094
v 0.229847 1.384599 0.124167
v 0.230282 1.384568 0.119047
v 0.234209 1.384599 0.115735
v 0.239996 1.362852 0.119042
v 0.232276 1.341793 0.120079
v 0.235890 1.362852 0.126978
v 0.231209 1.364120 0.126640
v 0.228228 1.365389 0.123015
v 0.228694 1.365914 0.118226
v 0.232333 1.365389 0.115079
v 0.232855 1.342717 0.115663
v 0.221700 1.324099 0.114608
v 0.229007 1.342717 0.123103
v 0.224964 1.344947 0.122965
v 0.222515 1.347177 0.119745
v 0.223095 1.348101 0.115330
v 0.218804 1.325236 0.117511
v 0.215405 1.327982 0.117576
v 0.213494 1.330727 0.114765
v 0.206925 1.310019 0.111053
v 0.209526 1.308846 0.108311
v 0.203983 1.312851 0.111223
v 0.194380 1.295989 0.104249
v 0.196743 1.294863 0.101699
v 0.226364 1.347177 0.112305
v 0.214191 1.331864 0.110724
v 0.202422 1.315682 0.108723
v 0.191755 1.298706 0.104454
v 0.181688 1.282391 0.097369
v 0.183852 1.281357 0.095031
v 0.217086 1.330727 0.107821
v 0.203157 1.316855 0.105017
v 0.190404 1.301424 0.102192
v 0.179285 1.284886 0.097559
v 0.169265 1.268609 0.090629
v 0.171261 1.267702 0.088518
v 0.205758 1.315682 0.102275
v 0.191120 1.302549 0.098790
v 0.178051 1.287381 0.095488
v 0.167012 1.270800 0.090766
v 0.157665 1.253993 0.084314
v 0.159521 1.253253 0.082445
v 0.193483 1.301424 0.096240
v 0.178709 1.288415 0.092370
v 0.165821 1.272990 0.088848
v 0.155494 1.255778 0.084363
v 0.147960 1.237726 0.078980
v 0.149703 1.237232 0.077366
v 0.180873 1.287381 0.090032
v 0.166391 1.273897 0.085999
v 0.154279 1.257562 0.082563
v 0.145805 1.238918 0.078907
v 0.142558 1.219157 0.075871
v 0.144169 1.219046 0.074504
v 0.168387 1.272990 0.083888
v 0.154732 1.258302 0.079968
v 0.144500 1.240110 0.077190
v 0.140463 1.219424 0.075699
v 0.143712 1.199307 0.076154
v 0.145077 1.199500 0.074974
v 0.156588 1.257562 0.078099
v 0.144810 1.240603 0.074835
v 0.139113 1.219691 0.074089
v 0.141954 1.198841 0.076026
v 0.149867 1.180349 0.079023
v 0.150961 1.180647 0.078017
v 0.146553 1.240110 0.073222
v 0.139297 1.219802 0.071984
v 0.140834 1.198375 0.074665
v 0.148509 1.179629 0.078972
v 0.158779 1.162813 0.083319
v 0.159625 1.163109 0.082499
v 0.140909 1.219691 0.070617
v 0.141008 1.198183 0.072869
v 0.147683 1.178909 0.077893
v 0.157763 1.162100 0.083314
v 0.169175 1.146380 0.088382
v 0.169795 1.146625 0.087759
v 0.142374 1.198375 0.071689
v 0.147872 1.178611 0.076419
v 0.157172 1.161386 0.082487
v 0.168449 1.145789 0.088397
v 0.180385 1.130711 0.093866
v 0.180792 1.130883 0.093448
v 0.148966 1.178909 0.075413
v 0.157352 1.161091 0.081323
v 0.168041 1.145198 0.087795
v 0.179916 1.130296 0.093884
v 0.192046 1.115495 0.099583
v 0.192247 1.115583 0.099373
v 0.203901 1.100500 0.105401
v 0.203901 1.100500 0.105401
v 0.203901 1.100500 0.105401
v 0.191815 1.115282 0.099594
v 0.203901 1.100500 0.105401
v 0.191691 1.115069 0.099400
v 0.203901 1.100500 0.105402
v 0.179659 1.129881 0.093491
v 0.191746 1.114981 0.099114
v 0.203901 1.100500 0.105402
v 0.179766 1.129709 0.092917
v 0.191948 1.115069 0.098904
v 0.203901 1.100500 0.105402
v 0.168192 1.144953 0.086930
v 0.180173 1.129881 0.092499
v 0.192178 1.115282 0.098893
v 0.203901 1.100500 0.105402
v 0.168811 1.145198 0.086307
v 0.180642 1.130296 0.092481
v 0.192302 1.115495 0.099087
v 0.180898 1.130711 0.092874
v 0.158198 1.161386 0.080503
v 0.169538 1.145789 0.086293
v 0.169945 1.146380 0.086894
v 0.159214 1.162100 0.080508
v 0.159805 1.162813 0.081335
v 0.150324 1.179629 0.075465
v 0.151150 1.180349 0.076543
v 0.144131 1.198841 0.071817
v 0.145251 1.199307 0.073177
v 0.143003 1.219424 0.070789
v 0.144354 1.219157 0.072399
v 0.148708 1.238918 0.073295
v 0.150013 1.237726 0.075012
v 0.158759 1.255778 0.078050
v 0.159974 1.253993 0.079850
v 0.170640 1.270800 0.083751
v 0.171830 1.268609 0.085669
v 0.183276 1.284886 0.089842
v 0.184510 1.282391 0.091913
v 0.196109 1.298706 0.096036
v 0.197459 1.295989 0.098297
v 0.208700 1.312851 0.102104
v 0.210261 1.310019 0.104604
v 0.220485 1.327982 0.107756
v 0.222396 1.325236 0.110567
v 0.230407 1.344947 0.112443
v 0.237015 1.364120 0.115417
v 0.124454 2.059168 -0.073235
v 0.228747 2.190006 -0.191532
v 0.126501 2.033173 -0.111651
v 0.100433 2.059168 -0.117761
v 0.104707 2.081370 -0.087738
v -0.089141 2.033173 0.141159
v -0.166259 2.190006 0.263408
v -0.063443 2.059168 0.143231
v -0.098793 2.059168 0.113650
v -0.076139 2.081370 0.120548
v -0.104782 2.081370 -0.087738
v -0.228822 2.190006 -0.191532
v -0.098793 2.059168 -0.113829
v -0.122678 2.033173 -0.102713
v -0.124477 2.059168 -0.073115
v 0.076064 2.081370 0.120548
v 0.166184 2.190006 0.263408
v 0.063367 2.059168 0.143231
v 0.089066 2.033173 0.141159
v 0.098718 2.059168 0.113650
v -0.104201 2.121435 -0.000090
v -0.181598 2.320227 -0.000090
v -0.088602 2.139297 0.016066
v -0.088602 2.139297 -0.016245
v -0.076328 2.152379 -0.000090
v -0.000038 2.121435 0.119878
v -0.000038 2.320227 0.209019
v 0.013990 2.139297 0.101912
v -0.014065 2.139297 0.101912
v -0.000038 2.152379 0.087776
v 0.088526 2.139297 0.016066
v 0.181523 2.320227 -0.000089
v 0.104126 2.121435 -0.000090
v 0.088527 2.139297 -0.016245
v 0.076253 2.152379 -0.000090
v -0.000038 2.152379 -0.087955
v -0.000038 2.320227 -0.209198
v 0.013990 2.139297 -0.102091
v -0.000038 2.121435 -0.120058
v -0.014065 2.139297 -0.102091
v 0.028017 2.139297 -0.099533
v 0.019058 2.165462 -0.067777
v 0.036285 2.103573 -0.128839
v 0.053325 2.139297 -0.084681
v 0.069051 2.103573 -0.109611
v -0.000038 2.165462 -0.071261
v -0.019133 2.165462 -0.067777
v -0.028092 2.139297 -0.099533
v -0.000038 2.103573 -0.135465
v -0.036360 2.103573 -0.128839
v 0.044897 2.059168 -0.157816
v 0.085385 2.059168 -0.137137
v -0.000038 2.059168 -0.162947
v -0.000038 2.181423 -0.036119
v -0.009704 2.181423 -0.034355
v -0.036360 2.165462 -0.057668
v -0.018425 2.181423 -0.029238
v -0.000038 2.186787 -0.000090
v 0.009629 2.181423 -0.034355
v -0.025346 2.181423 -0.021267
v 0.018350 2.181423 -0.029238
v 0.036285 2.165462 -0.057668
v -0.053400 2.139297 -0.084681
v -0.069127 2.103573 -0.109611
v -0.050031 2.165462 -0.041923
v -0.029789 2.181423 -0.011223
v -0.073485 2.139297 -0.061549
v -0.058808 2.165462 -0.022083
v -0.043733 2.059168 -0.154976
v -0.031320 2.181423 -0.000090
v -0.095130 2.103573 -0.079661
v -0.086380 2.139297 -0.032401
v -0.061833 2.165462 -0.000090
v -0.029789 2.181423 0.011044
v -0.058808 2.165462 0.021904
v -0.117579 2.103573 -0.000090
v -0.111826 2.103573 0.041744
v -0.111826 2.103573 -0.041923
v -0.025346 2.181423 0.021088
v -0.086380 2.139297 0.032221
v -0.050031 2.165462 0.041744
v -0.018425 2.181423 0.029059
v -0.073485 2.139297 0.061370
v -0.009704 2.181423 0.034176
v -0.000038 2.181423 0.035940
v 0.009629 2.181423 0.034176
v -0.036360 2.165462 0.057489
v -0.019133 2.165462 0.067598
v -0.000038 2.165462 0.071082
v 0.019058 2.165462 0.067598
v 0.028017 2.139297 0.099353
v -0.053400 2.139297 0.084502
v -0.028092 2.139297 0.099353
v 0.036285 2.103573 0.128660
v -0.036360 2.103573 0.128660
v -0.095130 2.103573 0.079482
v -0.069127 2.103573 0.109432
v -0.000038 2.103573 0.135286
v -0.000038 2.059168 0.162767
v 0.043658 2.059168 0.154797
v -0.043733 2.059168 0.154797
v -0.000038 2.007177 0.186239
v 0.049956 2.007177 0.177119
v -0.050031 2.007177 0.177119
v -0.114434 2.059168 0.095635
v -0.000038 1.948880 0.205122
v 0.055022 1.948880 0.195078
v -0.056325 1.948880 0.195078
v -0.096075 2.007177 0.150653
v -0.000038 1.885713 0.218953
v 0.058733 1.885713 0.208232
v -0.134519 2.059168 0.050236
v -0.134081 2.007177 0.109432
v -0.121630 1.948880 0.165930
v -0.062244 1.885713 0.208232
v -0.000038 1.819230 0.227389
v 0.060997 1.819230 0.217525
v -0.154371 2.007177 0.057489
v -0.172416 1.948880 0.120531
v -0.140173 1.885713 0.177119
v -0.061288 1.819230 0.216256
v -0.000038 1.751068 0.249176
v 0.061757 1.751068 0.252560
v -0.184558 1.948880 0.063324
v -0.200038 1.885713 0.128660
v -0.130233 1.819230 0.183945
v -0.061833 1.751068 0.219585
v -0.000038 1.682907 0.264693
v 0.060997 1.682907 0.274911
v -0.208038 1.885713 0.067598
v -0.186875 1.819230 0.133619
v -0.117579 1.751068 0.186239
v -0.061072 1.682907 0.221262
v -0.000038 1.616423 0.239211
v 0.058733 1.616423 0.242574
v -0.201775 1.819230 0.070205
v -0.163006 1.751068 0.135286
v -0.116132 1.682907 0.183945
v -0.058808 1.616423 0.209342
v -0.000038 1.553256 0.205412
v 0.055022 1.553256 0.197347
v -0.190223 1.751068 0.071082
v -0.159827 1.682907 0.133619
v -0.111826 1.616423 0.177119
v -0.055097 1.553256 0.195078
v -0.000038 1.494959 0.186239
v 0.049956 1.494959 0.177119
v -0.197719 1.682907 0.070205
v -0.154948 1.616423 0.128660
v -0.104768 1.553256 0.165930
v -0.050031 1.494959 0.177119
v -0.000038 1.442968 0.162767
v 0.043658 1.442968 0.154797
v -0.200824 1.616423 0.067598
v -0.144358 1.553256 0.120531
v -0.095130 1.494959 0.150653
v -0.043733 1.442968 0.154797
v -0.000038 1.398564 0.135286
v 0.036285 1.398564 0.128660
v -0.180974 1.553256 0.063324
v -0.130922 1.494959 0.109432
v -0.083152 1.442968 0.131664
v -0.036360 1.398564 0.128660
v -0.000038 1.362839 0.104471
v 0.028017 1.362839 0.099353
v -0.154377 1.494959 0.057489
v -0.114434 1.442968 0.095635
v -0.069127 1.398564 0.109431
v -0.028092 1.362839 0.099353
v -0.000038 1.336674 0.071082
v 0.019058 1.336674 0.067598
v -0.134519 1.442968 0.050236
v -0.095130 1.398564 0.079482
v -0.053400 1.362839 0.084502
v -0.019133 1.336674 0.067598
v -0.000038 1.320713 0.035940
v 0.009629 1.320713 0.034176
v -0.000038 1.315349 -0.000090
v -0.009704 1.320713 0.034176
v -0.018425 1.320713 0.029059
v -0.025346 1.320713 0.021088
v -0.029789 1.320713 0.011044
v -0.036360 1.336674 0.057489
v -0.050031 1.336674 0.041744
v -0.073485 1.362839 0.061370
v -0.058808 1.336674 0.021904
v -0.086380 1.362839 0.032221
v -0.031320 1.320713 -0.000090
v -0.061833 1.336674 -0.000090
v -0.111826 1.398564 0.041744
v -0.090823 1.362839 -0.000090
v -0.029789 1.320713 -0.011223
v -0.117579 1.398564 -0.000090
v -0.058808 1.336674 -0.022083
v -0.025346 1.320713 -0.021267
v -0.086380 1.362839 -0.032401
v -0.141440 1.442968 -0.000090
v -0.050031 1.336674 -0.041923
v -0.111826 1.398564 -0.041923
v -0.164270 1.494959 -0.000090
v -0.018425 1.320713 -0.029238
v -0.073485 1.362839 -0.061549
v -0.134519 1.442968 -0.050415
v -0.199562 1.553256 -0.000090
v -0.036360 1.336674 -0.057668
v -0.009704 1.320713 -0.034355
v -0.095130 1.398564 -0.079661
v -0.154377 1.494959 -0.057668
v -0.225038 1.616423 -0.000090
v -0.000038 1.320713 -0.036119
v 0.009629 1.320713 -0.034355
v 0.018350 1.320713 -0.029238
v -0.019133 1.336674 -0.067777
v -0.000038 1.336674 -0.071261
v -0.053400 1.362839 -0.084681
v -0.028092 1.362839 -0.099533
v 0.019058 1.336674 -0.067777
v -0.069127 1.398564 -0.109611
v -0.000038 1.362839 -0.104650
v -0.114434 1.442968 -0.095814
v -0.036360 1.398564 -0.128839
v -0.083152 1.442968 -0.131844
v -0.130922 1.494959 -0.109611
v -0.180974 1.553256 -0.063503
v 0.028017 1.362839 -0.099533
v -0.000038 1.398564 -0.135465
v -0.043733 1.442968 -0.154976
v -0.095130 1.494959 -0.150832
v -0.144358 1.553256 -0.120710
v -0.200824 1.616423 -0.067777
v 0.036285 1.336674 -0.057668
v -0.217975 1.682907 -0.000090
v -0.200910 1.751068 -0.000090
v -0.197719 1.682907 -0.070384
v -0.154948 1.616423 -0.128839
v -0.197549 1.819230 -0.000090
v -0.190223 1.751068 -0.071261
v -0.191610 1.885713 -0.000090
v -0.104768 1.553256 -0.166109
v -0.159827 1.682907 -0.133798
v -0.188473 1.819230 -0.071170
v -0.178341 1.948880 -0.000090
v -0.050031 1.494959 -0.177298
v -0.111826 1.616423 -0.177298
v -0.168148 1.751068 -0.143881
v -0.180915 1.885713 -0.067777
v -0.161819 2.007177 -0.000090
v -0.000038 1.442968 -0.162947
v -0.116595 1.682907 -0.184740
v -0.172439 1.819230 -0.150569
v -0.169494 1.948880 -0.063503
v -0.141440 2.059168 -0.000090
v -0.153901 2.007177 -0.057668
v -0.134519 2.059168 -0.050415
v -0.130922 2.007177 -0.109611
v -0.160444 1.885713 -0.137540
v -0.144214 1.948880 -0.120747
v -0.083152 2.059168 -0.131844
v -0.124366 1.885713 -0.193974
v -0.105606 1.948880 -0.167224
v -0.095130 2.007177 -0.150832
v -0.050031 2.007177 -0.177298
v -0.055203 1.948880 -0.195398
v 0.001752 2.007177 -0.190521
v -0.137538 1.819230 -0.212590
v -0.066034 1.885713 -0.218020
v 0.003086 1.948880 -0.212465
v 0.058927 2.007177 -0.197870
v -0.129845 1.751068 -0.202729
v -0.074297 1.819230 -0.234022
v 0.000229 1.885713 -0.220990
v 0.068807 1.948880 -0.226866
v 0.108152 2.007177 -0.180863
v -0.068438 1.751068 -0.228279
v -0.001636 1.819230 -0.229694
v 0.066028 1.885713 -0.225139
v 0.124962 1.948880 -0.212590
v -0.061072 1.682907 -0.219307
v -0.000079 1.751068 -0.241333
v 0.061040 1.819230 -0.217263
v 0.124130 1.885713 -0.205685
v -0.058808 1.616423 -0.209048
v -0.000038 1.682907 -0.248972
v 0.061757 1.751068 -0.238415
v 0.116850 1.819230 -0.185944
v -0.055097 1.553256 -0.195258
v -0.000038 1.616423 -0.230756
v 0.060997 1.682907 -0.250090
v 0.117504 1.751068 -0.196986
v -0.000038 1.494959 -0.186418
v -0.000038 1.553256 -0.205467
v 0.058733 1.616423 -0.228116
v 0.116056 1.682907 -0.204917
v 0.055022 1.553256 -0.196559
v 0.049956 1.494959 -0.177298
v 0.043658 1.442968 -0.154976
v 0.111751 1.616423 -0.188241
v 0.104692 1.553256 -0.166190
v 0.095055 1.494959 -0.150832
v 0.036285 1.398564 -0.128839
v 0.083077 1.442968 -0.131844
v 0.053325 1.362839 -0.084681
v 0.069051 1.398564 -0.109611
v 0.144111 1.553256 -0.120710
v 0.130846 1.494959 -0.109611
v 0.114359 1.442968 -0.095814
v 0.095055 1.398564 -0.079661
v 0.073410 1.362839 -0.061549
v 0.049956 1.336674 -0.041923
v 0.153826 1.616423 -0.129006
v 0.025271 1.320713 -0.021267
v 0.029714 1.320713 -0.011223
v 0.058733 1.336674 -0.022083
v 0.086305 1.362839 -0.032401
v 0.031245 1.320713 -0.000090
v 0.061757 1.336674 -0.000090
v 0.111751 1.398564 -0.041923
v 0.029714 1.320713 0.011044
v 0.090748 1.362839 -0.000090
v 0.134444 1.442968 -0.050415
v 0.058733 1.336674 0.021904
v 0.025271 1.320713 0.021088
v 0.117503 1.398564 -0.000090
v 0.153826 1.494959 -0.057668
v 0.018350 1.320713 0.029059
v 0.049956 1.336674 0.041744
v 0.086305 1.362839 0.032221
v 0.036285 1.336674 0.057489
v 0.141365 1.442968 -0.000090
v 0.169419 1.553256 -0.063503
v 0.073410 1.362839 0.061370
v 0.053325 1.362839 0.084502
v 0.111751 1.398564 0.041744
v 0.161744 1.494959 -0.000090
v 0.069051 1.398564 0.109431
v 0.095055 1.398564 0.079482
v 0.134444 1.442968 0.050236
v 0.083076 1.442968 0.131664
v 0.114359 1.442968 0.095635
v 0.153826 1.494959 0.057489
v 0.178140 1.553256 -0.000090
v 0.095055 1.494959 0.150653
v 0.130846 1.494959 0.109431
v 0.104692 1.553256 0.166071
v 0.169419 1.553256 0.063324
v 0.144111 1.553256 0.120531
v 0.180840 1.616423 -0.067777
v 0.111751 1.616423 0.196190
v 0.153826 1.616423 0.128950
v 0.180840 1.616423 0.067598
v 0.190148 1.616423 -0.000090
v 0.159752 1.682907 -0.135496
v 0.116056 1.682907 0.220183
v 0.159752 1.682907 0.136578
v 0.187806 1.682907 0.070205
v 0.197473 1.682907 -0.000090
v 0.187807 1.682907 -0.070384
v 0.161744 1.751068 -0.135546
v 0.117503 1.751068 0.204657
v 0.161744 1.751068 0.135426
v 0.191609 1.751068 0.071593
v 0.199935 1.751068 -0.000090
v 0.190148 1.751068 -0.071261
v 0.159830 1.819230 -0.133978
v 0.116056 1.819230 0.183945
v 0.176149 1.819230 0.139356
v 0.221020 1.819230 0.081827
v 0.213717 1.819230 0.005594
v 0.187807 1.819230 -0.070384
v 0.161234 1.885713 -0.145827
v 0.114423 1.885713 0.178054
v 0.187114 1.885713 0.140308
v 0.237462 1.885713 0.087410
v 0.222529 1.885713 0.011241
v 0.182448 1.885713 -0.067781
v 0.157390 1.948880 -0.151161
v 0.105433 1.948880 0.166189
v 0.163703 1.948880 0.127386
v 0.204118 1.948880 0.075465
v 0.196396 1.948880 0.006298
v 0.171351 1.948880 -0.067605
v 0.138869 2.007177 -0.128006
v 0.095055 2.007177 0.150653
v 0.131823 2.007177 0.109773
v 0.157782 2.007177 0.058873
v 0.162372 2.007177 0.000130
v 0.154526 2.007177 -0.059274
v 0.134444 2.059168 -0.050415
v 0.095055 2.103573 -0.079661
v 0.141365 2.059168 -0.000090
v 0.111751 2.103573 -0.041923
v 0.117503 2.103573 -0.000090
v 0.073410 2.139297 -0.061549
v 0.134444 2.059168 0.050236
v 0.086305 2.139297 -0.032401
v 0.049956 2.165462 -0.041923
v 0.025271 2.181423 -0.021267
v 0.058733 2.165462 -0.022083
v 0.029714 2.181423 -0.011223
v 0.061757 2.165462 -0.000090
v 0.058733 2.165462 0.021904
v 0.031245 2.181423 -0.000090
v 0.111751 2.103573 0.041744
v 0.029714 2.181423 0.011044
v 0.086305 2.139297 0.032221
v 0.114359 2.059168 0.095635
v 0.095055 2.103573 0.079482
v 0.073410 2.139297 0.061370
v 0.049956 2.165462 0.041744
v 0.025271 2.181423 0.021088
v 0.069051 2.103573 0.109432
v 0.053325 2.139297 0.084502
v 0.036285 2.165462 0.057489
v 0.018350 2.181423 0.029059
v 0.014230 1.483360 0.127363
v 0.008303 1.480157 0.149224
v 0.007145 1.486481 0.128491
v 0.015088 1.477174 0.148120
v 0.017083 1.475825 0.125435
v 0.009464 1.473398 0.170022
v 0.017817 1.469971 0.146219
v 0.014033 1.468289 0.123836
v 0.015947 1.470567 0.168898
v 0.010623 1.465722 0.190757
v 0.014893 1.462769 0.144634
v 0.006866 1.465168 0.123504
v 0.018547 1.463732 0.166915
v 0.016799 1.463065 0.189561
v 0.011767 1.456395 0.211252
v 0.008028 1.459786 0.144293
v -0.000218 1.468289 0.124632
v 0.015742 1.456897 0.165234
v 0.019263 1.456650 0.187369
v 0.017634 1.453955 0.209910
v 0.012872 1.444151 0.231033
v 0.001243 1.462769 0.145396
v -0.003071 1.475825 0.126560
v 0.009175 1.454067 0.164839
v 0.016570 1.450235 0.185465
v 0.019951 1.448063 0.207333
v 0.018423 1.442032 0.229432
v 0.013849 1.426743 0.248522
v -0.001487 1.469971 0.147298
v -0.000021 1.483360 0.128159
v 0.002693 1.456897 0.165963
v 0.010299 1.447578 0.184964
v 0.017362 1.442172 0.205030
v 0.020579 1.436917 0.226196
v 0.019076 1.425221 0.246517
v 0.014435 1.402404 0.259025
v 0.001438 1.477174 0.148883
v 0.000093 1.463732 0.167946
v 0.002898 1.470567 0.169627
v 0.019344 1.401923 0.256711
v 0.014453 1.378321 0.259343
v 0.021050 1.421545 0.242273
v 0.004122 1.450235 0.186160
v 0.004351 1.463065 0.190256
v 0.001659 1.456650 0.188352
v 0.019087 1.378561 0.257126
v 0.014207 1.356079 0.254930
v 0.011382 1.439732 0.204350
v 0.005787 1.453955 0.210572
v 0.003197 1.448063 0.208269
v 0.005515 1.442172 0.205692
v 0.018076 1.431801 0.223219
v 0.007177 1.442032 0.230060
v 0.004674 1.436917 0.227084
v 0.006830 1.431801 0.223847
v 0.012381 1.429682 0.222246
v 0.018615 1.417869 0.238275
v 0.008431 1.425221 0.247112
v 0.005996 1.421545 0.243114
v 0.007970 1.417869 0.238869
v 0.013198 1.416346 0.236865
v 0.021150 1.400760 0.251687
v 0.009300 1.401923 0.257272
v 0.006945 1.400760 0.252481
v 0.008751 1.399597 0.247457
v 0.013660 1.399115 0.245144
v 0.018796 1.399597 0.246896
v 0.020788 1.379141 0.252303
v 0.009601 1.378561 0.257655
v 0.007373 1.379141 0.253052
v 0.009074 1.379722 0.248229
v 0.013708 1.379962 0.246012
v 0.018561 1.379722 0.247699
v 0.018571 1.356592 0.252892
v 0.013859 1.335012 0.248714
v 0.009643 1.356592 0.253391
v 0.007552 1.357833 0.249177
v 0.009160 1.359073 0.244757
v 0.013525 1.359587 0.242720
v 0.018088 1.359073 0.244258
v 0.017952 1.335602 0.246833
v 0.013480 1.314493 0.241927
v 0.009582 1.335602 0.247301
v 0.007627 1.337027 0.243421
v 0.009138 1.338451 0.239348
v 0.013231 1.339041 0.237467
v 0.009489 1.315066 0.240614
v 0.007665 1.316448 0.237010
v 0.009076 1.317830 0.233224
v 0.009402 1.294626 0.234041
v 0.013108 1.294126 0.235269
v 0.007706 1.295835 0.230671
v 0.009353 1.274060 0.228152
v 0.012775 1.273670 0.229305
v 0.017508 1.338451 0.238881
v 0.012897 1.318403 0.231476
v 0.009016 1.297044 0.227134
v 0.007785 1.275002 0.224995
v 0.009374 1.253218 0.223528
v 0.012513 1.252972 0.224608
v 0.016888 1.317830 0.232788
v 0.012563 1.297545 0.225500
v 0.008991 1.275944 0.221682
v 0.007934 1.253814 0.220579
v 0.009505 1.232079 0.220857
v 0.012359 1.232005 0.221855
v 0.016270 1.297044 0.226729
v 0.012264 1.276334 0.220155
v 0.009037 1.254409 0.217488
v 0.008194 1.232256 0.218136
v 0.009786 1.210810 0.220888
v 0.012355 1.210914 0.221784
v 0.015687 1.275944 0.221308
v 0.012036 1.254655 0.216066
v 0.009194 1.232434 0.215286
v 0.008607 1.210560 0.218446
v 0.010225 1.189663 0.223727
v 0.012507 1.189889 0.224504
v 0.015175 1.254409 0.217145
v 0.011919 1.232507 0.213977
v 0.009507 1.210310 0.215887
v 0.009179 1.189118 0.221603
v 0.010796 1.168969 0.228942
v 0.012792 1.169260 0.229596
v 0.014774 1.232434 0.214975
v 0.011960 1.210206 0.214711
v 0.009982 1.188572 0.219377
v 0.009884 1.168264 0.227144
v 0.011472 1.148864 0.236039
v 0.013182 1.149175 0.236577
v 0.014529 1.210310 0.215607
v 0.012164 1.188346 0.218351
v 0.010590 1.167560 0.225255
v 0.010694 1.148111 0.234552
v 0.012228 1.129372 0.244563
v 0.013652 1.129670 0.244994
v 0.014446 1.188572 0.219127
v 0.012500 1.167268 0.224383
v 0.011302 1.147358 0.232988
v 0.011582 1.128652 0.243366
v 0.013044 1.110411 0.254152
v 0.014182 1.110671 0.254485
v 0.014496 1.167560 0.225037
v 0.012941 1.147046 0.232263
v 0.012091 1.127933 0.242104
v 0.012528 1.109781 0.253222
v 0.013902 1.091899 0.264502
v 0.014755 1.092106 0.264745
v 0.014650 1.147358 0.232801
v 0.013457 1.127635 0.241517
v 0.012937 1.109151 0.252241
v 0.013516 1.091398 0.263821
v 0.014789 1.073726 0.275375
v 0.015357 1.073869 0.275534
v 0.014881 1.127933 0.241948
v 0.014031 1.108891 0.251783
v 0.013823 1.090898 0.263101
v 0.014532 1.073380 0.274929
v 0.015694 1.055781 0.286575
v 0.015978 1.055854 0.286653
v 0.016608 1.037946 0.297934
v 0.016608 1.037946 0.297934
v 0.016608 1.037946 0.297934
v 0.015566 1.055604 0.286354
v 0.016608 1.037946 0.297934
v 0.015669 1.055428 0.286120
v 0.016608 1.037946 0.297934
v 0.014737 1.073034 0.274457
v 0.015942 1.055354 0.286011
v 0.016608 1.037946 0.297934
v 0.015285 1.072890 0.274236
v 0.016227 1.055428 0.286089
v 0.016608 1.037946 0.297934
v 0.014644 1.090690 0.262765
v 0.015853 1.073034 0.274395
v 0.016355 1.055604 0.286310
v 0.016608 1.037946 0.297934
v 0.015497 1.090898 0.263008
v 0.016110 1.073380 0.274841
v 0.016252 1.055781 0.286543
v 0.015905 1.073726 0.275313
v 0.015169 1.109151 0.252116
v 0.015883 1.091398 0.263689
v 0.015575 1.091899 0.264408
v 0.015684 1.109781 0.253046
v 0.015276 1.110411 0.254027
v 0.015527 1.128652 0.243145
v 0.015018 1.129372 0.244407
v 0.015428 1.148111 0.234288
v 0.014820 1.148864 0.235852
v 0.015408 1.168264 0.226835
v 0.014702 1.168969 0.228724
v 0.015492 1.189118 0.221251
v 0.014689 1.189663 0.223478
v 0.015709 1.210560 0.218049
v 0.014808 1.210810 0.220608
v 0.016085 1.232256 0.217696
v 0.015085 1.232079 0.220545
v 0.016615 1.253814 0.220094
v 0.015512 1.253218 0.223186
v 0.017255 1.275002 0.224466
v 0.016049 1.274060 0.227778
v 0.017965 1.295835 0.230098
v 0.016656 1.294626 0.233636
v 0.018712 1.316448 0.236393
v 0.017301 1.315066 0.240178
v 0.019464 1.337027 0.242760
v 0.020179 1.357833 0.248472
vn 0.8334 0.0754 -0.5475
vn 0.9779 0.0476 0.2035
vn 0.9780 0.0466 0.2033
vn 0.8335 0.0739 -0.5476
vn 0.2015 0.0476 -0.9783
vn 0.9783 0.0436 0.2024
vn 0.2018 0.0466 -0.9783
vn -0.5470 -0.0193 -0.8369
vn 0.8338 0.0695 -0.5477
vn 0.9786 0.0386 0.2022
vn -0.5468 -0.0193 -0.8370
vn -0.9747 -0.0863 -0.2062
vn 0.2022 0.0435 -0.9784
vn 0.8342 0.0624 -0.5480
vn 0.9789 0.0318 0.2017
vn -0.9748 -0.0852 -0.2063
vn -0.8303 -0.1141 0.5455
vn -0.5466 -0.0192 -0.8372
vn 0.2032 0.0386 -0.9784
vn 0.8346 0.0529 -0.5483
vn 0.9792 0.0236 0.2017
vn -0.8305 -0.1126 0.5456
vn -0.1978 -0.0863 0.9764
vn -0.9750 -0.0821 -0.2063
vn -0.5460 -0.0192 -0.8375
vn 0.2033 0.0318 -0.9786
vn 0.8351 0.0414 -0.5486
vn 0.9796 0.0146 0.2006
vn -0.1974 -0.0853 0.9766
vn 0.5509 -0.0193 0.8343
vn -0.8309 -0.1082 0.5458
vn -0.9754 -0.0771 -0.2065
vn -0.5458 -0.0192 -0.8377
vn 0.2042 0.0238 -0.9786
vn 0.8355 0.0284 -0.5488
vn 0.9796 0.0045 0.2009
vn 0.5511 -0.0193 0.8342
vn -0.1975 -0.0821 0.9769
vn 0.5513 -0.0192 0.8341
vn 0.8357 0.0143 -0.5490
vn 0.9796 -0.0059 0.2007
vn 0.2045 0.0145 -0.9788
vn -0.8315 -0.1011 0.5463
vn 0.5520 -0.0192 0.8336
vn -0.1981 -0.0771 0.9771
vn 0.8358 -0.0005 -0.5491
vn 0.9795 -0.0163 0.2010
vn -0.9759 -0.0705 -0.2063
vn -0.1981 -0.0705 0.9776
vn -0.8323 -0.0916 0.5468
vn -0.5460 -0.0192 -0.8376
vn 0.5522 -0.0192 0.8335
vn -0.1986 -0.0624 0.9781
vn -0.8331 -0.0802 0.5473
vn -0.9766 -0.0624 -0.2060
vn 0.5521 -0.0193 0.8336
vn -0.1993 -0.0532 0.9785
vn -0.8339 -0.0672 0.5478
vn -0.9771 -0.0532 -0.2058
vn 0.2047 0.0046 -0.9788
vn 0.5518 -0.0193 0.8338
vn -0.1997 -0.0433 0.9789
vn -0.8346 -0.0531 0.5483
vn -0.9777 -0.0433 -0.2053
vn -0.5459 -0.0193 -0.8376
vn 0.2049 -0.0059 -0.9788
vn 0.5517 -0.0193 0.8338
vn -0.2005 -0.0328 0.9791
vn -0.8352 -0.0383 0.5487
vn -0.9782 -0.0329 -0.2050
vn -0.5462 -0.0193 -0.8374
vn 0.8357 -0.0151 -0.5490
vn 0.9791 -0.0238 0.2018
vn 0.5512 -0.0194 0.8342
vn -0.2013 -0.0224 0.9793
vn -0.8355 -0.0237 0.5489
vn -0.9787 -0.0225 -0.2041
vn -0.5469 -0.0194 -0.8370
vn 0.8355 -0.0258 -0.5489
vn 0.9788 -0.0264 0.2029
vn 0.5496 -0.0194 0.8352
vn -0.2017 -0.0150 0.9793
vn -0.8357 -0.0130 0.5490
vn -0.9790 -0.0149 -0.2033
vn 0.5487 -0.0194 0.8358
vn -0.2029 -0.0124 0.9791
vn -0.8357 -0.0095 0.5490
vn 0.5480 -0.0194 0.8363
vn 0.9788 -0.0236 0.2035
vn -0.2035 -0.0152 0.9789
vn 0.5473 -0.0194 0.8367
vn 0.9788 -0.0155 0.2044
vn -0.5483 -0.0194 -0.8361
vn -0.9792 -0.0124 -0.2026
vn -0.8357 -0.0135 0.5490
vn -0.2044 -0.0234 0.9786
vn 0.5459 -0.0195 0.8376
vn 0.9787 -0.0011 0.2055
vn -0.5492 -0.0194 -0.8355
vn -0.9793 -0.0152 -0.2019
vn -0.8355 -0.0248 0.5489
vn -0.2049 -0.0379 0.9781
vn 0.5447 -0.0198 0.8384
vn 0.9781 0.0217 0.2071
vn -0.5503 -0.0194 -0.8348
vn -0.9792 -0.0236 -0.2013
vn -0.8349 -0.0456 0.5485
vn -0.2049 -0.0608 0.9769
vn 0.5430 -0.0204 0.8395
vn 0.9759 0.0564 0.2107
vn -0.5506 -0.0194 -0.8345
vn -0.9790 -0.0380 -0.2004
vn -0.8333 -0.0777 0.5474
vn -0.2034 -0.0961 0.9744
vn 0.5401 -0.0219 0.8413
vn 0.9695 0.1103 0.2189
vn -0.5519 -0.0195 -0.8337
vn -0.9779 -0.0608 -0.1999
vn -0.8290 -0.1272 0.5446
vn -0.1979 -0.1516 0.9684
vn 0.5357 -0.0260 0.8440
vn 0.9514 0.1954 0.2382
vn -0.5532 -0.0198 -0.8328
vn -0.9750 -0.0960 -0.2002
vn -0.8181 -0.2048 0.5374
vn -0.1801 -0.2402 0.9539
vn 0.5356 -0.0312 0.8439
vn 0.9101 0.3111 0.2739
vn -0.5548 -0.0204 -0.8317
vn -0.9674 -0.1516 -0.2029
vn -0.7895 -0.3281 0.5187
vn -0.1317 -0.3603 0.9235
vn 0.5421 -0.0334 0.8397
vn 0.8413 0.4311 0.3260
vn -0.5578 -0.0219 -0.8297
vn -0.9470 -0.2402 -0.2135
vn -0.7251 -0.4973 0.4764
vn -0.0467 -0.4812 0.8754
vn 0.5515 -0.0294 0.8337
vn 0.7589 0.5262 0.3835
vn -0.5619 -0.0260 -0.8268
vn -0.8999 -0.3603 -0.2458
vn -0.6178 -0.6735 0.4058
vn 0.0544 -0.5701 0.8198
vn 0.5587 -0.0217 0.8291
vn 0.6870 0.5852 0.4308
vn -0.5618 -0.0312 -0.8267
vn -0.8220 -0.4812 -0.3047
vn -0.4894 -0.8106 0.3215
vn 0.1405 -0.6187 0.7730
vn 0.5628 -0.0142 0.8265
vn 0.6409 0.6150 0.4593
vn -0.0000 1.0000 0.0001
vn 0.1941 -0.6386 0.7446
vn -0.0254 -0.8628 0.5048
vn -0.0254 -0.8628 0.5049
vn -0.3080 -0.9296 0.2024
vn -0.3781 -0.8918 0.2483
vn -0.7308 -0.5701 -0.3754
vn -0.6062 -0.6387 -0.4739
vn -0.0001 1.0000 -0.0000
vn -0.6537 -0.6186 -0.4359
vn -0.5351 -0.0143 -0.8447
vn -0.5391 -0.0217 -0.8420
vn -0.5463 -0.0295 -0.8371
vn -0.1671 0.6151 -0.7705
vn 0.0582 0.8488 -0.5255
vn -0.1226 0.5852 -0.8016
vn 0.3426 0.9121 -0.2251
vn 0.1513 0.9818 -0.1148
vn 0.3029 0.9418 0.1455
vn 0.4108 0.8708 -0.2699
vn -0.5553 -0.0334 -0.8310
vn -0.0506 0.5262 -0.8488
vn 0.5181 0.7847 -0.3403
vn 0.0348 0.4311 -0.9016
vn 0.6405 0.6424 -0.4208
vn 0.1100 0.3110 -0.9440
vn 0.7411 0.4622 -0.4869
vn 0.1591 0.1954 -0.9677
vn 0.7997 0.2906 -0.5254
vn 0.1841 0.1103 -0.9767
vn 0.8242 0.1662 -0.5414
vn 0.1941 0.0563 -0.9794
vn 0.8325 0.0885 -0.5469
vn 0.1983 0.0217 -0.9799
vn 0.8351 0.0390 -0.5486
vn 0.2001 -0.0010 -0.9798
vn 0.8358 0.0065 -0.5490
vn 0.2010 -0.0155 -0.9795
vn 0.8357 -0.0140 -0.5490
vn 0.2019 -0.0236 -0.9791
vn 0.8355 -0.0253 -0.5489
vn 0.2024 -0.0264 -0.9789
vn 0.8354 -0.0293 -0.5488
vn 0.2032 -0.0240 -0.9788
vn 0.2045 -0.0163 -0.9787
vn -0.2171 0.7115 0.6683
vn -0.0000 0.7115 0.7027
vn -0.2172 0.7115 0.6683
vn -0.4130 0.7115 0.5685
vn -0.5685 0.7115 0.4130
vn -0.6683 0.7115 0.2172
vn -0.6683 0.7115 0.2171
vn -0.7027 0.7115 -0.0000
vn -0.6683 0.7115 -0.2171
vn -0.6683 0.7115 -0.2172
vn -0.5685 0.7115 -0.4130
vn -0.4130 0.7115 -0.5685
vn -0.2172 0.7115 -0.6683
vn -0.2171 0.7115 -0.6683
vn -0.0000 0.7115 -0.7027
vn 0.2171 0.7115 -0.6683
vn 0.2172 0.7115 -0.6683
vn 0.4130 0.7115 -0.5685
vn 0.5685 0.7115 -0.4130
vn 0.6683 0.7115 -0.2172
vn 0.6683 0.7115 -0.2171
vn 0.7027 0.7115 -0.0000
vn 0.6683 0.7115 0.2171
vn 0.6683 0.7115 0.2172
vn 0.5685 0.7115 0.4130
vn 0.4130 0.7115 0.5685
vn 0.2172 0.7115 0.6683
vn 0.2171 0.7115 0.6683
vn 0.1059 -0.9380 -0.3301
vn 0.0017 -0.9395 -0.3425
vn -0.0017 -0.9396 -0.3424
vn 0.1087 -0.9379 -0.3293
vn 0.2052 -0.9365 -0.2843
vn 0.2073 -0.9365 -0.2829
vn 0.2858 -0.9353 -0.2086
vn 0.2869 -0.9353 -0.2071
vn 0.3384 -0.9345 -0.1104
vn 0.3387 -0.9345 -0.1095
vn 0.3567 -0.9342 -0.0000
vn 0.3384 -0.9345 0.1104
vn 0.3387 -0.9345 0.1095
vn 0.2856 -0.9353 0.2090
vn 0.2867 -0.9353 0.2075
vn 0.2052 -0.9365 0.2843
vn 0.2073 -0.9365 0.2829
vn 0.1059 -0.9380 0.3301
vn 0.1087 -0.9379 0.3293
vn -0.0013 -0.9396 0.3424
vn 0.0017 -0.9395 0.3425
vn -0.1056 -0.9411 0.3213
vn -0.1030 -0.9410 0.3222
vn -0.1974 -0.9424 0.2700
vn -0.1956 -0.9424 0.2715
vn -0.2687 -0.9434 0.1944
vn -0.2678 -0.9434 0.1957
vn -0.3138 -0.9440 0.1016
vn -0.3135 -0.9440 0.1024
vn -0.3292 -0.9443 -0.0000
vn -0.3138 -0.9440 -0.1016
vn -0.3135 -0.9440 -0.1024
vn -0.2687 -0.9434 -0.1944
vn -0.2678 -0.9434 -0.1957
vn -0.1974 -0.9424 -0.2700
vn -0.1959 -0.9424 -0.2712
vn -0.1056 -0.9411 -0.3213
vn -0.1030 -0.9410 -0.3222
vn -0.3090 -0.0000 0.9511
vn -0.0000 -0.0000 1.0000
vn -0.5878 -0.0000 0.8090
vn -0.8090 -0.0000 0.5878
vn -0.9511 -0.0000 0.3090
vn -1.0000 -0.0000 -0.0000
vn -0.9511 -0.0000 -0.3090
vn -0.8090 -0.0000 -0.5878
vn -0.5878 -0.0000 -0.8090
vn -0.3090 -0.0000 -0.9511
vn -0.0000 -0.0000 -1.0000
vn 0.3090 -0.0000 -0.9511
vn 0.5878 -0.0000 -0.8090
vn 0.8090 -0.0000 -0.5878
vn 0.9511 -0.0000 -0.3090
vn 1.0000 -0.0000 -0.0000
vn 0.9511 -0.0000 0.3090
vn 0.8090 -0.0000 0.5878
vn 0.5878 -0.0000 0.8090
vn 0.3090 -0.0000 0.9511
vn -0.2172 -0.7115 0.6683
vn -0.0000 -0.7115 0.7027
vn -0.4130 -0.7115 0.5685
vn -0.5685 -0.7115 0.4130
vn -0.6683 -0.7115 0.2171
vn -0.6683 -0.7115 0.2172
vn -0.7027 -0.7115 -0.0000
vn -0.6683 -0.7115 -0.2172
vn -0.6683 -0.7115 -0.2171
vn -0.5685 -0.7115 -0.4130
vn -0.4130 -0.7115 -0.5685
vn -0.2171 -0.7115 -0.6683
vn -0.2172 -0.7115 -0.6683
vn -0.0000 -0.7115 -0.7027
vn 0.2172 -0.7115 -0.6683
vn 0.2171 -0.7115 -0.6683
vn 0.4130 -0.7115 -0.5685
vn 0.5685 -0.7115 -0.4130
vn 0.6683 -0.7115 -0.2171
vn 0.6683 -0.7115 -0.2172
vn 0.7027 -0.7115 -0.0000
vn 0.6683 -0.7115 0.2172
vn 0.6683 -0.7115 0.2171
vn 0.5685 -0.7115 0.4130
vn 0.4130 -0.7115 0.5685
vn 0.2171 -0.7115 0.6683
vn 0.2172 -0.7115 0.6683
vn -0.0000 -1.0000 -0.0000
vn -0.2171 -0.7115 0.6683
vn 0.1059 0.9380 -0.3301
vn -0.0013 0.9396 -0.3424
vn 0.0017 0.9395 -0.3425
vn 0.1087 0.9379 -0.3293
vn 0.2052 0.9365 -0.2843
vn 0.2073 0.9365 -0.2829
vn 0.2858 0.9353 -0.2086
vn 0.2869 0.9353 -0.2071
vn 0.3384 0.9345 -0.1104
vn 0.3387 0.9345 -0.1095
vn 0.3567 0.9342 -0.0000
vn 0.3384 0.9345 0.1104
vn 0.3387 0.9345 0.1095
vn 0.2858 0.9353 0.2086
vn 0.2869 0.9353 0.2072
vn 0.2052 0.9365 0.2843
vn 0.2073 0.9365 0.2829
vn 0.1056 0.9380 0.3302
vn 0.1087 0.9379 0.3293
vn -0.0013 0.9396 0.3424
vn 0.0017 0.9395 0.3425
vn -0.1056 0.9411 0.3213
vn -0.1030 0.9410 0.3222
vn -0.1974 0.9424 0.2700
vn -0.1959 0.9424 0.2712
vn -0.2687 0.9434 0.1944
vn -0.2678 0.9434 0.1957
vn -0.3138 0.9440 0.1016
vn -0.3135 0.9440 0.1024
vn -0.3292 0.9443 -0.0000
vn -0.3138 0.9440 -0.1016
vn -0.3135 0.9440 -0.1024
vn -0.2687 0.9434 -0.1944
vn -0.2678 0.9434 -0.1957
vn -0.1974 0.9424 -0.2700
vn -0.1956 0.9424 -0.2715
vn -0.1056 0.9411 -0.3213
vn -0.1036 0.9410 -0.3221
vn -0.0000 1.0000 -0.0000
vn -0.6887 0.6480 0.3253
vn -0.1904 0.9566 -0.2206
vn -0.1960 0.9539 -0.2271
vn -0.6918 0.6474 0.3199
vn -0.7697 -0.0035 0.6384
vn -0.2140 0.9448 -0.2481
vn -0.7700 -0.0020 0.6381
vn -0.4498 -0.6575 0.6044
vn -0.7027 0.6435 0.3036
vn -0.2481 0.9251 -0.2875
vn -0.4468 -0.6551 0.6092
vn 0.1635 -0.9682 0.1895
vn -0.7707 0.0009 0.6372
vn -0.7241 0.6333 0.2731
vn -0.3069 0.8828 -0.3556
vn 0.1692 -0.9659 0.1961
vn 0.6638 -0.6575 -0.3565
vn -0.4360 -0.6484 0.6241
vn -0.7718 0.0045 0.6358
vn -0.7613 0.6101 0.2197
vn -0.4040 0.7858 -0.4683
vn 0.6681 -0.6551 -0.3528
vn 0.7443 -0.0039 -0.6678
vn 0.1873 -0.9580 0.2171
vn -0.4143 -0.6351 0.6520
vn -0.7746 0.0102 0.6323
vn -0.8235 0.5529 0.1266
vn -0.5393 0.5643 -0.6250
vn 0.7439 -0.0020 -0.6683
vn 0.4224 0.6482 -0.6335
vn 0.6813 -0.6483 -0.3399
vn 0.2220 -0.9405 0.2573
vn -0.3767 -0.6075 0.6993
vn -0.7821 0.0186 0.6229
vn -0.9131 0.4076 -0.0125
vn -0.6369 0.2225 -0.7381
vn 0.4177 0.6475 -0.6374
vn 0.7432 0.0009 -0.6690
vn 0.4032 0.6436 -0.6506
vn -0.9810 0.1611 -0.1085
vn -0.6508 -0.0862 -0.7543
vn -0.7983 0.0216 0.6018
vn 0.7056 -0.6351 -0.3143
vn 0.3762 0.6333 -0.6763
vn 0.7420 0.0046 -0.6704
vn -0.9927 -0.0674 -0.1000
vn -0.6346 -0.2375 -0.7354
vn 0.2815 -0.9024 0.3262
vn 0.3288 0.6101 -0.7209
vn 0.7389 0.0102 -0.6737
vn 0.7469 -0.6076 -0.2702
vn -0.3148 -0.5454 0.7768
vn 0.2458 0.5529 -0.7961
vn 0.7307 0.0186 -0.6825
vn 0.8145 -0.5454 -0.1977
vn 0.3799 -0.8135 0.4403
vn -0.2264 -0.4031 0.8867
vn 0.1213 0.4076 -0.9051
vn 0.7123 0.0216 -0.7016
vn 0.9103 -0.4031 -0.0941
vn 0.5212 -0.6029 0.6041
vn -0.8035 0.0018 0.5952
vn 0.0363 0.1611 -0.9863
vn 0.7065 0.0018 -0.7077
vn 0.9847 -0.1741 0.0005
vn 0.6321 -0.2527 0.7325
vn -0.1437 -0.1741 0.9742
vn -0.7814 -0.0194 0.6237
vn 0.0465 -0.0674 -0.9966
vn 0.7315 -0.0194 -0.6816
vn 0.9984 0.0331 0.0460
vn 0.6522 0.0566 0.7559
vn -0.1007 0.0331 0.9944
vn -0.9824 -0.1746 -0.0667
vn -0.6235 -0.2983 -0.7226
vn 0.0779 -0.1746 -0.9816
vn 0.7492 -0.0211 -0.6621
vn 0.9894 0.1362 0.0499
vn 0.6397 0.2030 0.7414
vn -0.0955 0.1362 0.9861
vn -0.9752 -0.2161 -0.0479
vn -0.6205 -0.3128 -0.7191
vn 0.0954 -0.2161 -0.9717
vn 0.7572 -0.0189 -0.6530
vn 0.9825 0.1795 0.0487
vn 0.6302 0.2632 0.7304
vn 0.1025 -0.2252 -0.9689
vn 0.7615 -0.0170 -0.6480
vn 0.9804 0.1905 0.0508
vn 0.1030 -0.2131 -0.9716
vn -0.6239 -0.2964 -0.7231
vn 0.7642 -0.0159 -0.6447
vn 0.0991 -0.1819 -0.9783
vn -0.6321 -0.2524 -0.7326
vn -0.0956 0.1796 0.9791
vn 0.6276 0.2775 0.7274
vn 0.9821 0.1794 0.0568
vn 0.7666 -0.0153 -0.6419
vn 0.0935 -0.1300 -0.9871
vn -0.6428 -0.1784 -0.7450
vn -0.0933 0.1905 0.9772
vn 0.6306 0.2610 0.7309
vn 0.9866 0.1488 0.0668
vn 0.7690 -0.0155 -0.6391
vn 0.0895 -0.0546 -0.9945
vn -0.6517 -0.0704 -0.7552
vn -0.0875 0.1795 0.9799
vn 0.6378 0.2165 0.7392
vn 0.9922 0.0963 0.0786
vn 0.7710 -0.0172 -0.6365
vn 0.0889 0.0355 -0.9954
vn -0.6522 0.0589 -0.7558
vn -0.0784 0.1488 0.9858
vn 0.6466 0.1421 0.7494
vn 0.9959 0.0193 0.0880
vn 0.7697 -0.0197 -0.6382
vn 0.0940 0.1207 -0.9882
vn -0.6425 0.1809 -0.7446
vn -0.0675 0.0964 0.9931
vn 0.6529 0.0340 0.7567
vn 0.9937 -0.0732 0.0855
vn 0.7656 -0.0212 -0.6430
vn 0.1041 0.1909 -0.9761
vn -0.6269 0.2813 -0.7265
vn -0.0588 0.0192 0.9981
vn 0.6503 -0.0949 0.7537
vn 0.9846 -0.1598 0.0704
vn 0.7616 -0.0214 -0.6477
vn 0.1159 0.2460 -0.9623
vn -0.6095 0.3600 -0.7064
vn -0.0610 -0.0732 0.9955
vn 0.6378 -0.2165 0.7392
vn 0.9719 -0.2300 0.0500
vn 0.7583 -0.0207 -0.6516
vn 0.1273 0.2876 -0.9492
vn -0.5930 0.4196 -0.6872
vn -0.0746 -0.1598 0.9843
vn 0.6197 -0.3164 0.7182
vn 0.9584 -0.2840 0.0290
vn 0.7556 -0.0195 -0.6548
vn 0.1372 0.3184 -0.9380
vn -0.5788 0.4636 -0.6708
vn -0.0929 -0.2300 0.9688
vn 0.6003 -0.3945 0.6957
vn 0.9459 -0.3243 0.0099
vn 0.7536 -0.0184 -0.6570
vn 0.1450 0.3403 -0.9291
vn -0.5677 0.4949 -0.6579
vn -0.1117 -0.2840 0.9523
vn 0.5822 -0.4535 0.6748
vn 0.9354 -0.3535 -0.0061
vn 0.7522 -0.0173 -0.6587
vn 0.1503 0.3550 -0.9227
vn -0.5597 0.5157 -0.6487
vn -0.1288 -0.3242 0.9372
vn 0.5670 -0.4968 0.6571
vn 0.9272 -0.3741 -0.0184
vn 0.7511 -0.0164 -0.6599
vn 0.1533 0.3635 -0.9189
vn -0.5549 0.5277 -0.6431
vn 0.1018 0.3422 -0.9341
vn -0.3925 0.5675 -0.7238
vn 0.4018 0.1914 -0.8955
vn 0.7500 -0.0154 -0.6612
vn 0.8936 -0.3976 -0.2081
vn 0.9180 -0.3952 -0.0329
vn 0.5118 -0.5433 0.6654
vn 0.9214 -0.3876 -0.0275
vn 0.5412 -0.5600 0.6272
vn -0.2834 -0.3883 0.8769
vn 0.5464 -0.5483 0.6331
vn -0.1670 -0.3952 0.9033
vn -0.9980 -0.0540 0.0327
vn 0.5549 -0.5276 0.6432
vn -0.1620 -0.3876 0.9075
vn -0.7639 -0.0154 0.6452
vn -0.7289 0.5495 -0.4083
vn -0.1541 -0.3741 0.9145
vn -0.7629 -0.0164 0.6464
vn -0.9314 0.3635 0.0170
vn -0.9348 0.3550 0.0135
vn -0.1430 -0.3535 0.9244
vn -0.7617 -0.0174 0.6477
vn -0.9403 0.3403 0.0073
vn -0.7603 -0.0184 0.6493
vn -0.9480 0.3184 -0.0016
vn -0.7584 -0.0195 0.6516
vn -0.9576 0.2877 -0.0130
vn -0.7557 -0.0207 0.6546
vn -0.9689 0.2460 -0.0263
vn -0.7522 -0.0214 0.6586
vn -0.9808 0.1909 -0.0400
vn -0.7482 -0.0212 0.6632
vn -0.9913 0.1207 -0.0517
vn -0.7440 -0.0197 0.6679
vn -0.9977 0.0355 -0.0578
vn -0.7426 -0.0172 0.6695
vn -0.9969 -0.0546 -0.0571
vn -0.7448 -0.0155 0.6671
vn -0.9901 -0.1300 -0.0520
vn -0.7472 -0.0153 0.6644
vn -0.9823 -0.1820 -0.0452
vn -0.7497 -0.0159 0.6616
vn -0.9762 -0.2131 -0.0404
vn -0.7525 -0.0171 0.6584
vn -0.9735 -0.2252 -0.0405
vn -0.7568 -0.0189 0.6534
vn -0.7646 -0.0211 0.6441
vn 0.7361 0.6765 -0.0230
vn 0.9953 0.0036 -0.0970
vn 0.9953 0.0069 -0.0969
vn 0.7330 0.6793 -0.0350
vn 0.0045 0.9983 0.0586
vn 0.9952 0.0134 -0.0973
vn 0.0031 0.9992 0.0401
vn -0.7307 0.6768 0.0897
vn 0.7259 0.6836 -0.0761
vn 0.9947 0.0224 -0.1005
vn -0.7299 0.6792 0.0774
vn -0.9984 0.0035 0.0562
vn -0.0016 0.9998 -0.0209
vn 0.7128 0.6829 -0.1600
vn 0.9932 0.0339 -0.1113
vn -0.9984 0.0070 0.0563
vn -0.7410 -0.6712 -0.0196
vn -0.7290 0.6835 0.0357
vn -0.0110 0.9897 -0.1428
vn 0.6889 0.6559 -0.3085
vn 0.9913 0.0346 -0.1272
vn -0.7422 -0.6701 -0.0073
vn -0.0079 -0.9946 -0.1034
vn -0.9984 0.0134 0.0558
vn -0.7288 0.6829 -0.0493
vn -0.0271 0.9351 -0.3533
vn 0.6603 0.5619 -0.4983
vn 0.9908 0.0159 -0.1343
vn -0.0066 -0.9963 -0.0854
vn 0.7293 -0.6712 -0.1326
vn -0.7431 -0.6683 0.0336
vn -0.9984 0.0224 0.0526
vn -0.7279 0.6560 -0.1997
vn -0.0471 0.7875 -0.6145
vn 0.6383 0.3881 -0.6648
vn 0.9911 -0.0024 -0.1332
vn 0.7324 -0.6702 -0.1205
vn -0.0020 -0.9997 -0.0254
vn 0.7395 -0.6684 -0.0803
vn 0.6263 0.1943 -0.7550
vn 0.9918 -0.0176 -0.1266
vn -0.0644 0.5403 -0.8390
vn -0.7425 -0.6601 0.1142
vn 0.7512 -0.6601 -0.0006
vn 0.0073 -0.9954 0.0955
vn 0.6236 -0.0023 -0.7818
vn 0.9930 -0.0283 -0.1148
vn -0.9986 0.0339 0.0417
vn 0.7684 -0.6253 0.1362
vn 0.0235 -0.9518 0.3059
vn -0.7385 -0.6253 0.2520
vn -0.7286 0.5619 -0.3916
vn 0.7830 -0.5364 0.3149
vn 0.0444 -0.8148 0.5781
vn -0.7257 -0.5364 0.4308
vn -0.9991 0.0346 0.0257
vn -0.7324 0.3881 -0.5595
vn 0.7848 -0.3867 0.4843
vn 0.0628 -0.5722 0.8177
vn -0.7016 -0.3867 0.5985
vn -0.9997 0.0159 0.0186
vn -0.0737 0.2724 -0.9593
vn 0.7834 -0.2143 0.5834
vn 0.0729 -0.3081 0.9486
vn -0.6850 -0.2143 0.6963
vn -0.9998 -0.0024 0.0198
vn -0.7342 0.1943 -0.6505
vn -0.0766 0.0037 -0.9971
vn 0.7816 -0.0335 0.6229
vn 0.0765 -0.0404 0.9963
vn -0.6773 -0.0335 0.7350
vn -0.9995 -0.0176 0.0264
vn -0.7357 -0.0023 -0.6773
vn 0.6304 -0.1853 -0.7538
vn 0.9945 -0.0326 -0.0997
vn 0.7794 0.1390 0.6108
vn 0.0749 0.2122 0.9743
vn -0.6770 0.1390 0.7227
vn -0.9989 -0.0283 0.0382
vn -0.7382 -0.1853 -0.6487
vn 0.6446 -0.3366 -0.6865
vn 0.9962 -0.0281 -0.0823
vn 0.7763 0.2869 0.5613
vn 0.0692 0.4285 0.9009
vn -0.6814 0.2869 0.6733
vn -0.9980 -0.0326 0.0533
vn 0.7697 0.3928 0.5033
vn 0.0623 0.5809 0.8116
vn -0.6837 0.3928 0.6150
vn 0.7636 0.4508 0.4623
vn 0.9973 -0.0206 -0.0699
vn 0.0574 0.6621 0.7473
vn 0.7596 0.4757 0.4435
vn 0.9978 -0.0152 -0.0638
vn -0.7419 -0.3366 -0.5799
vn -0.9971 -0.0281 0.0708
vn -0.6840 0.4508 0.5735
vn 0.0551 0.6954 0.7165
vn 0.7569 0.4793 0.4444
vn 0.9982 -0.0110 -0.0595
vn -0.7476 -0.4371 -0.5000
vn -0.9963 -0.0206 0.0832
vn -0.6831 0.4756 0.5543
vn 0.0549 0.6970 0.7150
vn 0.7541 0.4625 0.4664
vn 0.9984 -0.0072 -0.0552
vn -0.7528 -0.4868 -0.4431
vn -0.9959 -0.0151 0.0896
vn -0.6804 0.4788 0.5549
vn 0.0569 0.6687 0.7413
vn 0.7493 0.4145 0.5165
vn 0.9989 -0.0028 -0.0475
vn -0.7560 -0.5053 -0.4161
vn -0.9956 -0.0113 0.0934
vn -0.6740 0.4625 0.5761
vn 0.0617 0.5931 0.8028
vn 0.7395 0.2989 0.6032
vn 0.9996 -0.0001 -0.0299
vn -0.7586 -0.5045 -0.4124
vn -0.9952 -0.0072 0.0979
vn -0.6616 0.4145 0.6249
vn 0.0695 0.4210 0.9044
vn 0.7317 0.0794 0.6770
vn 0.9998 -0.0107 -0.0161
vn -0.7622 -0.4843 -0.4296
vn -0.9944 -0.0028 0.1057
vn -0.6387 0.2990 0.7090
vn 0.0761 0.1146 0.9905
vn 0.7375 -0.1626 0.6555
vn 0.9990 -0.0261 -0.0375
vn -0.7678 -0.4330 -0.4722
vn -0.9924 -0.0001 0.1231
vn -0.6197 0.0794 0.7808
vn 0.0748 -0.2171 0.9733
vn 0.7470 -0.3167 0.5845
vn 0.9977 -0.0271 -0.0629
vn -0.7773 -0.3171 -0.5435
vn -0.9905 -0.0107 0.1368
vn -0.6287 -0.1627 0.7604
vn 0.0689 -0.4368 0.8969
vn 0.7523 -0.3969 0.5258
vn 0.9968 -0.0230 -0.0766
vn -0.7856 -0.1084 -0.6092
vn -0.9930 -0.0260 0.1155
vn -0.6490 -0.3167 0.6918
vn 0.0636 -0.5569 0.8281
vn 0.7548 -0.4396 0.4867
vn 0.9963 -0.0194 -0.0834
vn -0.7783 0.1189 -0.6166
vn -0.9956 -0.0270 0.0902
vn -0.6632 -0.3969 0.6346
vn 0.0599 -0.6227 0.7802
vn 0.7562 -0.4630 0.4624
vn 0.9961 -0.0169 -0.0871
vn -0.7705 0.2719 -0.5766
vn -0.9968 -0.0230 0.0766
vn -0.6716 -0.4396 0.5963
vn 0.0576 -0.6594 0.7496
vn 0.7572 -0.4746 0.4488
vn 0.9959 -0.0151 -0.0893
vn 0.8287 -0.5243 0.1958
vn 0.7218 0.0998 -0.6849
vn 0.0326 -0.6036 0.7967
vn 0.0563 -0.6782 0.7327
vn -0.5882 -0.4461 0.6746
vn -0.6797 -0.4747 0.5592
vn -0.9963 -0.0192 0.0843
vn -0.6767 -0.4630 0.5725
vn -0.9978 -0.0151 0.0639
vn -0.7095 0.5120 -0.4841
vn -0.9977 -0.0168 0.0659
vn -0.7598 0.4440 -0.4750
vn -0.0196 0.6938 -0.7199
vn -0.9974 -0.0195 0.0698
vn -0.7609 0.4303 -0.4856
vn -0.0584 0.6474 -0.7599
vn 0.6346 0.4792 -0.6064
vn -0.7628 0.4038 -0.5051
vn -0.0596 0.6281 -0.7759
vn 0.6782 0.4441 -0.5855
vn 0.6778 0.4303 -0.5962
vn -0.7657 0.3569 -0.5352
vn -0.0618 0.5905 -0.8047
vn 0.6767 0.4039 -0.6156
vn -0.0653 0.5233 -0.8496
vn 0.6749 0.3569 -0.6458
vn -0.0702 0.4019 -0.9130
vn 0.6734 0.2719 -0.6875
vn -0.0754 0.1818 -0.9804
vn 0.6750 0.1189 -0.7282
vn -0.0759 -0.1514 -0.9856
vn 0.6834 -0.1084 -0.7220
vn -0.0681 -0.4579 -0.8864
vn 0.6851 -0.3170 -0.6558
vn -0.0597 -0.6259 -0.7776
vn 0.6866 -0.4330 -0.5840
vn -0.0548 -0.6991 -0.7130
vn 0.6877 -0.4843 -0.5409
vn -0.0526 -0.7265 -0.6851
vn 0.6867 -0.5044 -0.5235
vn -0.0528 -0.7247 -0.6871
vn 0.6835 -0.5053 -0.5268
vn -0.0553 -0.6921 -0.7197
vn 0.6763 -0.4868 -0.5528
vn -0.0606 -0.6120 -0.7885
vn 0.6625 -0.4371 -0.6083
vn -0.0679 -0.4618 -0.8844
vn -0.0742 -0.2480 -0.9659
vn 0.0587 0.9983 -0.0000
vn 0.0335 0.6765 -0.7357
vn 0.0212 0.6792 -0.7336
vn 0.0402 0.9992 -0.0000
vn 0.0335 0.6766 0.7356
vn -0.0203 0.6836 -0.7296
vn 0.0213 0.6793 0.7335
vn -0.0205 0.0037 0.9998
vn -0.0209 0.9998 -0.0000
vn -0.1049 0.6829 -0.7229
vn -0.0203 0.0069 0.9998
vn -0.0763 -0.6711 0.7374
vn -0.0203 0.6835 0.7296
vn -0.1432 0.9897 -0.0000
vn -0.2548 0.6560 -0.7105
vn -0.0641 -0.6702 0.7394
vn -0.1037 -0.9946 -0.0000
vn -0.0208 0.0134 0.9997
vn -0.1049 0.6829 0.7229
vn -0.3542 0.9352 -0.0000
vn -0.4463 0.5619 -0.6965
vn -0.0858 -0.9963 -0.0000
vn -0.0763 -0.6711 -0.7374
vn -0.0235 -0.6684 0.7435
vn -0.0240 0.0224 0.9995
vn -0.2548 0.6560 0.7105
vn -0.6163 0.7875 -0.0001
vn -0.6139 0.3881 -0.6873
vn -0.0641 -0.6702 -0.7394
vn -0.0205 0.0037 -0.9998
vn -0.0253 -0.9997 -0.0000
vn 0.0570 -0.6601 0.7490
vn -0.0349 0.0339 0.9988
vn -0.4463 0.5619 0.6965
vn -0.8414 0.5403 -0.0000
vn -0.7048 0.1943 -0.6823
vn -0.0204 0.0069 -0.9998
vn -0.0235 -0.6684 -0.7435
vn -0.0208 0.0134 -0.9997
vn -0.9622 0.2724 -0.0000
vn -0.7317 -0.0023 -0.6816
vn -0.6139 0.3881 0.6873
vn 0.0959 -0.9954 -0.0000
vn -0.0240 0.0225 -0.9995
vn 0.0570 -0.6601 -0.7491
vn -1.0000 0.0037 -0.0000
vn -0.7033 -0.1853 -0.6863
vn 0.1947 -0.6253 0.7557
vn -0.0349 0.0339 -0.9988
vn 0.1946 -0.6253 -0.7557
vn 0.3068 -0.9518 -0.0000
vn -0.0509 0.0346 0.9981
vn -0.0509 0.0346 -0.9981
vn 0.3739 -0.5364 -0.7566
vn 0.5798 -0.8148 -0.0000
vn 0.3739 -0.5364 0.7566
vn -0.0580 0.0159 0.9982
vn -0.0580 0.0159 -0.9982
vn 0.5430 -0.3867 -0.7454
vn 0.8201 -0.5722 -0.0000
vn 0.5430 -0.3867 0.7454
vn -0.7048 0.1943 0.6822
vn -0.0569 -0.0024 -0.9984
vn 0.6417 -0.2143 -0.7364
vn 0.9513 -0.3082 -0.0000
vn 0.6418 -0.2143 0.7364
vn -0.0568 -0.0024 0.9984
vn -0.7317 -0.0024 0.6816
vn -0.0502 -0.0176 -0.9986
vn 0.6810 -0.0335 -0.7316
vn 0.9992 -0.0403 -0.0000
vn 0.6810 -0.0335 0.7316
vn -0.0502 -0.0176 0.9986
vn -0.9688 -0.2480 -0.0000
vn -0.6350 -0.3366 -0.6953
vn -0.0384 -0.0283 -0.9989
vn 0.6688 0.1390 -0.7304
vn 0.9772 0.2122 -0.0000
vn 0.6687 0.1390 0.7304
vn -0.0384 -0.0283 0.9989
vn -0.8870 -0.4618 -0.0000
vn -0.5558 -0.4371 -0.7071
vn -0.0233 -0.0326 -0.9992
vn 0.6192 0.2869 -0.7310
vn 0.9036 0.4285 -0.0000
vn 0.6192 0.2869 0.7310
vn -0.0058 -0.0281 -0.9996
vn 0.5608 0.3928 -0.7289
vn 0.8140 0.5809 -0.0000
vn 0.0067 -0.0206 -0.9998
vn -0.4994 -0.4868 -0.7167
vn 0.5194 0.4508 -0.7259
vn 0.0128 -0.0152 -0.9998
vn -0.4729 -0.5054 -0.7218
vn -0.0233 -0.0326 0.9992
vn 0.5608 0.3928 0.7288
vn 0.7495 0.6621 -0.0000
vn 0.5004 0.4756 -0.7235
vn 0.0168 -0.0112 -0.9998
vn -0.4689 -0.5046 -0.7249
vn -0.0057 -0.0281 0.9996
vn 0.5194 0.4508 0.7259
vn 0.7186 0.6954 -0.0000
vn 0.5011 0.4788 -0.7209
vn 0.0214 -0.0072 -0.9997
vn -0.4867 -0.4843 -0.7271
vn 0.0067 -0.0206 0.9998
vn 0.5004 0.4756 0.7234
vn 0.7171 0.6970 -0.0000
vn 0.5228 0.4625 -0.7161
vn 0.0292 -0.0028 -0.9996
vn -0.5297 -0.4330 -0.7293
vn 0.0129 -0.0152 0.9998
vn 0.5011 0.4791 0.7207
vn 0.7434 0.6688 -0.0000
vn 0.5724 0.4145 -0.7075
vn 0.0467 -0.0001 -0.9989
vn -0.6014 -0.3170 -0.7334
vn 0.0169 -0.0113 0.9998
vn 0.5228 0.4625 0.7161
vn 0.8051 0.5931 -0.0000
vn 0.6580 0.2989 -0.6911
vn 0.0605 -0.0107 -0.9981
vn -0.6675 -0.1084 -0.7367
vn 0.0215 -0.0071 0.9997
vn 0.5724 0.4145 0.7075
vn 0.9070 0.4210 -0.0000
vn 0.7310 0.0794 -0.6777
vn 0.0391 -0.0260 -0.9989
vn -0.6744 0.1190 -0.7288
vn 0.0292 -0.0028 0.9996
vn 0.6580 0.2990 0.6911
vn 0.9934 0.1146 -0.0000
vn 0.7101 -0.1626 -0.6851
vn 0.0137 -0.0271 -0.9995
vn -0.6339 0.2719 -0.7240
vn 0.0467 -0.0001 0.9989
vn 0.7310 0.0794 0.6777
vn 0.9762 -0.2171 -0.0000
vn 0.6400 -0.3167 -0.7001
vn -0.0000 -0.0230 -0.9997
vn -0.5922 0.3568 -0.7224
vn 0.0605 -0.0107 0.9981
vn 0.7100 -0.1627 0.6851
vn 0.8996 -0.4368 -0.0000
vn 0.5819 -0.3969 -0.7098
vn -0.0068 -0.0194 -0.9998
vn -0.5620 0.4039 -0.7218
vn 0.0391 -0.0260 0.9989
vn 0.6400 -0.3166 0.7001
vn 0.8306 -0.5569 -0.0000
vn 0.5431 -0.4396 -0.7154
vn -0.0106 -0.0168 -0.9998
vn -0.5425 0.4303 -0.7215
vn 0.0137 -0.0271 0.9995
vn 0.5819 -0.3969 0.7098
vn 0.7824 -0.6227 -0.0000
vn 0.5190 -0.4630 -0.7185
vn -0.0128 -0.0151 -0.9998
vn -0.5318 0.4441 -0.7211
vn 0.3141 -0.3448 -0.8846
vn -0.4784 0.4130 -0.7750
vn 0.5810 -0.5989 -0.5511
vn 0.5055 -0.4747 -0.7205
vn 0.6090 -0.5734 0.5480
vn 0.7348 -0.6782 0.0001
vn 0.1242 -0.1095 0.9862
vn 0.7518 -0.6594 -0.0000
vn 0.5054 -0.4746 0.7206
vn -0.6182 -0.1760 0.7661
vn 0.5190 -0.4630 0.7185
vn -0.0128 -0.0151 0.9998
vn -0.6105 0.7136 -0.3437
vn 0.5431 -0.4396 0.7154
vn -0.0106 -0.0169 0.9998
vn -0.5318 0.4441 0.7210
vn -0.6739 0.5627 -0.4787
vn -0.0068 -0.0194 0.9998
vn -0.5425 0.4303 0.7215
vn -0.7621 0.6475 0.0001
vn -0.7781 0.6281 -0.0001
vn -0.0000 -0.0230 0.9997
vn -0.5620 0.4039 0.7218
vn -0.8071 0.5905 -0.0000
vn -0.5923 0.3568 0.7224
vn -0.8521 0.5233 -0.0000
vn -0.6339 0.2719 0.7241
vn -0.9157 0.4019 -0.0000
vn -0.6744 0.1189 0.7288
vn -0.9833 0.1818 -0.0000
vn -0.6675 -0.1084 0.7367
vn -0.9885 -0.1514 -0.0000
vn -0.6014 -0.3171 0.7334
vn -0.8890 -0.4579 -0.0000
vn -0.5297 -0.4330 0.7294
vn -0.7799 -0.6259 -0.0000
vn -0.4867 -0.4843 0.7270
vn -0.7150 -0.6991 -0.0000
vn -0.4693 -0.5045 0.7248
vn -0.6872 -0.7265 -0.0000
vn -0.4729 -0.5054 0.7218
vn -0.6895 -0.7243 -0.0000
vn -0.4994 -0.4868 0.7167
vn -0.7218 -0.6921 -0.0000
vn -0.5558 -0.4371 0.7071
vn -0.7908 -0.6120 -0.0000
vn -0.6350 -0.3366 0.6953
vn -0.7033 -0.1853 0.6863
vn 0.1518 0.4590 0.8754
vn -0.5187 0.6684 0.5331
vn -0.5283 0.6529 0.5429
vn 0.1417 0.4504 0.8815
vn 0.7025 -0.0143 0.7116
vn -0.5583 0.5992 0.5738
vn 0.7003 -0.0116 0.7138
vn 0.8564 -0.4915 0.1580
vn 0.1116 0.4170 0.9020
vn -0.6124 0.4783 0.6294
vn 0.8635 -0.4804 0.1534
vn 0.4944 -0.7052 -0.5082
vn 0.6953 -0.0071 0.7187
vn 0.0572 0.3375 0.9396
vn -0.6769 0.2405 0.6957
vn 0.5044 -0.6905 -0.5184
vn -0.1816 -0.4915 -0.8518
vn 0.8862 -0.4434 0.1342
vn 0.6858 -0.0033 0.7278
vn -0.0125 0.1704 0.9853
vn -0.6955 -0.0732 0.7148
vn -0.1769 -0.4804 -0.8590
vn -0.7305 -0.0143 -0.6827
vn 0.5362 -0.6393 -0.5511
vn 0.9267 -0.3628 0.0982
vn 0.6701 -0.0081 0.7422
vn -0.0300 -0.0592 0.9978
vn -0.6559 -0.3398 0.6741
vn -0.7327 -0.0117 -0.6805
vn -0.8792 0.4590 -0.1278
vn -0.1585 -0.4434 -0.8822
vn 0.5940 -0.5239 -0.6105
vn 0.9774 -0.2040 0.0549
vn 0.6714 -0.0244 0.7407
vn 0.0266 -0.2506 0.9677
vn -0.6237 -0.4472 0.6411
vn -0.8851 0.4504 -0.1175
vn -0.7375 -0.0071 -0.6753
vn -0.9048 0.4170 -0.0869
vn 0.0695 -0.3218 0.9443
vn -0.6166 -0.4671 0.6337
vn 0.7007 -0.0310 0.7127
vn -0.1236 -0.3628 -0.9236
vn -0.9408 0.3374 -0.0315
vn -0.7463 -0.0033 -0.6656
vn 0.0840 -0.3327 0.9393
vn -0.6292 -0.4312 0.6467
vn 0.6669 -0.2921 -0.6855
vn -0.9846 0.1704 0.0394
vn -0.7603 -0.0081 -0.6495
vn -0.0817 -0.2040 -0.9756
vn 0.9994 0.0133 0.0320
vn -0.9966 -0.0592 0.0573
vn -0.7588 -0.0244 -0.6508
vn -0.0594 0.0133 -0.9981
vn 0.6970 0.0304 -0.7164
vn 0.9793 0.1995 0.0332
vn -0.9681 -0.2506 -0.0001
vn -0.7316 -0.0310 -0.6810
vn -0.0600 0.1995 -0.9781
vn 0.6651 0.3002 -0.6837
vn 0.7180 -0.0249 0.6956
vn -0.9458 -0.3218 -0.0436
vn -0.7150 -0.0249 -0.6987
vn -0.0673 0.2755 -0.9589
vn 0.6377 0.4046 -0.6555
vn 0.9604 0.2755 0.0411
vn 0.7262 -0.0196 0.6872
vn -0.9411 -0.3329 -0.0583
vn -0.7069 -0.0195 -0.7071
vn -0.0641 0.2917 -0.9544
vn 0.6316 0.4240 -0.6491
vn 0.9558 0.2916 0.0379
vn 0.0800 -0.3061 0.9486
vn -0.6551 -0.3427 0.6733
vn -0.9505 -0.3061 -0.0540
vn -0.7013 -0.0162 -0.7127
vn -0.0484 0.2680 -0.9622
vn 0.6430 0.3871 -0.6608
vn 0.9632 0.2680 0.0220
vn 0.0649 -0.2441 0.9676
vn -0.6835 -0.1986 0.7025
vn -0.9690 -0.2441 -0.0383
vn -0.6965 -0.0153 -0.7174
vn -0.0235 0.2062 -0.9782
vn 0.6658 0.2973 -0.6843
vn -0.9893 -0.1443 -0.0198
vn -0.6927 -0.0178 -0.7210
vn 0.0013 0.1035 -0.9946
vn -0.9997 -0.0227 -0.0070
vn -0.6972 -0.0225 0.7165
vn -0.6957 -0.0229 -0.7179
vn -0.9964 0.0851 -0.0054
vn -0.6912 0.1322 0.7104
vn 0.9785 0.2062 -0.0033
vn 0.6892 0.1525 -0.7083
vn 0.0073 -0.0230 -0.9997
vn -0.7045 -0.0260 -0.7092
vn -0.9865 0.1631 -0.0127
vn -0.6764 0.2433 0.6952
vn 0.9942 0.1035 -0.0286
vn 0.6972 -0.0231 -0.7165
vn -0.0084 -0.1338 -0.9910
vn -0.7116 -0.0260 -0.7021
vn -0.9759 0.2172 -0.0223
vn -0.6607 0.3201 0.6790
vn 0.9991 -0.0230 -0.0346
vn 0.6863 -0.1777 -0.7053
vn -0.0294 -0.2117 -0.9769
vn -0.7164 -0.0249 -0.6972
vn -0.9666 0.2543 -0.0312
vn -0.6471 0.3728 0.6651
vn 0.9908 -0.1338 -0.0188
vn 0.6677 -0.2883 -0.6863
vn -0.0483 -0.2643 -0.9632
vn -0.7197 -0.0236 -0.6939
vn -0.9594 0.2795 -0.0383
vn -0.6365 0.4085 0.6542
vn 0.9773 -0.2116 0.0025
vn 0.6494 -0.3645 -0.6674
vn -0.0636 -0.2999 -0.9518
vn -0.7219 -0.0225 -0.6916
vn -0.9543 0.2957 -0.0431
vn -0.6291 0.4314 0.6466
vn 0.9642 -0.2644 0.0219
vn 0.6340 -0.4166 -0.6516
vn -0.0750 -0.3236 -0.9432
vn -0.7236 -0.0214 -0.6898
vn -0.9513 0.3049 -0.0458
vn -0.6247 0.4443 0.6421
vn -0.9514 0.2754 -0.1375
vn -0.7922 0.5999 0.1121
vn -0.9695 -0.2401 -0.0483
vn -0.7244 -0.0208 -0.6891
vn -0.0034 -0.5745 -0.8185
vn -0.0879 -0.3471 -0.9337
vn 0.6097 -0.4702 -0.6381
vn -0.0829 -0.3388 -0.9372
vn 0.6091 -0.4871 -0.6259
vn 0.9239 -0.3804 -0.0413
vn 0.6139 -0.4744 -0.6309
vn 0.9358 -0.3471 0.0623
vn 0.3645 0.0341 0.9306
vn 0.6221 -0.4518 -0.6394
vn 0.9391 -0.3388 0.0572
vn 0.7084 -0.0206 0.7055
vn -0.7903 0.0560 0.6102
vn 0.9449 -0.3236 0.0491
vn 0.7094 -0.0214 0.7045
vn 0.0718 0.3049 0.9497
vn 0.0693 0.2957 0.9528
vn 0.9532 -0.2999 0.0375
vn 0.7112 -0.0225 0.7026
vn 0.0645 0.2794 0.9580
vn 0.7133 -0.0236 0.7004
vn 0.0577 0.2543 0.9654
vn 0.7166 -0.0250 0.6971
vn 0.0491 0.2171 0.9749
vn 0.7213 -0.0260 0.6921
vn 0.0397 0.1630 0.9858
vn 0.7282 -0.0260 0.6849
vn 0.0327 0.0851 0.9958
vn 0.7367 -0.0229 0.6758
vn 0.0344 -0.0227 0.9992
vn 0.7398 -0.0178 0.6726
vn 0.0468 -0.1443 0.9884
vn 0.7362 -0.0153 0.6766
vn 0.7316 -0.0162 0.6816
vn 0.3081 0.6768 -0.6686
vn -0.0522 0.9983 -0.0270
vn -0.0357 0.9992 -0.0185
vn 0.3182 0.6792 -0.6614
vn 0.4775 0.0035 -0.8786
vn 0.0189 0.9998 0.0098
vn 0.4774 0.0070 -0.8787
vn 0.4066 -0.6712 -0.6199
vn 0.3532 0.6835 -0.6387
vn 0.1272 0.9897 0.0658
vn 0.3967 -0.6702 -0.6273
vn 0.0921 -0.9946 0.0477
vn 0.4778 0.0134 -0.8784
vn 0.4253 0.6829 -0.5939
vn 0.3147 0.9351 0.1628
vn 0.0762 -0.9963 0.0394
vn -0.2710 -0.6710 0.6901
vn 0.3624 -0.6684 -0.6496
vn 0.4805 0.0224 -0.8767
vn 0.5528 0.6560 -0.5140
vn 0.5474 0.7875 0.2832
vn -0.2828 -0.6702 0.6862
vn -0.4412 0.0036 0.8974
vn 0.0227 -0.9997 0.0117
vn 0.2935 -0.6601 -0.6915
vn 0.4899 0.0339 -0.8711
vn 0.7164 0.5619 -0.4136
vn 0.7474 0.5403 0.3866
vn -0.4413 0.0069 0.8974
vn -0.3677 0.6767 0.6379
vn -0.3207 -0.6684 0.6711
vn -0.0852 -0.9954 -0.0441
vn 0.1743 -0.6253 -0.7606
vn 0.5038 0.0346 -0.8631
vn 0.8611 0.3881 -0.3284
vn 0.8546 0.2724 0.4421
vn -0.3559 0.6793 0.6418
vn -0.4408 0.0134 0.8975
vn -0.3172 0.6836 0.6574
vn 0.9395 0.1943 -0.2821
vn 0.8882 0.0037 0.4594
vn 0.5101 0.0159 -0.8599
vn -0.3947 -0.6601 0.6391
vn -0.2389 0.6829 0.6903
vn -0.4379 0.0224 0.8988
vn 0.9631 -0.0024 -0.2692
vn 0.8605 -0.2480 0.4451
vn -0.2725 -0.9518 -0.1410
vn -0.1001 0.6559 0.7481
vn -0.4279 0.0339 0.9032
vn -0.5201 -0.6253 0.5818
vn 0.0155 -0.5364 -0.8438
vn 0.0764 0.5619 0.8237
vn -0.4134 0.0346 0.9099
vn -0.6797 -0.5364 0.5002
vn -0.5150 -0.8148 -0.2664
vn -0.1399 -0.3867 -0.9116
vn 0.2295 0.3881 0.8926
vn -0.4071 0.0159 0.9133
vn -0.8248 -0.3867 0.4126
vn -0.7285 -0.5721 -0.3768
vn 0.5092 -0.0024 -0.8607
vn 0.3126 0.1943 0.9298
vn -0.4082 -0.0024 0.9129
vn -0.9083 -0.2143 0.3592
vn -0.8450 -0.3081 -0.4371
vn -0.2317 -0.2143 -0.9489
vn 0.5034 -0.0176 -0.8639
vn 0.3368 -0.0023 0.9416
vn -0.4142 -0.0176 0.9100
vn -0.9409 -0.0335 0.3370
vn -0.8875 -0.0403 -0.4591
vn -0.2687 -0.0335 -0.9626
vn 0.9400 -0.1853 -0.2864
vn 0.7878 -0.4618 0.4075
vn 0.3094 -0.1853 0.9327
vn -0.4248 -0.0283 0.9048
vn -0.9296 0.1390 0.3415
vn -0.8680 0.2122 -0.4490
vn -0.2584 0.1390 -0.9560
vn 0.8835 -0.3366 -0.3257
vn 0.7025 -0.6120 0.3634
vn 0.2447 -0.3366 0.9093
vn -0.4384 -0.0326 0.8982
vn -0.8858 0.2869 0.3648
vn -0.8026 0.4284 -0.4151
vn 0.1688 -0.4371 0.8834
vn -0.4541 -0.0281 0.8905
vn -0.8330 0.3928 0.3897
vn 0.1143 -0.4868 0.8660
vn 0.6411 -0.6921 0.3316
vn -0.4653 -0.0206 0.8849
vn 0.0883 -0.5053 0.8584
vn 0.6124 -0.7242 0.3168
vn -0.2141 0.2869 -0.9337
vn -0.7230 0.5809 -0.3740
vn -0.7949 0.4508 0.4061
vn -0.4708 -0.0152 0.8821
vn 0.0835 -0.5045 0.8593
vn 0.6107 -0.7262 0.3159
vn -0.1633 0.3928 -0.9050
vn -0.6657 0.6621 -0.3443
vn -0.7768 0.4755 0.4128
vn -0.4746 -0.0110 0.8801
vn 0.0982 -0.4843 0.8694
vn 0.6351 -0.6992 0.3285
vn -0.1279 0.4508 -0.8834
vn -0.6383 0.6954 -0.3301
vn -0.7763 0.4788 0.4100
vn -0.4783 -0.0072 0.8781
vn 0.1354 -0.4330 0.8912
vn 0.6927 -0.6259 0.3583
vn -0.1120 0.4756 -0.8725
vn -0.6367 0.6972 -0.3294
vn -0.7933 0.4625 0.3959
vn -0.4852 -0.0027 0.8744
vn 0.1972 -0.3170 0.9277
vn 0.7896 -0.4579 0.4084
vn -0.1139 0.4788 -0.8705
vn -0.6603 0.6688 -0.3416
vn -0.8334 0.4145 0.3654
vn -0.5004 -0.0001 0.8658
vn 0.2545 -0.1084 0.9610
vn 0.8780 -0.1514 0.4542
vn -0.1353 0.4625 -0.8762
vn -0.7151 0.5931 -0.3699
vn -0.9020 0.2990 0.3115
vn -0.5123 -0.0107 0.8587
vn 0.2641 0.1189 0.9571
vn 0.8734 0.1818 0.4518
vn -0.1833 0.4145 -0.8914
vn -0.8056 0.4210 -0.4167
vn -0.9607 0.0794 0.2661
vn -0.4937 -0.0260 0.8692
vn 0.2304 0.2719 0.9343
vn 0.8133 0.4019 0.4207
vn -0.2669 0.2990 -0.9162
vn -0.8824 0.1146 -0.4564
vn -0.9454 -0.1626 0.2823
vn -0.4715 -0.0271 0.8815
vn 0.1941 0.3568 0.9138
vn 0.7569 0.5233 0.3915
vn -0.3379 0.0794 -0.9378
vn -0.8670 -0.2171 -0.4485
vn -0.8901 -0.3167 0.3277
vn -0.4593 -0.0230 0.8880
vn 0.1675 0.4039 0.8993
vn 0.7168 0.5905 0.3708
vn -0.3159 -0.1627 -0.9347
vn -0.7990 -0.4368 -0.4133
vn -0.8429 -0.3969 0.3632
vn -0.4533 -0.0194 0.8912
vn 0.1503 0.4303 0.8901
vn 0.6912 0.6281 0.3574
vn -0.2468 -0.3166 -0.9159
vn -0.7377 -0.5569 -0.3815
vn -0.8111 -0.4396 0.3858
vn -0.4499 -0.0168 0.8929
vn 0.1411 0.4440 0.8848
vn 0.6769 0.6474 0.3503
vn 0.3117 0.1854 0.9319
vn 0.6548 0.5616 0.5059
vn -0.2918 0.0020 0.9565
vn -0.4477 -0.0149 0.8940
vn -0.7869 -0.4824 0.3848
vn -0.7801 -0.4746 0.4076
vn -0.7407 -0.6712 -0.0291
vn -0.7911 -0.4630 0.3998
vn -0.6527 -0.6783 -0.3376
vn -0.1811 -0.3186 -0.9304
vn -0.6677 -0.6594 -0.3455
vn -0.1180 -0.4747 -0.8722
vn 0.9058 0.2418 0.3480
vn -0.6950 -0.6227 -0.3595
vn -0.1308 -0.4629 -0.8767
vn 0.4706 -0.0152 -0.8822
vn 0.9359 0.2208 0.2746
vn -0.1538 -0.4396 -0.8849
vn 0.4687 -0.0168 -0.8832
vn 0.8037 0.4441 -0.3960
vn 0.8133 0.4303 -0.3917
vn -0.1908 -0.3969 -0.8978
vn 0.4654 -0.0195 -0.8849
vn 0.8308 0.4039 -0.3829
vn 0.4593 -0.0230 -0.8880
vn 0.8579 0.3569 -0.3695
vn 0.4470 -0.0271 -0.8941
vn 0.8957 0.2719 -0.3519
vn 0.4242 -0.0260 -0.9052
vn 0.9338 0.1189 -0.3375
vn 0.4048 -0.0107 -0.9143
vn 0.9314 -0.1084 -0.3476
vn 0.4174 -0.0001 -0.9087
vn 0.8711 -0.3171 -0.3751
vn 0.4332 -0.0027 -0.9013
vn 0.8056 -0.4330 -0.4044
vn 0.4402 -0.0071 -0.8978
vn 0.7663 -0.4843 -0.4222
vn 0.4444 -0.0113 -0.8958
vn 0.7498 -0.5045 -0.4281
vn 0.4479 -0.0152 -0.8940
vn 0.7516 -0.5053 -0.4240
vn 0.4534 -0.0206 -0.8911
vn 0.7729 -0.4868 -0.4071
vn 0.4644 -0.0281 -0.8852
vn 0.8186 -0.4371 -0.3727
vn 0.4797 -0.0326 -0.8768
vn 0.4930 -0.0283 -0.8696
vn 0.9148 0.3886 0.1105
vn 0.9088 0.1450 -0.3912
vn 0.8624 0.4233 -0.2778
vn 0.2520 0.5138 -0.8201
vn 0.3879 0.9139 -0.1193
vn -0.5602 -0.0941 0.8230
vn 0.0030 0.2853 0.9584
vn -0.4733 0.4671 0.7468
vn -0.8994 0.3968 0.1832
vn -0.3104 0.9143 0.2604
vn -0.3364 0.9204 -0.1991
vn -0.3317 0.2633 -0.9059
vn -0.6708 0.4847 -0.5614
vn -0.8576 -0.1420 -0.4943
vn -0.9679 0.2513 0.0037
vn 0.2598 0.9169 0.3030
vn -0.0032 0.2824 0.9593
vn 0.4717 0.4671 0.7479
vn 0.6654 -0.1238 0.7362
vn 0.9244 0.2741 0.2651
vn -0.9713 0.2371 0.0186
vn -0.7124 0.4119 0.5682
vn -0.7998 0.6002 -0.0000
vn -0.5530 0.5002 -0.6664
vn -0.0679 0.9977 0.0016
vn 0.0374 0.3132 0.9490
vn 0.6606 0.4445 0.6050
vn -0.0000 0.5513 0.8343
vn -0.7181 0.5274 0.4541
vn -0.0227 0.9941 0.1057
vn 0.5546 0.5013 0.6642
vn 0.9719 0.2353 -0.0000
vn 0.7995 0.6004 -0.0162
vn 0.7123 0.4120 -0.5682
vn 0.0689 0.9976 -0.0001
vn 0.0225 0.9940 -0.1075
vn 0.6608 0.4441 -0.6051
vn -0.0001 0.5513 -0.8343
vn -0.0000 0.3142 -0.9493
vn -0.6608 0.4441 -0.6051
vn 0.2535 0.7030 -0.6645
vn 0.1949 0.8355 -0.5137
vn 0.2667 0.5967 -0.7568
vn 0.4633 0.6908 -0.5551
vn 0.5172 0.5904 -0.6196
vn 0.0001 0.8409 -0.5412
vn -0.1958 0.8357 -0.5132
vn -0.2526 0.7028 -0.6650
vn -0.0071 0.5830 -0.8124
vn -0.2872 0.5724 -0.7680
vn 0.1940 0.6000 -0.7761
vn 0.5087 0.6219 -0.5953
vn -0.0595 0.5167 -0.8541
vn -0.0036 0.9415 -0.3369
vn -0.1211 0.9402 -0.3184
vn -0.3628 0.8252 -0.4330
vn -0.2255 0.9368 -0.2674
vn 0.1197 0.9402 -0.3190
vn -0.3023 0.9329 -0.1955
vn 0.2255 0.9368 -0.2674
vn 0.3628 0.8252 -0.4330
vn -0.4621 0.6909 -0.5561
vn -0.5249 0.5627 -0.6386
vn -0.4892 0.8147 -0.3113
vn -0.3537 0.9297 -0.1024
vn -0.6220 0.6759 -0.3952
vn -0.5654 0.8083 -0.1643
vn -0.3151 0.4640 -0.8279
vn -0.3714 0.9285 -0.0000
vn -0.7059 0.5487 -0.4479
vn -0.7178 0.6640 -0.2093
vn -0.5907 0.8069 -0.0000
vn -0.3538 0.9297 0.1024
vn -0.5654 0.8083 0.1643
vn -0.8518 0.5239 -0.0006
vn -0.8152 0.5301 0.2332
vn -0.8150 0.5323 -0.2289
vn -0.3024 0.9329 0.1955
vn -0.7178 0.6640 0.2093
vn -0.4892 0.8147 0.3113
vn -0.2213 0.9369 0.2706
vn -0.6221 0.6759 0.3952
vn -0.1171 0.9402 0.3198
vn -0.0000 0.9415 0.3371
vn 0.1171 0.9402 0.3198
vn -0.3607 0.8252 0.4346
vn -0.1941 0.8355 0.5140
vn 0.0006 0.8409 0.5412
vn 0.1947 0.8356 0.5138
vn 0.2526 0.7028 0.6650
vn -0.4621 0.6909 0.5561
vn -0.2516 0.7026 0.6656
vn 0.2825 0.5748 0.7680
vn -0.2817 0.5750 0.7681
vn -0.7095 0.5458 0.4457
vn -0.5275 0.5648 0.6346
vn -0.0002 0.5763 0.8172
vn 0.0012 0.4611 0.8873
vn 0.3025 0.4556 0.8372
vn -0.3012 0.4581 0.8363
vn 0.0010 0.3544 0.9351
vn 0.3220 0.3490 0.8800
vn -0.3080 0.3688 0.8770
vn -0.7601 0.4393 0.4788
vn 0.0010 0.2575 0.9663
vn 0.3304 0.2592 0.9076
vn -0.2968 0.2811 0.9126
vn -0.5406 0.4084 0.7355
vn -0.0019 0.1691 0.9856
vn 0.3348 0.1635 0.9280
vn -0.8724 0.4254 0.2407
vn -0.7401 0.4691 0.4819
vn -0.5107 0.3526 0.7841
vn -0.2917 0.1556 0.9438
vn -0.0654 0.2101 0.9755
vn 0.3497 0.2498 0.9029
vn -0.8868 0.4246 0.1825
vn -0.7655 0.4310 0.4777
vn -0.5299 0.1596 0.8329
vn -0.3433 0.0872 0.9352
vn -0.2235 0.2348 0.9460
vn 0.3283 0.2829 0.9012
vn -0.9188 0.3898 0.0620
vn -0.8561 0.1795 0.4847
vn -0.5535 -0.0328 0.8322
vn -0.4747 0.0832 0.8762
vn -0.3084 -0.0770 0.9481
vn 0.3025 -0.0939 0.9485
vn -0.9866 0.1627 -0.0083
vn -0.8503 -0.1266 0.5109
vn -0.6177 -0.0466 0.7851
vn -0.5287 -0.0705 0.8459
vn -0.2412 -0.3818 0.8922
vn 0.3077 -0.4371 0.8452
vn -0.9913 -0.0988 0.0874
vn -0.8373 -0.0950 0.5384
vn -0.6500 -0.0754 0.7562
vn -0.4530 -0.2541 0.8545
vn -0.0717 -0.4102 0.9092
vn 0.3254 -0.4401 0.8369
vn -0.9638 -0.0278 0.2651
vn -0.8220 -0.0249 0.5690
vn -0.6337 -0.1695 0.7547
vn -0.3570 -0.3077 0.8820
vn -0.0051 -0.3609 0.9326
vn 0.3256 -0.3555 0.8761
vn -0.9186 0.0517 0.3917
vn -0.7845 -0.1483 0.6021
vn -0.6182 -0.2491 0.7455
vn -0.3277 -0.3502 0.8775
vn -0.0018 -0.4613 0.8872
vn 0.3099 -0.4557 0.8345
vn -0.8852 -0.1548 0.4388
vn -0.7667 -0.2775 0.5790
vn -0.6019 -0.3386 0.7232
vn -0.3117 -0.4559 0.8337
vn -0.0023 -0.5800 0.8146
vn 0.2852 -0.5742 0.7674
vn -0.8555 -0.3510 0.3806
vn -0.7755 -0.3491 0.5261
vn -0.5744 -0.4427 0.6886
vn -0.2874 -0.5744 0.7665
vn -0.0026 -0.7089 0.7053
vn 0.2477 -0.7036 0.6660
vn -0.8680 -0.3953 0.3006
vn -0.7629 -0.4285 0.4840
vn -0.5312 -0.5604 0.6355
vn -0.2504 -0.7037 0.6649
vn -0.0030 -0.8376 0.5462
vn 0.1922 -0.8341 0.5171
vn -0.8703 -0.4231 0.2523
vn -0.7093 -0.5442 0.4480
vn -0.4644 -0.6909 0.5541
vn -0.1953 -0.8341 0.5159
vn -0.0036 -0.9415 0.3369
vn 0.1174 -0.9402 0.3197
vn -0.1197 -0.9402 0.3189
vn -0.2212 -0.9370 0.2705
vn -0.3023 -0.9329 0.1955
vn -0.3537 -0.9297 0.1024
vn -0.3628 -0.8252 0.4330
vn -0.4892 -0.8147 0.3113
vn -0.6220 -0.6759 0.3952
vn -0.5687 -0.8064 0.1619
vn -0.7193 -0.6644 0.2030
vn -0.3714 -0.9285 -0.0010
vn -0.5956 -0.8033 -0.0000
vn -0.8145 -0.5319 0.2314
vn -0.7511 -0.6601 -0.0005
vn -0.3545 -0.9297 -0.1001
vn -0.8496 -0.5275 -0.0004
vn -0.5688 -0.8064 -0.1619
vn -0.3024 -0.9329 -0.1955
vn -0.7189 -0.6644 -0.2043
vn -0.9065 -0.4222 -0.0009
vn -0.4892 -0.8147 -0.3113
vn -0.8145 -0.5319 -0.2314
vn -0.8983 -0.4394 -0.0015
vn -0.2212 -0.9369 -0.2706
vn -0.6221 -0.6759 -0.3952
vn -0.8699 -0.4239 -0.2521
vn -0.9166 -0.3998 -0.0014
vn -0.3607 -0.8252 -0.4346
vn -0.1171 -0.9402 -0.3198
vn -0.7082 -0.5441 -0.4500
vn -0.8662 -0.3987 -0.3012
vn -0.9861 -0.1658 0.0035
vn -0.0000 -0.9415 -0.3371
vn 0.1171 -0.9402 -0.3198
vn 0.2212 -0.9370 -0.2705
vn -0.1913 -0.8341 -0.5174
vn 0.0009 -0.8375 -0.5464
vn -0.4615 -0.6909 -0.5564
vn -0.2475 -0.7036 -0.6661
vn 0.1920 -0.8341 -0.5171
vn -0.5293 -0.5602 -0.6372
vn -0.0000 -0.7087 -0.7055
vn -0.7618 -0.4287 -0.4858
vn -0.2851 -0.5742 -0.7675
vn -0.5729 -0.4425 -0.6899
vn -0.7798 -0.3542 -0.5162
vn -0.8548 -0.3473 -0.3856
vn 0.2475 -0.7036 -0.6660
vn -0.0000 -0.5798 -0.8147
vn -0.3098 -0.4557 -0.8345
vn -0.6009 -0.3385 -0.7241
vn -0.7732 -0.2825 -0.5678
vn -0.8876 -0.1551 -0.4336
vn 0.3628 -0.8252 -0.4330
vn -0.9942 0.1039 0.0258
vn -0.9990 0.0451 -0.0041
vn -0.9244 0.0218 -0.3808
vn -0.7809 -0.1493 -0.6065
vn -0.9963 -0.0234 -0.0827
vn -0.9696 0.0100 -0.2444
vn -0.9785 0.1349 -0.1559
vn -0.6183 -0.2484 -0.7456
vn -0.8242 -0.0871 -0.5596
vn -0.9795 0.0713 -0.1885
vn -0.9483 0.2964 -0.1131
vn -0.3263 -0.3498 -0.8782
vn -0.6319 -0.1666 -0.7569
vn -0.8935 -0.0959 -0.4387
vn -0.9559 0.1972 -0.2178
vn -0.9338 0.3560 -0.0348
vn 0.0001 -0.4610 -0.8874
vn -0.6336 -0.1758 -0.7534
vn -0.9211 0.0806 -0.3808
vn -0.9315 0.2589 -0.2556
vn -0.9105 0.4135 -0.0011
vn -0.9139 0.3144 -0.2567
vn -0.8769 0.4156 -0.2413
vn -0.7992 0.3252 -0.5054
vn -0.8759 0.2687 -0.4007
vn -0.8253 0.3088 -0.4727
vn -0.5672 0.4423 -0.6947
vn -0.6012 0.3396 -0.7234
vn -0.5973 0.3643 -0.7145
vn -0.5987 0.3402 -0.7251
vn -0.3471 0.3640 -0.8643
vn -0.3271 0.3209 -0.8888
vn -0.1605 0.4259 -0.8904
vn -0.6264 0.0889 -0.7744
vn -0.2143 0.2807 -0.9356
vn -0.1893 0.2630 -0.9461
vn 0.0867 0.5237 -0.8475
vn -0.6130 -0.1801 -0.7693
vn -0.1809 0.1133 -0.9769
vn -0.0540 0.1219 -0.9911
vn 0.0565 0.2556 -0.9651
vn 0.5325 0.5611 -0.6337
vn -0.2875 -0.0632 -0.9557
vn 0.0499 0.0970 -0.9940
vn 0.1477 -0.0491 -0.9878
vn 0.5933 0.2729 -0.7574
vn -0.4134 -0.1497 -0.8982
vn -0.0687 0.0657 -0.9955
vn 0.3092 0.0635 -0.9489
vn 0.6299 -0.1078 -0.7691
vn -0.4265 -0.2205 -0.8772
vn -0.1871 -0.1183 -0.9752
vn 0.3372 0.1503 -0.9293
vn 0.6719 -0.0068 -0.7406
vn -0.3621 -0.2795 -0.8893
vn -0.1415 -0.2986 -0.9438
vn 0.3240 -0.0893 -0.9418
vn 0.7069 0.0969 -0.7006
vn -0.0025 -0.3577 -0.9338
vn -0.0396 -0.3369 -0.9407
vn 0.3278 -0.3286 -0.8858
vn 0.7278 -0.0799 -0.6811
vn 0.3331 -0.3583 -0.8722
vn 0.3267 -0.3529 -0.8768
vn 0.3102 -0.4557 -0.8343
vn 0.6925 -0.2534 -0.6755
vn 0.6377 -0.3027 -0.7083
vn 0.6020 -0.3412 -0.7219
vn 0.2874 -0.5744 -0.7665
vn 0.5734 -0.4425 -0.6895
vn 0.4633 -0.6908 -0.5551
vn 0.5301 -0.5602 -0.6365
vn 0.8206 -0.2543 -0.5119
vn 0.7982 -0.3256 -0.5068
vn 0.7633 -0.4275 -0.4843
vn 0.7087 -0.5441 -0.4490
vn 0.6230 -0.6759 -0.3938
vn 0.4908 -0.8146 -0.3089
vn 0.8503 -0.1884 -0.4914
vn 0.3039 -0.9329 -0.1934
vn 0.3550 -0.9297 -0.0984
vn 0.5694 -0.8064 -0.1599
vn 0.7193 -0.6644 -0.2030
vn 0.3714 -0.9285 0.0010
vn 0.5956 -0.8033 -0.0000
vn 0.8145 -0.5319 -0.2314
vn 0.3538 -0.9297 0.1025
vn 0.7511 -0.6601 -0.0000
vn 0.8746 -0.4163 -0.2485
vn 0.5688 -0.8064 0.1619
vn 0.3024 -0.9329 0.1955
vn 0.8496 -0.5275 -0.0000
vn 0.9126 -0.3161 -0.2593
vn 0.2213 -0.9369 0.2706
vn 0.4892 -0.8147 0.3113
vn 0.7189 -0.6644 0.2043
vn 0.3604 -0.8253 0.4348
vn 0.9111 -0.4122 -0.0000
vn 0.9366 -0.2279 -0.2661
vn 0.6221 -0.6759 0.3952
vn 0.4615 -0.6909 0.5564
vn 0.8145 -0.5319 0.2314
vn 0.9498 -0.3127 -0.0000
vn 0.5286 -0.5603 0.6377
vn 0.7078 -0.5442 0.4504
vn 0.8746 -0.4163 0.2485
vn 0.5722 -0.4426 0.6904
vn 0.7626 -0.4276 0.4855
vn 0.9126 -0.3161 0.2593
vn 0.9743 -0.2251 -0.0000
vn 0.6031 -0.3428 0.7203
vn 0.7977 -0.3257 0.5076
vn 0.6485 -0.3383 0.6819
vn 0.9365 -0.2281 0.2665
vn 0.8286 -0.2653 0.4930
vn 0.9514 -0.1493 -0.2695
vn 0.7167 -0.3146 0.6224
vn 0.8667 -0.2073 0.4537
vn 0.9515 -0.1509 0.2679
vn 0.9893 -0.1459 0.0004
vn 0.8719 -0.0712 -0.4846
vn 0.7725 -0.0830 0.6295
vn 0.8870 -0.0757 0.4555
vn 0.9591 -0.0746 0.2732
vn 0.9971 -0.0764 -0.0041
vn 0.9600 -0.0722 -0.2706
vn 0.8670 0.0353 -0.4971
vn 0.7404 0.1287 0.6597
vn 0.8300 -0.0400 0.5563
vn 0.9394 -0.1925 0.2836
vn 0.9904 -0.1206 -0.0669
vn 0.9496 -0.0438 -0.3105
vn 0.8775 0.0114 -0.4795
vn 0.6233 0.0671 0.7791
vn 0.7088 -0.1100 0.6968
vn 0.9297 -0.2296 0.2880
vn 0.9718 -0.1348 -0.1937
vn 0.9243 -0.0509 -0.3782
vn 0.9157 -0.0185 -0.4015
vn 0.4997 0.1536 0.8525
vn 0.6326 0.1652 0.7566
vn 0.9352 0.1773 0.3065
vn 0.9563 0.1491 -0.2516
vn 0.9341 0.0799 -0.3479
vn 0.9074 0.2430 -0.3430
vn 0.4950 0.3159 0.8095
vn 0.6186 0.4377 0.6525
vn 0.8251 0.5191 0.2231
vn 0.8932 0.4002 -0.2050
vn 0.9290 0.2808 -0.2412
vn 0.8282 0.4573 -0.3240
vn 0.5513 0.3764 0.7445
vn 0.6974 0.4616 0.5482
vn 0.8126 0.5360 0.2288
vn 0.8885 0.4521 -0.0782
vn 0.8974 0.4001 -0.1861
vn 0.8697 0.4461 -0.2110
vn 0.7031 0.5622 -0.4355
vn 0.9047 0.4260 -0.0067
vn 0.8149 0.5325 -0.2287
vn 0.8518 0.5239 -0.0000
vn 0.6222 0.6758 -0.3951
vn 0.8671 0.4340 0.2446
vn 0.7179 0.6640 -0.2092
vn 0.4895 0.8147 -0.3111
vn 0.3027 0.9329 -0.1951
vn 0.5655 0.8082 -0.1641
vn 0.3539 0.9297 -0.1022
vn 0.5906 0.8069 0.0003
vn 0.5655 0.8083 0.1642
vn 0.3714 0.9285 -0.0000
vn 0.8150 0.5303 0.2336
vn 0.3545 0.9297 0.1001
vn 0.7180 0.6639 0.2091
vn 0.7563 0.4415 0.4828
vn 0.7097 0.5461 0.4450
vn 0.6226 0.6759 0.3945
vn 0.4904 0.8146 0.3097
vn 0.3052 0.9328 0.1915
vn 0.5273 0.5649 0.6347
vn 0.4622 0.6909 0.5559
vn 0.3610 0.8252 0.4344
vn 0.2216 0.9369 0.2703
vn 0.7439 0.6482 0.1625
vn 0.0163 0.9566 0.2909
vn 0.0167 0.9541 0.2990
vn 0.7433 0.6474 0.1685
vn 0.9993 -0.0035 -0.0363
vn 0.0183 0.9449 0.3268
vn 0.9994 -0.0020 -0.0359
vn 0.7251 -0.6575 -0.2045
vn 0.7420 0.6435 0.1881
vn 0.0212 0.9250 0.3794
vn 0.7258 -0.6550 -0.2101
vn -0.0140 -0.9682 -0.2499
vn 0.9994 0.0009 -0.0348
vn 0.7403 0.6333 0.2253
vn 0.0262 0.8828 0.4690
vn -0.0145 -0.9659 -0.2586
vn -0.7437 -0.6573 -0.1224
vn 0.7263 -0.6483 -0.2285
vn 0.9994 0.0046 -0.0329
vn 0.7373 0.6100 0.2903
vn 0.0345 0.7858 0.6175
vn -0.7446 -0.6551 -0.1280
vn -0.9972 -0.0036 0.0752
vn -0.0160 -0.9581 -0.2861
vn 0.7260 -0.6351 -0.2639
vn 0.9995 0.0102 -0.0285
vn 0.7298 0.5529 0.4021
vn 0.0460 0.5643 0.8243
vn -0.9971 -0.0020 0.0756
vn -0.7212 0.6482 0.2443
vn -0.7472 -0.6483 -0.1462
vn -0.0190 -0.9404 -0.3394
vn 0.7250 -0.6076 -0.3243
vn 0.9997 0.0186 -0.0164
vn 0.7159 0.4076 0.5669
vn 0.0544 0.2225 0.9734
vn -0.7198 0.6475 0.2503
vn -0.9971 0.0010 0.0767
vn -0.7164 0.6435 0.2695
vn 0.7111 0.1611 0.6844
vn 0.0556 -0.0863 0.9947
vn 0.9997 0.0216 0.0101
vn -0.7509 -0.6351 -0.1814
vn -0.7107 0.6333 0.3064
vn -0.9969 0.0046 0.0786
vn 0.7256 -0.0674 0.6848
vn 0.0542 -0.2375 0.9699
vn -0.0240 -0.9024 -0.4302
vn -0.7003 0.6101 0.3706
vn -0.9965 0.0102 0.0830
vn -0.7566 -0.6076 -0.2416
vn 0.7233 -0.5454 -0.4235
vn -0.6805 0.5529 0.4809
vn -0.9953 0.0186 0.0950
vn -0.7660 -0.5454 -0.3403
vn -0.0324 -0.8135 -0.5807
vn 0.7203 -0.4031 -0.5645
vn -0.6482 0.4076 0.6431
vn -0.9924 0.0216 0.1214
vn -0.7787 -0.4031 -0.4808
vn -0.0445 -0.6029 -0.7966
vn 0.9998 0.0018 0.0186
vn -0.6305 0.1611 0.7593
vn -0.9915 0.0018 0.1298
vn -0.7800 -0.1741 -0.6011
vn -0.0540 -0.2527 -0.9660
vn 0.7082 -0.1741 -0.6842
vn 0.9997 -0.0194 -0.0176
vn -0.6448 -0.0674 0.7613
vn -0.9954 -0.0194 0.0939
vn -0.7630 0.0331 -0.6455
vn -0.0557 0.0567 -0.9968
vn 0.6864 0.0331 -0.7265
vn 0.7377 -0.1746 0.6521
vn 0.0532 -0.2984 0.9529
vn -0.6605 -0.1746 0.7302
vn -0.9975 -0.0211 0.0676
vn -0.7535 0.1362 -0.6432
vn -0.0546 0.2031 -0.9776
vn 0.6772 0.1362 -0.7231
vn 0.7434 -0.2161 0.6329
vn 0.0530 -0.3128 0.9483
vn -0.6683 -0.2161 0.7118
vn -0.9983 -0.0190 0.0555
vn -0.7488 0.1795 -0.6381
vn -0.0538 0.2636 -0.9631
vn -0.6723 -0.2252 0.7052
vn -0.9987 -0.0170 0.0489
vn -0.7458 0.1905 -0.6383
vn -0.6742 -0.2131 0.7071
vn 0.0533 -0.2963 0.9536
vn -0.9989 -0.0159 0.0447
vn -0.6754 -0.1820 0.7146
vn 0.0539 -0.2524 0.9661
vn 0.6731 0.1795 -0.7174
vn -0.0536 0.2775 -0.9592
vn -0.7434 0.1795 -0.6443
vn -0.9990 -0.0153 0.0410
vn -0.6763 -0.1300 0.7251
vn 0.0549 -0.1784 0.9824
vn 0.6701 0.1905 -0.7174
vn -0.0538 0.2607 -0.9639
vn -0.7410 0.1488 -0.6548
vn -0.9992 -0.0155 0.0372
vn -0.6776 -0.0546 0.7334
vn 0.0556 -0.0704 0.9960
vn 0.6671 0.1795 -0.7230
vn -0.0544 0.2165 -0.9748
vn -0.7382 0.0964 -0.6677
vn -0.9993 -0.0172 0.0340
vn -0.6777 0.0355 0.7345
vn 0.0557 0.0589 0.9967
vn 0.6635 0.1488 -0.7333
vn -0.0552 0.1422 -0.9883
vn -0.7355 0.0192 -0.6773
vn -0.9992 -0.0197 0.0361
vn -0.6774 0.1207 0.7257
vn 0.0548 0.1809 0.9820
vn 0.6593 0.0964 -0.7457
vn -0.0557 0.0340 -0.9979
vn -0.7352 -0.0732 -0.6739
vn -0.9989 -0.0212 0.0425
vn -0.6779 0.1910 0.7099
vn 0.0535 0.2813 0.9581
vn 0.6555 0.0193 -0.7550
vn -0.0555 -0.0949 -0.9939
vn -0.7372 -0.1597 -0.6565
vn -0.9986 -0.0214 0.0486
vn -0.6789 0.2460 0.6918
vn 0.0520 0.3600 0.9315
vn 0.6556 -0.0732 -0.7516
vn -0.0544 -0.2164 -0.9748
vn -0.7396 -0.2300 -0.6325
vn -0.9983 -0.0207 0.0538
vn -0.6800 0.2877 0.6744
vn 0.0506 0.4196 0.9063
vn 0.6596 -0.1597 -0.7345
vn -0.0529 -0.3164 -0.9471
vn -0.7417 -0.2840 -0.6076
vn -0.9981 -0.0196 0.0578
vn -0.6809 0.3184 0.6595
vn 0.0494 0.4636 0.8847
vn 0.6646 -0.2300 -0.7110
vn -0.0512 -0.3945 -0.9175
vn -0.7435 -0.3242 -0.5849
vn -0.9979 -0.0181 0.0614
vn -0.6816 0.3403 0.6478
vn 0.0485 0.4949 0.8676
vn 0.6695 -0.2839 -0.6864
vn -0.0497 -0.4534 -0.8899
vn -0.7449 -0.3535 -0.5658
vn -0.9979 -0.0173 0.0631
vn -0.6820 0.3550 0.6395
vn 0.0478 0.5158 0.8554
vn 0.6738 -0.3242 -0.6640
vn -0.0484 -0.4968 -0.8665
vn -0.7460 -0.3741 -0.5510
vn -0.9978 -0.0164 0.0648
vn -0.6820 0.3636 0.6346
vn 0.0474 0.5278 0.8481
vn -0.1278 0.4404 0.8887
vn 0.0722 0.5188 0.8518
vn -0.8028 0.1046 0.5870
vn -0.9977 -0.0157 0.0659
vn -0.6753 -0.4302 -0.5991
vn -0.7475 -0.3952 -0.5340
vn -0.0237 -0.5595 -0.8285
vn -0.7468 -0.3876 -0.5404
vn -0.0462 -0.5600 -0.8272
vn 0.7096 -0.3909 -0.5863
vn -0.0466 -0.5482 -0.8350
vn 0.6833 -0.3952 -0.6139
vn 0.8021 0.3922 0.4504
vn -0.0474 -0.5277 -0.8481
vn 0.6820 -0.3876 -0.6202
vn 0.9989 -0.0154 -0.0451
vn 0.3229 0.5774 0.7499
vn 0.6800 -0.3741 -0.6307
vn 0.9988 -0.0162 -0.0464
vn 0.7485 0.3635 0.5547
vn 0.7489 0.3551 0.5595
vn 0.6772 -0.3535 -0.6453
vn 0.9987 -0.0173 -0.0484
vn 0.7495 0.3403 0.5678
vn 0.9985 -0.0184 -0.0508
vn 0.7501 0.3184 0.5796
vn 0.9984 -0.0196 -0.0537
vn 0.7509 0.2877 0.5945
vn 0.9981 -0.0207 -0.0578
vn 0.7517 0.2460 0.6119
vn 0.9978 -0.0214 -0.0629
vn 0.7527 0.1910 0.6300
vn 0.9974 -0.0212 -0.0691
vn 0.7540 0.1207 0.6457
vn 0.9970 -0.0197 -0.0754
vn 0.7553 0.0355 0.6545
vn 0.9968 -0.0172 -0.0775
vn 0.7550 -0.0546 0.6534
vn 0.9971 -0.0155 -0.0742
vn 0.7528 -0.1300 0.6453
vn 0.9974 -0.0153 -0.0705
vn 0.7508 -0.1820 0.6350
vn 0.9976 -0.0158 -0.0670
vn 0.7488 -0.2131 0.6276
vn 0.9979 -0.0171 -0.0626
vn 0.7467 -0.2252 0.6259
vn 0.9982 -0.0189 -0.0561
vn 0.9988 -0.0211 -0.0439
vt 0.033705 0.833424
vt 0.027986 0.833857
vt 0.026829 0.818387
vt 0.032318 0.817971
vt 0.039407 0.832824
vt 0.025676 0.802912
vt 0.037791 0.817396
vt 0.045093 0.832081
vt 0.030935 0.802512
vt 0.024523 0.787422
vt 0.043252 0.816684
vt 0.050765 0.831256
vt 0.036180 0.801963
vt 0.029552 0.787037
vt 0.023370 0.771936
vt 0.048701 0.815894
vt 0.056429 0.830410
vt 0.041414 0.801287
vt 0.034568 0.786516
vt 0.028168 0.771565
vt 0.022217 0.756454
vt 0.054143 0.815080
vt 0.062093 0.829565
vt 0.046637 0.800534
vt 0.039573 0.785877
vt 0.032956 0.771072
vt 0.026785 0.756098
vt 0.021062 0.740960
vt 0.059586 0.814266
vt 0.067761 0.828696
vt 0.051853 0.799755
vt 0.044569 0.785164
vt 0.037733 0.770472
vt 0.031343 0.755633
vt 0.025399 0.740617
vt 0.019905 0.725464
vt 0.065030 0.813428
vt 0.073420 0.827743
vt 0.070462 0.812511
vt 0.057070 0.798972
vt 0.062285 0.798163
vt 0.067488 0.797278
vt 0.024013 0.725136
vt 0.018748 0.709967
vt 0.029729 0.740181
vt 0.049559 0.784422
vt 0.059533 0.782887
vt 0.064506 0.782032
vt 0.054547 0.783670
vt 0.022626 0.709654
vt 0.017593 0.694467
vt 0.042501 0.769801
vt 0.056778 0.767618
vt 0.061521 0.766792
vt 0.052022 0.768374
vt 0.047263 0.769097
vt 0.035892 0.755072
vt 0.054023 0.752355
vt 0.058536 0.751558
vt 0.049497 0.753086
vt 0.044967 0.753778
vt 0.040433 0.754444
vt 0.034050 0.739660
vt 0.051265 0.737080
vt 0.055549 0.736312
vt 0.046970 0.737785
vt 0.042669 0.738447
vt 0.038363 0.739075
vt 0.028113 0.724728
vt 0.048508 0.721803
vt 0.052562 0.721065
vt 0.044443 0.722481
vt 0.040371 0.723113
vt 0.036292 0.723703
vt 0.032206 0.724246
vt 0.026497 0.709275
vt 0.045753 0.706527
vt 0.049577 0.705818
vt 0.041917 0.707178
vt 0.038073 0.707778
vt 0.034221 0.708331
vt 0.030363 0.708832
vt 0.021240 0.694170
vt 0.016375 0.678076
vt 0.042999 0.691252
vt 0.046594 0.690572
vt 0.039393 0.691877
vt 0.035777 0.692447
vt 0.032152 0.692961
vt 0.028520 0.693418
vt 0.019779 0.677797
vt 0.015161 0.661698
vt 0.040084 0.675092
vt 0.043437 0.674448
vt 0.036721 0.675685
vt 0.033348 0.676221
vt 0.029966 0.676695
vt 0.037174 0.658931
vt 0.040288 0.658333
vt 0.034052 0.659482
vt 0.030920 0.659979
vt 0.034268 0.642769
vt 0.037143 0.642220
vt 0.031385 0.643274
vt 0.031365 0.626606
vt 0.034001 0.626108
vt 0.026576 0.677111
vt 0.027780 0.660418
vt 0.028495 0.643732
vt 0.028721 0.627064
vt 0.028463 0.610438
vt 0.030861 0.609994
vt 0.024632 0.660803
vt 0.025596 0.644138
vt 0.026071 0.627481
vt 0.026058 0.610847
vt 0.025564 0.594283
vt 0.027725 0.593893
vt 0.022690 0.644496
vt 0.023414 0.627855
vt 0.023648 0.611223
vt 0.023398 0.594641
vt 0.022668 0.578129
vt 0.024591 0.577795
vt 0.020751 0.628188
vt 0.021232 0.611566
vt 0.021228 0.594975
vt 0.020739 0.578435
vt 0.019776 0.562013
vt 0.021463 0.561734
vt 0.018812 0.611876
vt 0.019054 0.595288
vt 0.018809 0.578727
vt 0.018084 0.562267
vt 0.016888 0.545970
vt 0.018347 0.545749
vt 0.016877 0.595577
vt 0.016877 0.579011
vt 0.016394 0.562517
vt 0.015426 0.546169
vt 0.014014 0.530124
vt 0.015242 0.529974
vt 0.014943 0.579281
vt 0.014704 0.562772
vt 0.013977 0.546375
vt 0.012785 0.530255
vt 0.011181 0.514552
vt 0.012181 0.514448
vt 0.013012 0.563024
vt 0.012531 0.546604
vt 0.011573 0.530416
vt 0.010180 0.514642
vt 0.008380 0.499266
vt 0.009143 0.499186
vt 0.011081 0.546845
vt 0.010369 0.530622
vt 0.009207 0.514764
vt 0.007616 0.499336
vt 0.005587 0.484167
vt 0.006101 0.484105
vt 0.009156 0.530862
vt 0.008243 0.514937
vt 0.006884 0.499428
vt 0.005072 0.484220
vt 0.002794 0.469162
vt 0.003053 0.469128
vt 0.000004 0.454195
vt 0.002534 0.469192
vt 0.000002 0.454195
vt 0.000001 0.454197
vt 0.002290 0.469225
vt 0.004583 0.484284
vt 0.006158 0.499558
vt 0.002047 0.469266
vt 0.000001 0.454196
vt 0.004097 0.484369
vt 0.001791 0.469314
vt 0.000000 0.454196
vt 0.003589 0.484471
vt 0.005408 0.499719
vt 0.001534 0.469359
vt 0.000000 0.454196
vt 0.003080 0.484566
vt 0.001289 0.469389
vt 0.000000 0.454196
vt 0.000000 0.454196
vt 0.001042 0.469401
vt 0.002591 0.484628
vt 0.002099 0.484650
vt 0.007260 0.515150
vt 0.004655 0.499870
vt 0.003924 0.499967
vt 0.003187 0.499997
vt 0.006275 0.515349
vt 0.005303 0.515478
vt 0.004322 0.515519
vt 0.007939 0.531084
vt 0.006726 0.531236
vt 0.005503 0.531298
vt 0.009626 0.547065
vt 0.008170 0.547228
vt 0.006708 0.547320
vt 0.011315 0.563251
vt 0.009616 0.563428
vt 0.007912 0.563547
vt 0.013004 0.579521
vt 0.011062 0.579717
vt 0.009116 0.579861
vt 0.014696 0.595834
vt 0.012511 0.596048
vt 0.010322 0.596217
vt 0.016388 0.612150
vt 0.013960 0.612384
vt 0.011528 0.612577
vt 0.018083 0.628481
vt 0.015412 0.628735
vt 0.012737 0.628951
vt 0.019780 0.644810
vt 0.016865 0.645085
vt 0.013948 0.645323
vt 0.021478 0.661141
vt 0.018321 0.661438
vt 0.023179 0.677476
vt 0.024882 0.693821
vt 0.070741 0.601272
vt 0.013863 0.582619
vt 0.055835 0.569028
vt 0.032800 0.622406
vt 0.091128 0.631031
vt 0.057266 0.658227
vt 0.116059 0.657478
vt 0.086844 0.689621
vt 0.144783 0.679953
vt 0.120748 0.716128
vt 0.176572 0.697942
vt 0.158178 0.737283
vt 0.210688 0.711050
vt 0.198306 0.752675
vt 0.246372 0.718992
vt 0.240258 0.761986
vt 0.282839 0.721595
vt 0.283120 0.765021
vt 0.319293 0.718803
vt 0.325962 0.761715
vt 0.354939 0.710677
vt 0.367850 0.752141
vt 0.389002 0.697395
vt 0.407874 0.736507
vt 0.420740 0.679245
vt 0.445162 0.715154
vt 0.449460 0.656623
vt 0.478902 0.688546
vt 0.474537 0.630023
vt 0.508358 0.657259
vt 0.495420 0.600026
vt 0.532887 0.621969
vt 0.511643 0.567294
vt 0.551941 0.583430
vt 0.522825 0.532565
vt 0.565061 0.542454
vt 0.528674 0.496656
vt 0.571841 0.499887
vt 0.528976 0.460500
vt 0.571860 0.456578
vt 0.523179 0.425540
vt 0.564953 0.412983
vt 0.354952 0.452829
vt 0.389205 0.493509
vt 0.349781 0.496845
vt 0.393701 0.460247
vt 0.369957 0.412189
vt 0.405413 0.427955
vt 0.392735 0.375845
vt 0.423598 0.398623
vt 0.422197 0.344932
vt 0.447307 0.373519
vt 0.457190 0.320926
vt 0.475516 0.353403
vt 0.495796 0.303450
vt 0.507336 0.339692
vt 0.537288 0.294192
vt 0.541089 0.332323
vt 0.579758 0.293209
vt 0.575650 0.331674
vt 0.621582 0.300514
vt 0.609689 0.337796
vt 0.661154 0.315857
vt 0.641878 0.350481
vt 0.696925 0.338691
vt 0.670946 0.369266
vt 0.727461 0.368180
vt 0.695722 0.393442
vt 0.751496 0.403213
vt 0.715177 0.422079
vt 0.768015 0.442429
vt 0.728458 0.454042
vt 0.776576 0.484202
vt 0.734868 0.488011
vt 0.775723 0.526874
vt 0.734729 0.522578
vt 0.766480 0.568538
vt 0.727412 0.556392
vt 0.748856 0.607501
vt 0.713339 0.587965
vt 0.723309 0.642196
vt 0.693190 0.615854
vt 0.690011 0.670659
vt 0.668144 0.638440
vt 0.019727 0.630194
vt 0.000000 0.589521
vt 0.045455 0.667819
vt 0.076612 0.700890
vt 0.112310 0.728800
vt 0.151707 0.751066
vt 0.193937 0.767262
vt 0.238084 0.777058
vt 0.283188 0.780248
vt 0.328270 0.776766
vt 0.372348 0.766689
vt 0.414463 0.750235
vt 0.453699 0.727763
vt 0.489202 0.699761
vt 0.520198 0.666835
vt 0.546009 0.629695
vt 0.566060 0.589129
vt 0.579871 0.545978
vt 0.586998 0.501115
vt 0.586940 0.455542
vt 0.580119 0.410909
vt 0.404299 0.463042
vt 0.415224 0.496020
vt 0.399731 0.495313
vt 0.419400 0.466944
vt 0.415278 0.432726
vt 0.429315 0.439557
vt 0.432291 0.405271
vt 0.444659 0.414771
vt 0.454502 0.381735
vt 0.464731 0.393497
vt 0.480915 0.362947
vt 0.488586 0.376546
vt 0.510700 0.350088
vt 0.515480 0.364916
vt 0.542375 0.343187
vt 0.544185 0.358677
vt 0.574793 0.342581
vt 0.573548 0.358128
vt 0.606712 0.348324
vt 0.602445 0.363325
vt 0.636888 0.360217
vt 0.629753 0.374086
vt 0.664130 0.377822
vt 0.654394 0.390008
vt 0.687340 0.400471
vt 0.675374 0.410477
vt 0.705554 0.427285
vt 0.691823 0.434689
vt 0.717970 0.457199
vt 0.703027 0.461687
vt 0.724005 0.489022
vt 0.708493 0.490438
vt 0.723844 0.521390
vt 0.708330 0.519678
vt 0.717002 0.553009
vt 0.702172 0.548165
vt 0.703812 0.582520
vt 0.690272 0.574757
vt 0.684832 0.608622
vt 0.673083 0.598345
vt 0.660623 0.630652
vt 0.651321 0.618185
vt 0.441431 0.186668
vt 0.414542 0.174460
vt 0.466516 0.094981
vt 0.392683 0.154678
vt 0.377922 0.129214
vt 0.371643 0.100507
vt 0.374411 0.071297
vt 0.385926 0.044359
vt 0.405063 0.022228
vt 0.429989 0.006974
vt 0.458339 0.000007
vt 0.487447 0.001959
vt 0.514585 0.012632
vt 0.537215 0.031020
vt 0.553218 0.055406
vt 0.561084 0.083514
vt 0.560054 0.112714
vt 0.550196 0.140264
vt 0.532404 0.163558
vt 0.508326 0.180381
vt 0.480214 0.189125
vt 0.450697 0.188958
vt 0.248073 0.071626
vt 0.217773 0.053086
vt 0.236133 0.012970
vt 0.273459 0.036388
vt 0.275270 0.095322
vt 0.306206 0.064838
vt 0.298653 0.123148
vt 0.333962 0.097852
vt 0.317649 0.154282
vt 0.356364 0.134598
vt 0.331836 0.187940
vt 0.373043 0.174226
vt 0.340905 0.223345
vt 0.383684 0.215867
vt 0.344660 0.259708
vt 0.388074 0.258614
vt 0.343023 0.296231
vt 0.386124 0.301540
vt 0.336028 0.332116
vt 0.377879 0.343710
vt 0.323829 0.366582
vt 0.363518 0.384208
vt 0.306691 0.398878
vt 0.343355 0.422152
vt 0.284988 0.428300
vt 0.317827 0.456716
vt 0.259192 0.454207
vt 0.287490 0.487148
vt 0.229867 0.476035
vt 0.253002 0.512783
vt 0.197653 0.493303
vt 0.215109 0.533059
vt 0.163263 0.505626
vt 0.174624 0.547522
vt 0.127473 0.512711
vt 0.132404 0.555808
vt 0.091128 0.514362
vt 0.089337 0.557613
vt 0.055180 0.510475
vt 0.046318 0.552616
vt 0.021127 0.500669
vt 0.003816 0.540707
vt 0.572767 0.157171
vt 0.575218 0.112920
vt 0.613486 0.122966
vt 0.612213 0.156507
vt 0.580582 0.199783
vt 0.618216 0.190329
vt 0.596792 0.239493
vt 0.631103 0.222344
vt 0.620518 0.275000
vt 0.650158 0.251140
vt 0.650878 0.304650
vt 0.674500 0.275795
vt 0.685916 0.328485
vt 0.703498 0.294758
vt 0.725206 0.344719
vt 0.735488 0.307804
vt 0.766880 0.352968
vt 0.769427 0.314368
vt 0.809337 0.352941
vt 0.804011 0.314172
vt 0.850953 0.344609
vt 0.837898 0.307193
vt 0.890109 0.328244
vt 0.869756 0.293669
vt 0.925248 0.304427
vt 0.898310 0.274098
vt 0.954933 0.274033
vt 0.922386 0.249220
vt 0.977930 0.238229
vt 0.940949 0.220007
vt 0.993525 0.198542
vt 0.953088 0.187639
vt 1.000000 0.156355
vt 0.958876 0.153560
vt 0.998036 0.113723
vt 0.957464 0.118993
vt 0.987352 0.072316
vt 0.949012 0.085474
vt 0.968130 0.033756
vt 0.933941 0.054544
vt 0.940204 0.000005
vt 0.913137 0.027999
vt 0.282709 0.024304
vt 0.244593 0.000000
vt 0.317100 0.054216
vt 0.346341 0.088995
vt 0.369929 0.127684
vt 0.387482 0.169395
vt 0.398678 0.213217
vt 0.403296 0.258200
vt 0.401241 0.303371
vt 0.392562 0.347746
vt 0.377447 0.390360
vt 0.356227 0.430287
vt 0.329362 0.466657
vt 0.297437 0.498677
vt 0.261143 0.525651
vt 0.221264 0.546987
vt 0.178649 0.562206
vt 0.134189 0.570927
vt 0.088802 0.572810
vt 0.043542 0.567474
vt 0.000000 0.555531
vt 0.623134 0.155570
vt 0.624166 0.122993
vt 0.639551 0.124953
vt 0.638680 0.154315
vt 0.628752 0.187319
vt 0.643753 0.182996
vt 0.640807 0.217285
vt 0.654620 0.210046
vt 0.658654 0.244279
vt 0.670749 0.234446
vt 0.681456 0.267318
vt 0.691344 0.255235
vt 0.708595 0.285092
vt 0.715846 0.271304
vt 0.738618 0.297321
vt 0.743057 0.282371
vt 0.770452 0.303476
vt 0.771891 0.287946
vt 0.802883 0.303290
vt 0.801251 0.287779
vt 0.834651 0.296746
vt 0.830000 0.281858
vt 0.864508 0.284071
vt 0.857005 0.270397
vt 0.891257 0.265737
vt 0.881183 0.253827
vt 0.913797 0.242442
vt 0.901539 0.232793
vt 0.931158 0.215099
vt 0.917206 0.208115
vt 0.942559 0.184782
vt 0.927519 0.180727
vt 0.947949 0.152864
vt 0.932370 0.151892
vt 0.946628 0.120541
vt 0.931188 0.122771
vt 0.938692 0.089206
vt 0.924022 0.094533
vt 0.924468 0.060236
vt 0.911131 0.068348
vt 0.904393 0.034383
vt 0.893092 0.045071
vt 0.333087 0.243955
vt 0.243091 0.272574
vt 0.319838 0.217545
vt 0.337526 0.273165
vt 0.299077 0.196523
vt 0.332721 0.302318
vt 0.272836 0.182944
vt 0.319143 0.328560
vt 0.243683 0.178140
vt 0.298120 0.349321
vt 0.214472 0.182579
vt 0.271711 0.362569
vt 0.188063 0.195827
vt 0.242500 0.367008
vt 0.167040 0.216588
vt 0.213347 0.362204
vt 0.153462 0.242829
vt 0.187106 0.348625
vt 0.148657 0.271982
vt 0.166345 0.327602
vt 0.153096 0.301193
vt 0.074038 0.217077
vt 0.111792 0.111799
vt 0.108419 0.223591
vt 0.043353 0.200258
vt 0.143130 0.219162
vt 0.019368 0.174780
vt 0.174773 0.204224
vt 0.004429 0.143137
vt 0.200251 0.180238
vt 0.000000 0.108426
vt 0.217070 0.149553
vt 0.006514 0.074045
vt 0.223584 0.115172
vt 0.023333 0.043361
vt 0.219155 0.080462
vt 0.048811 0.019375
vt 0.204216 0.048818
vt 0.080454 0.004436
vt 0.180231 0.023340
vt 0.115165 0.000007
vt 0.149546 0.006521
vt 0.833254 0.032379
vt 0.853531 0.060897
vt 0.753363 0.110649
vt 0.805157 0.011522
vt 0.864002 0.094286
vt 0.771991 0.000368
vt 0.863643 0.129276
vt 0.737000 0.000009
vt 0.852490 0.162443
vt 0.703611 0.010480
vt 0.831633 0.190540
vt 0.675093 0.030757
vt 0.803114 0.210817
vt 0.654236 0.058854
vt 0.769725 0.221288
vt 0.643082 0.092021
vt 0.734735 0.220929
vt 0.642723 0.127011
vt 0.701568 0.209775
vt 0.653194 0.160400
vt 0.673471 0.188918
vt 0.912285 0.934089
vt 0.906537 0.933309
vt 0.909260 0.917487
vt 0.914774 0.918221
vt 0.918359 0.934669
vt 0.912088 0.901721
vt 0.920618 0.918760
vt 0.924400 0.935187
vt 0.917366 0.902381
vt 0.914952 0.886003
vt 0.926449 0.919240
vt 0.930077 0.935770
vt 0.922956 0.902842
vt 0.919993 0.886563
vt 0.917811 0.870287
vt 0.931940 0.919791
vt 0.935740 0.936521
vt 0.928534 0.903249
vt 0.925320 0.886905
vt 0.922618 0.870728
vt 0.920638 0.854455
vt 0.937415 0.920513
vt 0.941744 0.937396
vt 0.933789 0.903753
vt 0.930630 0.887204
vt 0.927674 0.870911
vt 0.925209 0.854805
vt 0.923493 0.838117
vt 0.943201 0.921378
vt 0.947792 0.938220
vt 0.939025 0.904458
vt 0.935638 0.887650
vt 0.932713 0.871055
vt 0.929979 0.854837
vt 0.927796 0.838547
vt 0.926654 0.820752
vt 0.949013 0.922187
vt 0.953571 0.938781
vt 0.954554 0.922733
vt 0.944549 0.905327
vt 0.950098 0.906146
vt 0.955393 0.906699
vt 0.930661 0.821502
vt 0.929803 0.804806
vt 0.932216 0.838649
vt 0.940609 0.888334
vt 0.951115 0.890120
vt 0.956141 0.890706
vt 0.945849 0.889248
vt 0.933531 0.805663
vt 0.932528 0.789105
vt 0.937484 0.871420
vt 0.952123 0.874093
vt 0.956906 0.874747
vt 0.947157 0.873132
vt 0.942215 0.872137
vt 0.934754 0.854819
vt 0.953186 0.857993
vt 0.957718 0.858682
vt 0.948531 0.856950
vt 0.943883 0.855857
vt 0.939345 0.855105
vt 0.936700 0.838676
vt 0.954321 0.841570
vt 0.958635 0.842127
vt 0.949994 0.840673
vt 0.945620 0.839686
vt 0.941166 0.838973
vt 0.934701 0.822211
vt 0.955379 0.824322
vt 0.959429 0.824488
vt 0.951283 0.824101
vt 0.947137 0.823803
vt 0.942981 0.823404
vt 0.938806 0.822855
vt 0.937229 0.806574
vt 0.956147 0.808240
vt 0.959971 0.808245
vt 0.952339 0.808295
vt 0.948532 0.808267
vt 0.944721 0.807991
vt 0.940944 0.807404
vt 0.936041 0.789870
vt 0.935150 0.773394
vt 0.957258 0.792290
vt 0.960853 0.792337
vt 0.953666 0.792309
vt 0.950090 0.792259
vt 0.946545 0.791991
vt 0.943031 0.791454
vt 0.938455 0.774067
vt 0.937799 0.757655
vt 0.958467 0.776351
vt 0.961839 0.776441
vt 0.955083 0.776325
vt 0.951710 0.776241
vt 0.948374 0.775975
vt 0.959656 0.760405
vt 0.962806 0.760513
vt 0.956489 0.760353
vt 0.953327 0.760251
vt 0.960820 0.744443
vt 0.963745 0.744558
vt 0.957878 0.744375
vt 0.961978 0.728466
vt 0.964677 0.728584
vt 0.945063 0.775482
vt 0.950199 0.759993
vt 0.954940 0.744261
vt 0.959268 0.728380
vt 0.963142 0.712466
vt 0.965614 0.712590
vt 0.947092 0.759540
vt 0.952028 0.744013
vt 0.956561 0.728253
vt 0.960666 0.712356
vt 0.964332 0.696451
vt 0.966577 0.696584
vt 0.949135 0.743594
vt 0.953872 0.728013
vt 0.958194 0.712208
vt 0.962085 0.696302
vt 0.965517 0.680447
vt 0.967539 0.680596
vt 0.951198 0.727632
vt 0.955731 0.711974
vt 0.959841 0.696120
vt 0.963507 0.680247
vt 0.966718 0.664421
vt 0.968512 0.664571
vt 0.953279 0.711636
vt 0.957608 0.695887
vt 0.961501 0.680019
vt 0.964929 0.664203
vt 0.967915 0.648435
vt 0.969485 0.648575
vt 0.955381 0.695598
vt 0.959489 0.679784
vt 0.963142 0.663962
vt 0.966344 0.648220
vt 0.969098 0.632502
vt 0.970446 0.632627
vt 0.957480 0.679551
vt 0.961357 0.663738
vt 0.964775 0.647985
vt 0.967746 0.632305
vt 0.970266 0.616635
vt 0.971390 0.616742
vt 0.959567 0.663546
vt 0.963211 0.647779
vt 0.966396 0.632090
vt 0.969135 0.616464
vt 0.971423 0.600811
vt 0.972322 0.600898
vt 0.961642 0.647621
vt 0.965055 0.631908
vt 0.968006 0.616278
vt 0.970515 0.600671
vt 0.972569 0.585034
vt 0.973244 0.585100
vt 0.963708 0.631777
vt 0.966888 0.616124
vt 0.969610 0.600519
vt 0.971887 0.584928
vt 0.973705 0.569292
vt 0.974155 0.569336
vt 0.965765 0.616018
vt 0.968715 0.600394
vt 0.971205 0.584812
vt 0.973250 0.569221
vt 0.974835 0.553575
vt 0.975059 0.553598
vt 0.975967 0.537867
vt 0.975968 0.537870
vt 0.975965 0.537867
vt 0.974607 0.553540
vt 0.975964 0.537869
vt 0.974380 0.553501
vt 0.975964 0.537868
vt 0.972795 0.569143
vt 0.974156 0.553469
vt 0.975964 0.537868
vt 0.972347 0.569080
vt 0.973931 0.553448
vt 0.975964 0.537868
vt 0.970534 0.584718
vt 0.971897 0.569039
vt 0.973701 0.553435
vt 0.975963 0.537868
vt 0.969859 0.584656
vt 0.971436 0.569011
vt 0.973470 0.553417
vt 0.975963 0.537868
vt 0.973246 0.553387
vt 0.970976 0.568976
vt 0.970528 0.568916
vt 0.967815 0.600311
vt 0.969169 0.584613
vt 0.968481 0.584560
vt 0.967809 0.584470
vt 0.966899 0.600251
vt 0.965983 0.600180
vt 0.965088 0.600058
vt 0.964623 0.615940
vt 0.963483 0.615847
vt 0.962365 0.615694
vt 0.962345 0.631677
vt 0.960983 0.631559
vt 0.959643 0.631373
vt 0.960061 0.647490
vt 0.958482 0.647338
vt 0.956921 0.647115
vt 0.957773 0.663371
vt 0.955981 0.663173
vt 0.954200 0.662907
vt 0.955475 0.679311
vt 0.953473 0.679044
vt 0.951475 0.678726
vt 0.953164 0.695259
vt 0.950951 0.694887
vt 0.948735 0.694499
vt 0.950838 0.711211
vt 0.948402 0.710749
vt 0.945968 0.710300
vt 0.948526 0.727140
vt 0.945861 0.726605
vt 0.943205 0.726104
vt 0.946247 0.743039
vt 0.943365 0.742440
vt 0.940489 0.741889
vt 0.943989 0.758925
vt 0.940892 0.758260
vt 0.941758 0.774803
vt 0.939536 0.790698
vt 0.866269 0.898963
vt 0.860180 0.897818
vt 0.863319 0.882353
vt 0.869127 0.883455
vt 0.872040 0.899932
vt 0.866451 0.866913
vt 0.874619 0.884372
vt 0.877824 0.900750
vt 0.871978 0.868016
vt 0.869625 0.851495
vt 0.880127 0.885144
vt 0.883944 0.901499
vt 0.877215 0.868905
vt 0.874840 0.852657
vt 0.872881 0.836016
vt 0.885980 0.885834
vt 0.890031 0.902175
vt 0.882479 0.869603
vt 0.879817 0.853543
vt 0.877738 0.837270
vt 0.876081 0.820356
vt 0.891831 0.886450
vt 0.895752 0.902760
vt 0.888074 0.870176
vt 0.884839 0.854157
vt 0.882436 0.838174
vt 0.880670 0.821540
vt 0.879398 0.805935
vt 0.897344 0.886994
vt 0.901489 0.903257
vt 0.893666 0.870678
vt 0.890174 0.854564
vt 0.887200 0.838736
vt 0.885123 0.822438
vt 0.883578 0.807074
vt 0.882559 0.791296
vt 0.902865 0.887498
vt 0.907622 0.903730
vt 0.908745 0.887992
vt 0.898932 0.871167
vt 0.904198 0.871694
vt 0.909796 0.872273
vt 0.886481 0.792264
vt 0.885589 0.776437
vt 0.887789 0.807973
vt 0.895508 0.854892
vt 0.905552 0.855886
vt 0.910849 0.856617
vt 0.900538 0.855301
vt 0.889305 0.777179
vt 0.888510 0.761495
vt 0.892243 0.839004
vt 0.906968 0.840156
vt 0.911951 0.841037
vt 0.902161 0.839502
vt 0.897318 0.839169
vt 0.889627 0.823040
vt 0.908338 0.824610
vt 0.913073 0.825285
vt 0.903753 0.824040
vt 0.899140 0.823691
vt 0.894361 0.823419
vt 0.892059 0.808618
vt 0.909365 0.810249
vt 0.913663 0.810785
vt 0.905075 0.809757
vt 0.900761 0.809383
vt 0.896402 0.809055
vt 0.890457 0.793086
vt 0.910566 0.795471
vt 0.914572 0.795867
vt 0.906540 0.795052
vt 0.902504 0.794655
vt 0.898483 0.794243
vt 0.894468 0.793738
vt 0.893062 0.777885
vt 0.911911 0.780480
vt 0.915688 0.780699
vt 0.908109 0.780151
vt 0.904317 0.779706
vt 0.900568 0.779161
vt 0.896828 0.778546
vt 0.892055 0.762034
vt 0.891358 0.746631
vt 0.913319 0.765436
vt 0.916909 0.765493
vt 0.909731 0.765189
vt 0.906169 0.764700
vt 0.902646 0.764026
vt 0.899133 0.763301
vt 0.894742 0.747027
vt 0.894157 0.731927
vt 0.914741 0.750461
vt 0.918160 0.750412
vt 0.911364 0.750270
vt 0.908024 0.749757
vt 0.904697 0.749001
vt 0.916137 0.735587
vt 0.919377 0.735496
vt 0.912984 0.735425
vt 0.909871 0.734917
vt 0.917516 0.720716
vt 0.920551 0.720665
vt 0.914585 0.720552
vt 0.918861 0.705912
vt 0.921675 0.705885
vt 0.901382 0.748206
vt 0.906731 0.734146
vt 0.911688 0.720093
vt 0.916151 0.705753
vt 0.920175 0.691149
vt 0.922756 0.691130
vt 0.903598 0.733335
vt 0.908738 0.719402
vt 0.913468 0.705340
vt 0.917688 0.691001
vt 0.921465 0.676376
vt 0.923803 0.676356
vt 0.905793 0.718670
vt 0.910725 0.704723
vt 0.915224 0.690625
vt 0.919204 0.676243
vt 0.922731 0.661542
vt 0.924815 0.661514
vt 0.907990 0.704066
vt 0.912705 0.690066
vt 0.916963 0.675900
vt 0.920698 0.661424
vt 0.923991 0.646573
vt 0.925804 0.646545
vt 0.910195 0.689471
vt 0.914681 0.675391
vt 0.918689 0.661112
vt 0.922193 0.646465
vt 0.925288 0.631381
vt 0.926843 0.631483
vt 0.912408 0.674846
vt 0.916656 0.660646
vt 0.920407 0.646194
vt 0.923721 0.631241
vt 0.926638 0.616130
vt 0.927965 0.616323
vt 0.914631 0.660146
vt 0.918636 0.645787
vt 0.922163 0.631061
vt 0.925299 0.615970
vt 0.928014 0.600984
vt 0.929139 0.601169
vt 0.916871 0.645348
vt 0.920619 0.630844
vt 0.923955 0.615859
vt 0.926896 0.600840
vt 0.929358 0.585972
vt 0.930269 0.586123
vt 0.919074 0.630602
vt 0.922616 0.615783
vt 0.925771 0.600756
vt 0.928462 0.585855
vt 0.930680 0.571048
vt 0.931367 0.571162
vt 0.921278 0.615687
vt 0.924632 0.600710
vt 0.927560 0.585788
vt 0.930006 0.570961
vt 0.931984 0.556200
vt 0.932444 0.556276
vt 0.923495 0.600649
vt 0.926638 0.585751
vt 0.929329 0.570910
vt 0.931535 0.556142
vt 0.933281 0.541388
vt 0.933511 0.541425
vt 0.934574 0.526599
vt 0.934568 0.526597
vt 0.934574 0.526597
vt 0.933055 0.541358
vt 0.934572 0.526597
vt 0.932829 0.541341
vt 0.934570 0.526600
vt 0.931083 0.556108
vt 0.932595 0.541331
vt 0.934570 0.526597
vt 0.930617 0.556088
vt 0.932362 0.541317
vt 0.934569 0.526598
vt 0.928633 0.570881
vt 0.930151 0.556061
vt 0.932136 0.541290
vt 0.934569 0.526596
vt 0.927937 0.570842
vt 0.929702 0.556007
vt 0.931915 0.541243
vt 0.931690 0.541181
vt 0.929258 0.555913
vt 0.928809 0.555789
vt 0.925717 0.585701
vt 0.927263 0.570760
vt 0.926599 0.570621
vt 0.925928 0.570434
vt 0.924820 0.585593
vt 0.923936 0.585407
vt 0.923047 0.585159
vt 0.922377 0.600515
vt 0.921275 0.600285
vt 0.920177 0.599980
vt 0.919940 0.615517
vt 0.918618 0.615253
vt 0.917320 0.614918
vt 0.917516 0.630352
vt 0.915955 0.630097
vt 0.914415 0.629836
vt 0.915093 0.644993
vt 0.913300 0.644765
vt 0.911487 0.644619
vt 0.912641 0.659747
vt 0.910624 0.659484
vt 0.908546 0.659304
vt 0.910187 0.674402
vt 0.907944 0.674099
vt 0.905616 0.673872
vt 0.907749 0.688982
vt 0.905280 0.688641
vt 0.902712 0.688379
vt 0.905324 0.703527
vt 0.902631 0.703150
vt 0.899831 0.702861
vt 0.902910 0.718074
vt 0.899995 0.717663
vt 0.896975 0.717358
vt 0.900505 0.732683
vt 0.897377 0.732238
vt 0.898075 0.747537
vt 0.895600 0.762630
vt 0.958688 0.531405
vt 0.952894 0.530929
vt 0.954521 0.515255
vt 0.960066 0.515703
vt 0.964450 0.531767
vt 0.956275 0.499679
vt 0.965595 0.516035
vt 0.970513 0.532067
vt 0.961570 0.500100
vt 0.958062 0.484170
vt 0.971444 0.516289
vt 0.976523 0.532332
vt 0.966868 0.500364
vt 0.963100 0.484595
vt 0.959867 0.468544
vt 0.977274 0.516506
vt 0.982163 0.532564
vt 0.972479 0.500513
vt 0.968166 0.484785
vt 0.964637 0.469045
vt 0.961769 0.452482
vt 0.982759 0.516706
vt 0.987816 0.532722
vt 0.978074 0.500628
vt 0.973530 0.484783
vt 0.969460 0.469223
vt 0.966302 0.453073
vt 0.963954 0.437749
vt 0.988251 0.516894
vt 0.993867 0.532870
vt 0.983340 0.500787
vt 0.978887 0.484739
vt 0.974551 0.469115
vt 0.970869 0.453364
vt 0.968198 0.438404
vt 0.965934 0.422805
vt 0.994103 0.517089
vt 1.000000 0.532977
vt 0.999993 0.517241
vt 0.988605 0.501019
vt 0.994202 0.501321
vt 0.999824 0.501594
vt 0.969945 0.423388
vt 0.967712 0.407605
vt 0.972500 0.438789
vt 0.983945 0.484831
vt 0.994325 0.485602
vt 0.999665 0.486046
vt 0.988993 0.485132
vt 0.971503 0.408075
vt 0.969359 0.392328
vt 0.979674 0.468930
vt 0.994546 0.469922
vt 0.999585 0.470473
vt 0.989468 0.469319
vt 0.984579 0.468951
vt 0.975661 0.453422
vt 0.994652 0.454126
vt 0.999419 0.454418
vt 0.989839 0.453725
vt 0.985176 0.453433
vt 0.980498 0.453379
vt 0.976872 0.438954
vt 0.994326 0.439571
vt 0.998660 0.439699
vt 0.989966 0.439315
vt 0.985621 0.439101
vt 0.981264 0.439004
vt 0.973983 0.423795
vt 0.994199 0.424605
vt 0.998226 0.424624
vt 0.990170 0.424481
vt 0.986117 0.424332
vt 0.982060 0.424200
vt 0.978019 0.424047
vt 0.975301 0.408497
vt 0.994259 0.409385
vt 0.998042 0.409265
vt 0.990476 0.409428
vt 0.986659 0.409359
vt 0.982846 0.409168
vt 0.979071 0.408870
vt 0.972937 0.392699
vt 0.970944 0.377174
vt 0.994402 0.394118
vt 0.997985 0.393860
vt 0.990816 0.394318
vt 0.987218 0.394321
vt 0.983628 0.394076
vt 0.980064 0.393637
vt 0.974307 0.377478
vt 0.972526 0.362247
vt 0.994564 0.378971
vt 0.997967 0.378619
vt 0.991156 0.379274
vt 0.987771 0.379326
vt 0.984399 0.379045
vt 0.994683 0.364000
vt 0.997904 0.363615
vt 0.991463 0.364336
vt 0.988310 0.364405
vt 0.994791 0.349135
vt 0.997811 0.348810
vt 0.991775 0.349411
vt 0.994893 0.334329
vt 0.997694 0.334054
vt 0.981022 0.378515
vt 0.985171 0.364119
vt 0.988847 0.349460
vt 0.992092 0.334559
vt 0.994974 0.319546
vt 0.997544 0.319303
vt 0.981987 0.363563
vt 0.985932 0.349207
vt 0.989382 0.334593
vt 0.992402 0.319749
vt 0.995035 0.304743
vt 0.997364 0.304518
vt 0.982947 0.348720
vt 0.986681 0.334369
vt 0.989912 0.319775
vt 0.992703 0.304930
vt 0.995074 0.289873
vt 0.997149 0.289658
vt 0.983907 0.333940
vt 0.987429 0.319570
vt 0.990438 0.304954
vt 0.992995 0.290051
vt 0.995088 0.274883
vt 0.996894 0.274693
vt 0.984879 0.319184
vt 0.988179 0.304765
vt 0.990958 0.290075
vt 0.993283 0.275039
vt 0.995145 0.259801
vt 0.996703 0.259773
vt 0.985868 0.304410
vt 0.988932 0.289901
vt 0.991484 0.275056
vt 0.993590 0.259803
vt 0.995261 0.244596
vt 0.996599 0.244684
vt 0.986871 0.289571
vt 0.989686 0.274907
vt 0.992021 0.259767
vt 0.993924 0.244489
vt 0.995392 0.229385
vt 0.996528 0.229480
vt 0.987896 0.274620
vt 0.990459 0.259691
vt 0.992577 0.244417
vt 0.994257 0.229274
vt 0.995492 0.214289
vt 0.996411 0.214366
vt 0.988908 0.259578
vt 0.991228 0.244395
vt 0.993130 0.229205
vt 0.994573 0.214199
vt 0.995573 0.199283
vt 0.996267 0.199340
vt 0.989887 0.244408
vt 0.992001 0.229196
vt 0.993670 0.214142
vt 0.994879 0.199216
vt 0.995643 0.184355
vt 0.996108 0.184392
vt 0.990861 0.229227
vt 0.992765 0.214136
vt 0.994201 0.199174
vt 0.995178 0.184311
vt 0.995706 0.169463
vt 0.995938 0.169482
vt 0.995769 0.154595
vt 0.995763 0.154595
vt 0.995769 0.154597
vt 0.995473 0.169441
vt 0.995767 0.154596
vt 0.995248 0.169426
vt 0.995766 0.154595
vt 0.994726 0.184283
vt 0.995020 0.169426
vt 0.995765 0.154596
vt 0.994273 0.184279
vt 0.994786 0.169431
vt 0.995765 0.154596
vt 0.993522 0.199168
vt 0.993806 0.184291
vt 0.994553 0.169433
vt 0.995764 0.154597
vt 0.992825 0.199186
vt 0.993340 0.184295
vt 0.994326 0.169422
vt 0.994102 0.169390
vt 0.992887 0.184271
vt 0.992439 0.184208
vt 0.991842 0.214161
vt 0.992128 0.199194
vt 0.991450 0.199159
vt 0.990777 0.199064
vt 0.990919 0.214173
vt 0.990016 0.214127
vt 0.989121 0.214002
vt 0.989721 0.229243
vt 0.988596 0.229185
vt 0.987479 0.229031
vt 0.988546 0.244404
vt 0.987200 0.244324
vt 0.985863 0.244152
vt 0.987355 0.259439
vt 0.985789 0.259293
vt 0.984220 0.259141
vt 0.986109 0.274298
vt 0.984316 0.274058
vt 0.982516 0.273942
vt 0.984818 0.289205
vt 0.982805 0.288932
vt 0.980774 0.288795
vt 0.983562 0.304017
vt 0.981316 0.303717
vt 0.979056 0.303556
vt 0.982335 0.318757
vt 0.979863 0.318429
vt 0.977376 0.318247
vt 0.981136 0.333468
vt 0.978442 0.333105
vt 0.975731 0.332901
vt 0.979963 0.348185
vt 0.977050 0.347776
vt 0.974118 0.347546
vt 0.978806 0.362959
vt 0.975676 0.362503
vt 0.977655 0.377937
vt 0.976508 0.393143
vt 0.062390 0.977772
vt 0.056659 0.977238
vt 0.059345 0.959997
vt 0.064770 0.960487
vt 0.068275 0.977909
vt 0.062242 0.942756
vt 0.070366 0.960600
vt 0.074097 0.977980
vt 0.067353 0.943181
vt 0.065180 0.925382
vt 0.075938 0.960644
vt 0.079681 0.978315
vt 0.072611 0.943245
vt 0.069968 0.925768
vt 0.068111 0.907516
vt 0.081314 0.960944
vt 0.085229 0.979025
vt 0.077858 0.943243
vt 0.074858 0.925813
vt 0.072552 0.908015
vt 0.071228 0.888968
vt 0.086652 0.961649
vt 0.090962 0.980040
vt 0.082950 0.943507
vt 0.079757 0.925786
vt 0.077031 0.908254
vt 0.075302 0.889791
vt 0.074027 0.873721
vt 0.092136 0.962641
vt 0.096770 0.981001
vt 0.088004 0.944190
vt 0.084579 0.926022
vt 0.081562 0.908413
vt 0.079390 0.890670
vt 0.077786 0.874617
vt 0.076530 0.858848
vt 0.097655 0.963572
vt 0.102500 0.981544
vt 0.103075 0.964101
vt 0.093160 0.945164
vt 0.098339 0.946077
vt 0.103439 0.946612
vt 0.080026 0.859639
vt 0.078969 0.843991
vt 0.081537 0.875641
vt 0.089366 0.926676
vt 0.099001 0.928462
vt 0.103778 0.928971
vt 0.094183 0.927603
vt 0.082207 0.844674
vt 0.081445 0.829082
vt 0.086136 0.908720
vt 0.099758 0.910521
vt 0.104233 0.910853
vt 0.095254 0.909943
vt 0.090713 0.909275
vt 0.083545 0.891480
vt 0.100335 0.892100
vt 0.104471 0.892045
vt 0.096215 0.892226
vt 0.092044 0.892275
vt 0.087792 0.892055
vt 0.085310 0.876577
vt 0.100721 0.876742
vt 0.104579 0.876559
vt 0.096849 0.877058
vt 0.092975 0.877286
vt 0.089123 0.877160
vt 0.083531 0.860546
vt 0.101294 0.861625
vt 0.104876 0.861498
vt 0.097681 0.861867
vt 0.094082 0.862025
vt 0.090543 0.861885
vt 0.087039 0.861368
vt 0.085463 0.845458
vt 0.101933 0.846527
vt 0.105242 0.846458
vt 0.098587 0.846690
vt 0.095251 0.846780
vt 0.091973 0.846628
vt 0.088725 0.846168
vt 0.084425 0.829681
vt 0.083980 0.814099
vt 0.102550 0.831394
vt 0.105584 0.831363
vt 0.099486 0.831502
vt 0.096426 0.831543
vt 0.093410 0.831385
vt 0.090413 0.830977
vt 0.086686 0.814625
vt 0.086587 0.799095
vt 0.103151 0.816200
vt 0.105907 0.816199
vt 0.100381 0.816251
vt 0.097613 0.816244
vt 0.094870 0.816078
vt 0.103777 0.800964
vt 0.106260 0.800999
vt 0.101291 0.800933
vt 0.098810 0.800852
vt 0.104405 0.785691
vt 0.106603 0.785772
vt 0.102218 0.785551
vt 0.105084 0.770314
vt 0.107009 0.770411
vt 0.092144 0.815718
vt 0.096342 0.800673
vt 0.100037 0.785372
vt 0.103166 0.770138
vt 0.105751 0.754939
vt 0.107402 0.755031
vt 0.093892 0.800376
vt 0.097850 0.785170
vt 0.101250 0.769929
vt 0.104099 0.754766
vt 0.106405 0.739594
vt 0.107781 0.739675
vt 0.095664 0.784951
vt 0.099332 0.769732
vt 0.102449 0.754564
vt 0.105022 0.739439
vt 0.107044 0.724296
vt 0.108147 0.724362
vt 0.097412 0.769561
vt 0.100805 0.754385
vt 0.103642 0.739260
vt 0.105935 0.724167
vt 0.107673 0.709042
vt 0.108500 0.709092
vt 0.099156 0.754248
vt 0.102270 0.739106
vt 0.104827 0.724018
vt 0.106839 0.708943
vt 0.108295 0.693811
vt 0.108846 0.693845
vt 0.100895 0.738996
vt 0.103729 0.723893
vt 0.106006 0.708829
vt 0.107738 0.693744
vt 0.108910 0.678608
vt 0.109186 0.678625
vt 0.109526 0.663405
vt 0.109526 0.663405
vt 0.109525 0.663405
vt 0.108631 0.678575
vt 0.109525 0.663405
vt 0.108353 0.678536
vt 0.109525 0.663405
vt 0.107182 0.693667
vt 0.108078 0.678504
vt 0.109525 0.663405
vt 0.106633 0.693604
vt 0.107803 0.678483
vt 0.109523 0.663406
vt 0.105183 0.708734
vt 0.106082 0.693562
vt 0.107524 0.678468
vt 0.109523 0.663404
vt 0.104357 0.708671
vt 0.105521 0.693532
vt 0.107243 0.678449
vt 0.109522 0.663405
vt 0.106969 0.678413
vt 0.104962 0.693492
vt 0.104414 0.693420
vt 0.102628 0.723807
vt 0.103518 0.708624
vt 0.102680 0.708563
vt 0.101858 0.708455
vt 0.101513 0.723743
vt 0.100399 0.723659
vt 0.099304 0.723514
vt 0.099506 0.738910
vt 0.098119 0.738800
vt 0.096752 0.738617
vt 0.097498 0.754132
vt 0.095843 0.753988
vt 0.094205 0.753765
vt 0.095491 0.769401
vt 0.093574 0.769209
vt 0.091666 0.768938
vt 0.093489 0.784710
vt 0.091316 0.784431
vt 0.089142 0.784093
vt 0.091455 0.799981
vt 0.089024 0.799537
vt 0.089411 0.815202
vt 0.087415 0.830361
vt 0.819462 0.864481
vt 0.813823 0.863071
vt 0.817880 0.847803
vt 0.823278 0.849169
vt 0.825426 0.865859
vt 0.822132 0.832659
vt 0.829025 0.850487
vt 0.831342 0.867173
vt 0.827288 0.833958
vt 0.826379 0.817672
vt 0.834773 0.851736
vt 0.836884 0.868385
vt 0.832793 0.835160
vt 0.831303 0.818858
vt 0.830603 0.802670
vt 0.840187 0.852893
vt 0.842439 0.869539
vt 0.838306 0.836287
vt 0.836567 0.819871
vt 0.835288 0.803762
vt 0.835006 0.787212
vt 0.845601 0.854045
vt 0.848376 0.870752
vt 0.843497 0.837368
vt 0.841847 0.820802
vt 0.840286 0.804606
vt 0.839421 0.788363
vt 0.839514 0.773230
vt 0.851360 0.855248
vt 0.854383 0.871926
vt 0.848677 0.838498
vt 0.846820 0.821777
vt 0.845330 0.805359
vt 0.844092 0.789317
vt 0.843651 0.774368
vt 0.843763 0.758828
vt 0.857144 0.856389
vt 0.860107 0.872938
vt 0.862630 0.857343
vt 0.854171 0.839717
vt 0.859687 0.840865
vt 0.864924 0.841782
vt 0.847667 0.759883
vt 0.847881 0.744026
vt 0.847889 0.775288
vt 0.851759 0.822915
vt 0.862179 0.825441
vt 0.867158 0.826366
vt 0.856960 0.824219
vt 0.851561 0.745040
vt 0.851914 0.729116
vt 0.850134 0.806236
vt 0.864697 0.810032
vt 0.869420 0.810945
vt 0.859790 0.808764
vt 0.854878 0.807394
vt 0.848821 0.790157
vt 0.867204 0.794286
vt 0.871706 0.795036
vt 0.862551 0.793252
vt 0.857890 0.792090
vt 0.853375 0.791030
vt 0.852157 0.776089
vt 0.869050 0.779783
vt 0.873291 0.780431
vt 0.864805 0.778895
vt 0.860582 0.777885
vt 0.856383 0.776925
vt 0.851587 0.760791
vt 0.871291 0.764919
vt 0.875286 0.765549
vt 0.867341 0.764150
vt 0.863413 0.763297
vt 0.859471 0.762437
vt 0.855522 0.761614
vt 0.855215 0.746013
vt 0.873790 0.749779
vt 0.877563 0.750354
vt 0.870056 0.749177
vt 0.866334 0.748519
vt 0.862598 0.747773
vt 0.858882 0.746930
vt 0.855370 0.730113
vt 0.855872 0.714339
vt 0.876399 0.734597
vt 0.879962 0.735096
vt 0.872836 0.734165
vt 0.869278 0.733694
vt 0.865736 0.733055
vt 0.862241 0.732194
vt 0.859108 0.715321
vt 0.859812 0.699807
vt 0.879020 0.719566
vt 0.882375 0.719990
vt 0.875614 0.719267
vt 0.872208 0.718935
vt 0.868864 0.718382
vt 0.881560 0.704750
vt 0.884704 0.705114
vt 0.878326 0.704531
vt 0.875097 0.704277
vt 0.884033 0.690132
vt 0.886957 0.690475
vt 0.881007 0.689903
vt 0.886474 0.675568
vt 0.889175 0.675889
vt 0.865585 0.717523
vt 0.871975 0.703788
vt 0.877987 0.689638
vt 0.883669 0.675340
vt 0.888887 0.661008
vt 0.891364 0.661301
vt 0.868925 0.702962
vt 0.875091 0.689172
vt 0.880870 0.675074
vt 0.886314 0.660797
vt 0.891285 0.646416
vt 0.893536 0.646676
vt 0.872257 0.688416
vt 0.878192 0.674634
vt 0.883745 0.660546
vt 0.888952 0.646233
vt 0.893672 0.631748
vt 0.895696 0.631973
vt 0.875567 0.673942
vt 0.881287 0.660139
vt 0.886622 0.646011
vt 0.891590 0.631603
vt 0.896042 0.616979
vt 0.897834 0.617182
vt 0.878874 0.659506
vt 0.884386 0.645642
vt 0.889511 0.631419
vt 0.894232 0.616853
vt 0.898460 0.602268
vt 0.900017 0.602507
vt 0.882192 0.645064
vt 0.887500 0.631090
vt 0.892427 0.616694
vt 0.896922 0.602022
vt 0.900994 0.587396
vt 0.902318 0.587649
vt 0.885534 0.630567
vt 0.890653 0.616402
vt 0.895393 0.601753
vt 0.899692 0.587074
vt 0.903571 0.572411
vt 0.904677 0.572632
vt 0.888910 0.615941
vt 0.893857 0.601444
vt 0.898395 0.586734
vt 0.902470 0.572116
vt 0.906094 0.557506
vt 0.906980 0.557682
vt 0.892335 0.601096
vt 0.897082 0.586425
vt 0.901371 0.571807
vt 0.905202 0.557268
vt 0.908578 0.542686
vt 0.909245 0.542817
vt 0.895758 0.586168
vt 0.900274 0.571540
vt 0.904312 0.557018
vt 0.907905 0.542508
vt 0.911036 0.527941
vt 0.911481 0.528028
vt 0.899163 0.571334
vt 0.903433 0.556804
vt 0.907233 0.542320
vt 0.910585 0.527823
vt 0.913479 0.513232
vt 0.913701 0.513275
vt 0.915915 0.498547
vt 0.915916 0.498547
vt 0.915915 0.498547
vt 0.913253 0.513173
vt 0.915915 0.498547
vt 0.913027 0.513111
vt 0.915915 0.498547
vt 0.910135 0.527698
vt 0.912807 0.513057
vt 0.915914 0.498547
vt 0.909695 0.527591
vt 0.912585 0.513016
vt 0.915914 0.498547
vt 0.906573 0.542159
vt 0.909249 0.527508
vt 0.912354 0.512981
vt 0.915914 0.498547
vt 0.905905 0.542035
vt 0.908788 0.527438
vt 0.912123 0.512942
vt 0.915914 0.498547
vt 0.911902 0.512890
vt 0.908328 0.527361
vt 0.907887 0.527258
vt 0.902543 0.556639
vt 0.905216 0.541931
vt 0.904528 0.541817
vt 0.903867 0.541664
vt 0.901630 0.556502
vt 0.900719 0.556354
vt 0.899838 0.556151
vt 0.898035 0.571165
vt 0.896909 0.570982
vt 0.895810 0.570731
vt 0.894436 0.585947
vt 0.893117 0.585707
vt 0.891805 0.585395
vt 0.890829 0.600715
vt 0.889327 0.600309
vt 0.887815 0.599889
vt 0.887199 0.615345
vt 0.885496 0.614718
vt 0.883774 0.614167
vt 0.883562 0.629882
vt 0.881603 0.629162
vt 0.879668 0.628538
vt 0.879976 0.644313
vt 0.877772 0.643524
vt 0.875610 0.642840
vt 0.876427 0.658685
vt 0.873993 0.657826
vt 0.871611 0.657081
vt 0.872903 0.673042
vt 0.870250 0.672106
vt 0.867653 0.671297
vt 0.869392 0.687427
vt 0.866536 0.686400
vt 0.863726 0.685521
vt 0.865873 0.701875
vt 0.862832 0.700757
vt 0.862340 0.716437
vt 0.858800 0.731172
vt 0.000000 0.008658
vt 0.033406 0.000190
vt 0.058017 0.149254
vt 0.060995 0.002656
vt 0.088401 0.007867
vt 0.112938 0.007420
vt 0.117150 0.707856
vt 0.135625 0.687927
vt 0.260237 0.775582
vt 0.109525 0.735827
vt 0.112012 0.759792
vt 0.108166 0.784873
vt 0.782919 0.014181
vt 0.807512 0.006335
vt 0.817694 0.154552
vt 0.834286 0.000187
vt 0.862186 0.009035
vt 0.881170 0.024613
vt 0.685054 0.055874
vt 0.699119 0.034755
vt 0.805188 0.144122
vt 0.715913 0.013391
vt 0.742347 0.001485
vt 0.766406 0.000192
vt 0.929533 0.129930
vt 0.949160 0.138201
vt 0.928596 0.288268
vt 0.909809 0.137968
vt 0.893528 0.145452
vt 0.875633 0.146360
vt 0.262690 0.774296
vt 0.271300 0.754602
vt 0.423621 0.790123
vt 0.267298 0.795291
vt 0.271565 0.812454
vt 0.272413 0.830119
vt 0.889427 0.003105
vt 0.910525 0.000192
vt 0.870482 0.153386
vt 0.927500 0.013057
vt 0.941291 0.024497
vt 0.958343 0.030002
vt 0.746863 0.751533
vt 0.762159 0.742655
vt 0.810661 0.891352
vt 0.781039 0.732381
vt 0.802352 0.735165
vt 0.819819 0.737939
vt 0.356906 0.672114
vt 0.337824 0.654658
vt 0.348530 0.656372
vt 0.361973 0.642539
vt 0.338449 0.684176
vt 0.338936 0.622826
vt 0.315957 0.653614
vt 0.311970 0.620809
vt 0.354696 0.686897
vt 0.370629 0.691457
vt 0.379746 0.664188
vt 0.369403 0.661112
vt 0.364780 0.627412
vt 0.389864 0.634462
vt 0.342340 0.587729
vt 0.311377 0.583661
vt 0.372421 0.594313
vt 0.351613 0.714639
vt 0.361932 0.717483
vt 0.386161 0.698112
vt 0.371937 0.721811
vt 0.352651 0.747471
vt 0.341232 0.713351
vt 0.381432 0.727390
vt 0.331027 0.713601
vt 0.321935 0.684056
vt 0.400058 0.672643
vt 0.414446 0.644456
vt 0.401270 0.706596
vt 0.390337 0.733890
vt 0.419997 0.683441
vt 0.416012 0.716449
vt 0.401090 0.602521
vt 0.398698 0.741031
vt 0.438898 0.657116
vt 0.439638 0.695992
vt 0.430014 0.727636
vt 0.406514 0.748568
vt 0.449164 0.702779
vt 0.444987 0.718521
vt 0.468148 0.717064
vt 0.443539 0.739369
vt 0.487558 0.687236
vt 0.473533 0.698245
vt 0.511348 0.704168
vt 0.463276 0.671420
vt 0.413458 0.756402
vt 0.477736 0.724656
vt 0.455824 0.751740
vt 0.418906 0.764417
vt 0.495125 0.740355
vt 0.422134 0.772388
vt 0.422490 0.779990
vt 0.419585 0.786790
vt 0.465907 0.764784
vt 0.472739 0.778417
vt 0.475133 0.792739
vt 0.472392 0.806990
vt 0.527487 0.816706
vt 0.509935 0.757328
vt 0.521043 0.775558
vt 0.501642 0.794313
vt 0.527128 0.805431
vt 0.586049 0.814439
vt 0.523938 0.784968
vt 0.569651 0.764014
vt 0.554169 0.791394
vt 0.533734 0.722440
vt 0.553627 0.742603
vt 0.580877 0.787844
vt 0.635452 0.770100
vt 0.647478 0.800916
vt 0.618319 0.743597
vt 0.689485 0.741634
vt 0.709193 0.774073
vt 0.666194 0.714125
vt 0.607237 0.731396
vt 0.575592 0.731238
vt 0.584069 0.708947
vt 0.571843 0.698550
vt 0.740816 0.702515
vt 0.768205 0.734086
vt 0.711170 0.675495
vt 0.639266 0.690095
vt 0.618307 0.705190
vt 0.786826 0.653071
vt 0.820959 0.681800
vt 0.544399 0.678610
vt 0.608468 0.666948
vt 0.674241 0.646324
vt 0.750256 0.627769
vt 0.823961 0.594044
vt 0.863761 0.619583
vt 0.575839 0.646975
vt 0.638862 0.621536
vt 0.704195 0.598761
vt 0.784001 0.574058
vt 0.853717 0.526881
vt 0.898617 0.542929
vt 0.604715 0.605495
vt 0.663655 0.575723
vt 0.737657 0.552602
vt 0.806794 0.513400
vt 0.872936 0.460333
vt 0.917942 0.467417
vt 0.629968 0.562207
vt 0.692723 0.534156
vt 0.764323 0.499750
vt 0.821142 0.449972
vt 0.870921 0.389509
vt 0.915502 0.387036
vt 0.654255 0.518616
vt 0.720236 0.485467
vt 0.777203 0.441376
vt 0.823935 0.385328
vt 0.856374 0.316931
vt 0.896519 0.303360
vt 0.675854 0.471849
vt 0.734320 0.432274
vt 0.782031 0.382435
vt 0.816641 0.323417
vt 0.834940 0.256044
vt 0.869120 0.239031
vt 0.687453 0.421939
vt 0.739579 0.377743
vt 0.777149 0.325395
vt 0.800269 0.266549
vt 0.805874 0.202756
vt 0.833079 0.183432
vt 0.691896 0.372196
vt 0.737280 0.324142
vt 0.764541 0.272176
vt 0.776932 0.215744
vt 0.770476 0.158001
vt 0.790012 0.138245
vt 0.693974 0.322279
vt 0.728166 0.273779
vt 0.746137 0.223689
vt 0.747855 0.171888
vt 0.730163 0.122306
vt 0.742238 0.104491
vt 0.690181 0.272963
vt 0.713645 0.227943
vt 0.722607 0.181067
vt 0.714026 0.135387
vt 0.685591 0.095515
vt 0.691344 0.081956
vt 0.680215 0.229118
vt 0.695320 0.186594
vt 0.694702 0.144509
vt 0.675646 0.106053
vt 0.634775 0.077006
vt 0.636159 0.069614
vt 0.559177 0.066470
vt 0.630303 0.083232
vt 0.623273 0.088212
vt 0.614363 0.092021
vt 0.604305 0.094853
vt 0.662420 0.113834
vt 0.646836 0.119299
vt 0.673045 0.150491
vt 0.629803 0.123006
vt 0.649922 0.154175
vt 0.593703 0.096924
vt 0.612091 0.125456
vt 0.666687 0.189461
vt 0.626127 0.156274
vt 0.582899 0.098321
vt 0.637398 0.190571
vt 0.594224 0.126883
vt 0.572027 0.098922
vt 0.602286 0.157148
vt 0.646097 0.228468
vt 0.576527 0.127174
vt 0.608147 0.190385
vt 0.651302 0.270395
vt 0.561200 0.098473
vt 0.578861 0.156730
vt 0.611764 0.226822
vt 0.652541 0.319092
vt 0.559259 0.126013
vt 0.550612 0.096731
vt 0.579570 0.188862
vt 0.612526 0.266322
vt 0.648788 0.365827
vt 0.540524 0.093571
vt 0.531202 0.089017
vt 0.522833 0.083230
vt 0.542672 0.123089
vt 0.526972 0.118211
vt 0.556208 0.154693
vt 0.534581 0.150668
vt 0.512291 0.111328
vt 0.552095 0.185696
vt 0.514100 0.144373
vt 0.578536 0.223844
vt 0.525949 0.180496
vt 0.546785 0.219317
vt 0.575352 0.261514
vt 0.611512 0.310764
vt 0.494758 0.135673
vt 0.501129 0.172915
vt 0.516629 0.212866
vt 0.540128 0.255463
vt 0.569627 0.301605
vt 0.607189 0.355963
vt 0.498682 0.102534
vt 0.642419 0.411210
vt 0.630771 0.458888
vt 0.598243 0.400170
vt 0.562397 0.344136
vt 0.612886 0.504453
vt 0.586824 0.445183
vt 0.590467 0.548459
vt 0.532058 0.293926
vt 0.554146 0.387795
vt 0.571692 0.489927
vt 0.567450 0.590329
vt 0.506622 0.247738
vt 0.523586 0.334418
vt 0.542153 0.431279
vt 0.552606 0.533008
vt 0.542636 0.627748
vt 0.487876 0.204103
vt 0.513910 0.376156
vt 0.526657 0.473205
vt 0.531418 0.572971
vt 0.515586 0.659769
vt 0.509497 0.609569
vt 0.486656 0.642641
vt 0.477033 0.593859
vt 0.512309 0.515884
vt 0.495622 0.557202
vt 0.472053 0.634807
vt 0.467546 0.610317
vt 0.448584 0.641878
vt 0.443531 0.620335
vt 0.429401 0.613663
vt 0.474902 0.500321
vt 0.460126 0.542755
vt 0.444987 0.579782
vt 0.413657 0.567813
vt 0.425847 0.530131
vt 0.381504 0.557459
vt 0.487765 0.459256
vt 0.438310 0.488818
vt 0.390994 0.517974
vt 0.347716 0.545636
vt 0.501129 0.419008
vt 0.450859 0.447838
vt 0.399816 0.477599
vt 0.354050 0.504859
vt 0.315733 0.538692
vt 0.462349 0.406808
vt 0.408735 0.435962
vt 0.361630 0.465809
vt 0.322650 0.496948
vt 0.474649 0.365268
vt 0.421606 0.394678
vt 0.369696 0.424523
vt 0.325585 0.457360
vt 0.486105 0.324317
vt 0.435140 0.354276
vt 0.384937 0.383004
vt 0.329388 0.412676
vt 0.496280 0.284801
vt 0.448310 0.314262
vt 0.400835 0.344133
vt 0.343622 0.370562
vt 0.474533 0.237837
vt 0.461358 0.273911
vt 0.413146 0.302920
vt 0.361118 0.329508
vt 0.426576 0.261458
vt 0.442970 0.225694
vt 0.460156 0.192787
vt 0.374993 0.287114
vt 0.391378 0.246494
vt 0.411879 0.211101
vt 0.477453 0.162747
vt 0.433072 0.178814
vt 0.476463 0.124601
vt 0.454666 0.149954
vt 0.356363 0.229743
vt 0.380761 0.194052
vt 0.406319 0.162268
vt 0.432550 0.134693
vt 0.459092 0.111364
vt 0.486118 0.092061
vt 0.333513 0.268909
vt 0.515460 0.076469
vt 0.508952 0.069005
vt 0.474482 0.080230
vt 0.442518 0.096292
vt 0.503117 0.061034
vt 0.463669 0.067332
vt 0.410982 0.117267
vt 0.497969 0.052669
vt 0.426709 0.079704
vt 0.379782 0.143395
vt 0.453856 0.053541
vt 0.493922 0.044055
vt 0.390006 0.097994
vt 0.349499 0.174698
vt 0.491700 0.035487
vt 0.492074 0.027435
vt 0.445756 0.038972
vt 0.411977 0.061774
vt 0.440549 0.023833
vt 0.439593 0.008523
vt 0.353570 0.122486
vt 0.320917 0.210895
vt 0.399199 0.042531
vt 0.389768 0.021980
vt 0.385337 0.000192
vt 0.370019 0.077031
vt 0.318242 0.153305
vt 0.337232 0.029656
vt 0.327536 0.002720
vt 0.351953 0.054324
vt 0.328124 0.099688
vt 0.283422 0.047549
vt 0.267094 0.017194
vt 0.304311 0.074859
vt 0.287411 0.130025
vt 0.285096 0.190162
vt 0.230127 0.076199
vt 0.205762 0.044181
vt 0.257863 0.104635
vt 0.179711 0.115766
vt 0.146616 0.085696
vt 0.249423 0.167636
vt 0.213864 0.142527
vt 0.294896 0.251462
vt 0.125592 0.162774
vt 0.078487 0.136734
vt 0.175412 0.189452
vt 0.215245 0.211640
vt 0.255251 0.232401
vt 0.314322 0.311754
vt 0.081019 0.216769
vt 0.028203 0.191447
vt 0.141674 0.242801
vt 0.186071 0.261306
vt 0.230483 0.279263
vt 0.272657 0.295962
vt 0.298371 0.356439
vt 0.062223 0.282926
vt 0.010956 0.261413
vt 0.117450 0.301819
vt 0.164896 0.315009
vt 0.211673 0.329560
vt 0.256653 0.343718
vt 0.287768 0.402694
vt 0.052126 0.354601
vt 0.004502 0.345663
vt 0.102928 0.363631
vt 0.149534 0.373591
vt 0.197121 0.381629
vt 0.245554 0.393092
vt 0.284569 0.449701
vt 0.047484 0.424844
vt 0.000000 0.425239
vt 0.101020 0.423834
vt 0.144098 0.425516
vt 0.187552 0.433136
vt 0.237687 0.443273
vt 0.284122 0.493989
vt 0.056853 0.493577
vt 0.014438 0.501176
vt 0.103067 0.485322
vt 0.144845 0.480670
vt 0.188604 0.487448
vt 0.235258 0.493261
vt 0.279331 0.538753
vt 0.078452 0.555988
vt 0.042012 0.568439
vt 0.117172 0.547957
vt 0.157190 0.543250
vt 0.197746 0.541901
vt 0.236821 0.540608
vt 0.294968 0.583771
vt 0.277816 0.561489
vt 0.280488 0.602272
vt 0.243947 0.584490
vt 0.260715 0.584304
vt 0.284253 0.621144
vt 0.210244 0.587154
vt 0.256196 0.623210
vt 0.227263 0.627789
vt 0.293626 0.654934
vt 0.175300 0.592106
vt 0.271004 0.658200
vt 0.305350 0.685850
vt 0.321108 0.715165
vt 0.288783 0.689285
vt 0.260051 0.660634
vt 0.311495 0.717771
vt 0.237595 0.645226
vt 0.237466 0.666493
vt 0.272310 0.694117
vt 0.259687 0.678445
vt 0.256304 0.699956
vt 0.302142 0.721190
vt 0.198464 0.634020
vt 0.293144 0.725353
vt 0.225665 0.669943
vt 0.141363 0.598983
vt 0.170363 0.642861
vt 0.203941 0.678944
vt 0.241328 0.707784
vt 0.284951 0.730371
vt 0.125589 0.604097
vt 0.144032 0.655324
vt 0.093444 0.582840
vt 0.094133 0.617596
vt 0.078255 0.626056
vt 0.121168 0.671911
vt 0.125976 0.632470
vt 0.184429 0.690978
vt 0.168521 0.706889
vt 0.228498 0.717711
vt 0.219196 0.730195
vt 0.278353 0.736395
vt 0.274260 0.743436
vt 0.922604 0.397676
vt 0.916839 0.397038
vt 0.919170 0.381154
vt 0.924700 0.381751
vt 0.928690 0.398105
vt 0.921606 0.365322
vt 0.930556 0.382146
vt 0.934743 0.398474
vt 0.926899 0.365851
vt 0.924081 0.349538
vt 0.936397 0.382481
vt 0.940432 0.398916
vt 0.932499 0.366174
vt 0.929135 0.349974
vt 0.926551 0.333757
vt 0.941900 0.382896
vt 0.946112 0.399527
vt 0.938086 0.366444
vt 0.934469 0.350184
vt 0.931368 0.334079
vt 0.928986 0.317859
vt 0.947390 0.383483
vt 0.952136 0.400253
vt 0.943352 0.366817
vt 0.939784 0.350351
vt 0.936427 0.334136
vt 0.933564 0.318096
vt 0.931435 0.301456
vt 0.953196 0.384205
vt 0.958202 0.400928
vt 0.948604 0.367393
vt 0.944802 0.350674
vt 0.941468 0.334155
vt 0.938333 0.318010
vt 0.935748 0.301779
vt 0.934167 0.284018
vt 0.959027 0.384869
vt 0.963993 0.401345
vt 0.964580 0.385278
vt 0.954148 0.368125
vt 0.959714 0.368807
vt 0.965022 0.369228
vt 0.938191 0.284669
vt 0.936921 0.267999
vt 0.940169 0.301772
vt 0.949788 0.351234
vt 0.960336 0.352760
vt 0.965374 0.353221
vt 0.955049 0.352018
vt 0.940668 0.268763
vt 0.939256 0.252236
vt 0.946246 0.334403
vt 0.960947 0.336713
vt 0.965744 0.337249
vt 0.955958 0.335875
vt 0.950994 0.335003
vt 0.943107 0.317875
vt 0.961611 0.320592
vt 0.966159 0.321168
vt 0.956932 0.319664
vt 0.952258 0.318686
vt 0.947703 0.318047
vt 0.944653 0.301688
vt 0.962340 0.304146
vt 0.966666 0.304596
vt 0.957992 0.303356
vt 0.953595 0.302477
vt 0.949124 0.301874
vt 0.942247 0.285277
vt 0.962971 0.286877
vt 0.967024 0.286943
vt 0.958870 0.286757
vt 0.954718 0.286561
vt 0.950554 0.286266
vt 0.946367 0.285820
vt 0.944387 0.269583
vt 0.963341 0.270781
vt 0.967164 0.270691
vt 0.959535 0.270930
vt 0.955729 0.270996
vt 0.951912 0.270814
vt 0.948122 0.270321
vt 0.942787 0.252913
vt 0.941489 0.236464
vt 0.964057 0.254808
vt 0.967652 0.254766
vt 0.960467 0.254916
vt 0.956891 0.254954
vt 0.953341 0.254774
vt 0.949814 0.254324
vt 0.944810 0.237055
vt 0.943748 0.220665
vt 0.964872 0.238844
vt 0.968245 0.238850
vt 0.961488 0.238901
vt 0.958115 0.238901
vt 0.954772 0.238718
vt 0.965667 0.222873
vt 0.968818 0.222904
vt 0.962499 0.222900
vt 0.959336 0.222876
vt 0.966436 0.206888
vt 0.969363 0.206930
vt 0.963493 0.206892
vt 0.967198 0.190887
vt 0.969899 0.190938
vt 0.951451 0.238306
vt 0.956202 0.222696
vt 0.960553 0.206851
vt 0.964487 0.190868
vt 0.967966 0.174863
vt 0.970440 0.174925
vt 0.953085 0.222319
vt 0.957635 0.206675
vt 0.961777 0.190807
vt 0.965489 0.174814
vt 0.968760 0.158823
vt 0.971008 0.158901
vt 0.954732 0.206327
vt 0.959083 0.190634
vt 0.963013 0.174727
vt 0.966509 0.158730
vt 0.969548 0.142795
vt 0.971573 0.142894
vt 0.956401 0.190320
vt 0.960545 0.174554
vt 0.964262 0.158603
vt 0.967534 0.142645
vt 0.970353 0.126744
vt 0.972151 0.126849
vt 0.958086 0.174276
vt 0.962023 0.158426
vt 0.965523 0.142467
vt 0.968559 0.126571
vt 0.971155 0.110733
vt 0.972727 0.110834
vt 0.959790 0.158192
vt 0.963506 0.142281
vt 0.966767 0.126373
vt 0.969578 0.110557
vt 0.971943 0.094775
vt 0.973293 0.094868
vt 0.961492 0.142097
vt 0.964977 0.126193
vt 0.968004 0.110361
vt 0.970586 0.094612
vt 0.972719 0.078885
vt 0.973845 0.078964
vt 0.963183 0.126046
vt 0.966435 0.110194
vt 0.969232 0.094430
vt 0.971584 0.078742
vt 0.973484 0.063038
vt 0.974385 0.063102
vt 0.964863 0.110074
vt 0.967886 0.094282
vt 0.970450 0.078584
vt 0.972573 0.062920
vt 0.974240 0.047237
vt 0.974916 0.047286
vt 0.966537 0.094185
vt 0.969329 0.078457
vt 0.971664 0.062790
vt 0.973555 0.047147
vt 0.974986 0.031472
vt 0.975437 0.031504
vt 0.968203 0.078379
vt 0.970766 0.062687
vt 0.972871 0.047048
vt 0.974529 0.031411
vt 0.975727 0.015732
vt 0.975953 0.015748
vt 0.976468 0.000001
vt 0.976469 0.000001
vt 0.976468 0.000001
vt 0.975499 0.015701
vt 0.976468 0.000001
vt 0.975270 0.015668
vt 0.976467 0.000001
vt 0.974072 0.031345
vt 0.975045 0.015642
vt 0.976467 0.000001
vt 0.973623 0.031293
vt 0.974820 0.015627
vt 0.976467 0.000001
vt 0.972197 0.046971
vt 0.973172 0.031263
vt 0.974589 0.015619
vt 0.976465 0.000001
vt 0.971521 0.046925
vt 0.972711 0.031246
vt 0.974360 0.015607
vt 0.976464 0.000000
vt 0.974135 0.015583
vt 0.972250 0.031223
vt 0.971801 0.031174
vt 0.969865 0.062626
vt 0.970831 0.046899
vt 0.970141 0.046864
vt 0.969467 0.046790
vt 0.968947 0.062590
vt 0.968030 0.062541
vt 0.967132 0.062441
vt 0.967060 0.078330
vt 0.965918 0.078265
vt 0.964796 0.078140
vt 0.965172 0.094118
vt 0.963807 0.094034
vt 0.962463 0.093881
vt 0.963279 0.109983
vt 0.961697 0.109870
vt 0.960131 0.109686
vt 0.961385 0.125916
vt 0.959588 0.125762
vt 0.957802 0.125540
vt 0.959482 0.141908
vt 0.957474 0.141690
vt 0.955468 0.141421
vt 0.957566 0.157908
vt 0.955344 0.157591
vt 0.953120 0.157258
vt 0.955635 0.173913
vt 0.953189 0.173511
vt 0.950744 0.173122
vt 0.953717 0.189893
vt 0.951039 0.189425
vt 0.948372 0.188989
vt 0.951832 0.205844
vt 0.948937 0.205316
vt 0.946047 0.204837
vt 0.949968 0.221781
vt 0.946855 0.221193
vt 0.948130 0.237710
vt 0.946302 0.253654
s 1
usemtl Seed
f 1/1/1 3/2/2 2/3/3
f 1/1/1 2/3/3 4/4/4
f 5/5/5 1/1/1 4/4/4
f 4/4/4 2/3/3 6/6/6
f 5/5/5 4/4/4 7/7/7
f 8/8/8 5/5/5 7/7/7
f 4/4/4 6/6/6 9/9/9
f 7/7/7 4/4/4 9/9/9
f 9/9/9 6/6/6 10/10/10
f 8/8/8 7/7/7 11/11/11
f 12/12/12 8/8/8 11/11/11
f 7/7/7 9/9/9 13/13/13
f 11/11/11 7/7/7 13/13/13
f 9/9/9 10/10/10 14/14/14
f 13/13/13 9/9/9 14/14/14
f 14/14/14 10/10/10 15/15/15
f 12/12/12 11/11/11 16/16/16
f 17/17/17 12/12/12 16/16/16
f 11/11/11 13/13/13 18/18/18
f 16/16/16 11/11/11 18/18/18
f 13/13/13 14/14/14 19/19/19
f 18/18/18 13/13/13 19/19/19
f 14/14/14 15/15/15 20/20/20
f 19/19/19 14/14/14 20/20/20
f 20/20/20 15/15/15 21/21/21
f 17/17/17 16/16/16 22/22/22
f 23/23/23 17/17/17 22/22/22
f 16/16/16 18/18/18 24/24/24
f 22/22/22 16/16/16 24/24/24
f 18/18/18 19/19/19 25/25/25
f 24/24/24 18/18/18 25/25/25
f 19/19/19 20/20/20 26/26/26
f 25/25/25 19/19/19 26/26/26
f 20/20/20 21/21/21 27/27/27
f 26/26/26 20/20/20 27/27/27
f 27/27/27 21/21/21 28/28/28
f 23/23/23 22/22/22 29/29/29
f 30/30/30 23/23/23 29/29/29
f 22/22/22 24/24/24 31/31/31
f 29/29/29 22/22/22 31/31/31
f 24/24/24 25/25/25 32/32/32
f 31/31/31 24/24/24 32/32/32
f 25/25/25 26/26/26 33/33/33
f 32/32/32 25/25/25 33/33/33
f 26/26/26 27/27/27 34/34/34
f 33/33/33 26/26/26 34/34/34
f 27/27/27 28/28/28 35/35/35
f 34/34/34 27/27/27 35/35/35
f 35/35/35 28/28/28 36/36/36
f 30/30/30 29/29/29 37/37/37
f 3/38/2 30/30/30 37/37/37
f 3/38/2 37/37/37 2/39/3
f 29/29/29 31/31/31 38/40/38
f 37/37/37 29/29/29 38/40/38
f 2/39/3 37/37/37 39/41/39
f 37/37/37 38/40/38 39/41/39
f 2/39/3 39/41/39 6/42/6
f 35/35/35 36/36/36 40/43/40
f 40/43/40 36/36/36 41/44/41
f 34/34/34 35/35/35 42/45/42
f 42/45/42 35/35/35 40/43/40
f 38/40/38 31/31/31 43/46/43
f 31/31/31 32/32/32 43/46/43
f 6/42/6 39/41/39 44/47/44
f 6/42/6 44/47/44 10/48/10
f 39/41/39 38/40/38 45/49/45
f 38/40/38 43/46/43 45/49/45
f 39/41/39 45/49/45 44/47/44
f 40/43/40 41/44/41 46/50/46
f 46/50/46 41/44/41 47/51/47
f 43/46/43 32/32/32 48/52/48
f 32/32/32 33/33/33 48/52/48
f 10/48/10 44/47/44 49/53/44
f 10/48/10 49/53/44 15/54/15
f 44/47/44 45/49/45 50/55/49
f 44/47/44 50/55/49 49/53/44
f 45/49/45 43/46/43 51/56/50
f 43/46/43 48/52/48 51/56/50
f 45/49/45 51/56/50 50/55/49
f 48/52/48 33/33/33 52/57/51
f 33/33/33 34/34/34 52/57/51
f 52/57/51 34/34/34 42/45/42
f 15/54/15 49/53/44 53/58/52
f 15/54/15 53/58/52 21/59/21
f 49/53/44 50/55/49 54/60/53
f 49/53/44 54/60/53 53/58/52
f 50/55/49 51/56/50 55/61/54
f 50/55/49 55/61/54 54/60/53
f 51/56/50 48/52/48 56/62/55
f 48/52/48 52/57/51 56/62/55
f 51/56/50 56/62/55 55/61/54
f 52/57/51 42/45/42 57/63/33
f 56/62/55 52/57/51 57/63/33
f 21/59/21 53/58/52 58/64/56
f 21/59/21 58/64/56 28/65/28
f 53/58/52 54/60/53 59/66/57
f 53/58/52 59/66/57 58/64/56
f 54/60/53 55/61/54 60/67/58
f 54/60/53 60/67/58 59/66/57
f 55/61/54 56/62/55 61/68/59
f 56/62/55 57/63/33 61/68/59
f 55/61/54 61/68/59 60/67/58
f 57/63/33 42/45/42 62/69/60
f 42/45/42 40/43/40 62/69/60
f 62/69/60 40/43/40 46/50/46
f 28/65/28 58/64/56 63/70/61
f 28/65/28 63/70/61 36/71/36
f 58/64/56 59/66/57 64/72/62
f 58/64/56 64/72/62 63/70/61
f 59/66/57 60/67/58 65/73/63
f 59/66/57 65/73/63 64/72/62
f 60/67/58 61/68/59 66/74/64
f 60/67/58 66/74/64 65/73/63
f 61/68/59 57/63/33 67/75/65
f 57/63/33 62/69/60 67/75/65
f 61/68/59 67/75/65 66/74/64
f 62/69/60 46/50/46 68/76/66
f 67/75/65 62/69/60 68/76/66
f 36/71/36 63/70/61 69/77/67
f 36/71/36 69/77/67 41/78/41
f 63/70/61 64/72/62 70/79/68
f 63/70/61 70/79/68 69/77/67
f 64/72/62 65/73/63 71/80/69
f 64/72/62 71/80/69 70/79/68
f 65/73/63 66/74/64 72/81/70
f 65/73/63 72/81/70 71/80/69
f 66/74/64 67/75/65 73/82/71
f 67/75/65 68/76/66 73/82/71
f 66/74/64 73/82/71 72/81/70
f 68/76/66 46/50/46 74/83/72
f 46/50/46 47/51/47 74/83/72
f 74/83/72 47/51/47 75/84/73
f 41/78/41 69/77/67 76/85/74
f 41/78/41 76/85/74 47/86/47
f 69/77/67 70/79/68 77/87/75
f 69/77/67 77/87/75 76/85/74
f 70/79/68 71/80/69 78/88/76
f 70/79/68 78/88/76 77/87/75
f 71/80/69 72/81/70 79/89/77
f 71/80/69 79/89/77 78/88/76
f 72/81/70 73/82/71 80/90/78
f 72/81/70 80/90/78 79/89/77
f 74/83/72 75/84/73 81/91/79
f 81/91/79 75/84/73 82/92/80
f 47/86/47 76/85/74 83/93/81
f 47/86/47 83/93/81 75/94/73
f 76/85/74 77/87/75 84/95/82
f 76/85/74 84/95/82 83/93/81
f 77/87/75 78/88/76 85/96/83
f 77/87/75 85/96/83 84/95/82
f 78/88/76 79/89/77 86/97/84
f 78/88/76 86/97/84 85/96/83
f 75/94/73 83/93/81 87/98/85
f 75/94/73 87/98/85 82/99/80
f 83/93/81 84/95/82 88/100/86
f 83/93/81 88/100/86 87/98/85
f 84/95/82 85/96/83 89/101/87
f 84/95/82 89/101/87 88/100/86
f 82/99/80 87/98/85 90/102/88
f 82/99/80 90/102/88 91/103/89
f 87/98/85 88/100/86 92/104/90
f 87/98/85 92/104/90 90/102/88
f 91/103/89 90/102/88 93/105/91
f 91/103/89 93/105/91 94/106/92
f 79/89/77 95/107/93 86/97/84
f 79/89/77 80/90/78 95/107/93
f 85/96/83 86/97/84 96/108/94
f 85/96/83 96/108/94 89/101/87
f 88/100/86 89/101/87 97/109/95
f 88/100/86 97/109/95 92/104/90
f 90/102/88 92/104/90 98/110/96
f 90/102/88 98/110/96 93/105/91
f 94/106/92 93/105/91 99/111/97
f 94/106/92 99/111/97 100/112/98
f 86/97/84 95/107/93 101/113/99
f 86/97/84 101/113/99 96/108/94
f 89/101/87 96/108/94 102/114/100
f 89/101/87 102/114/100 97/109/95
f 92/104/90 97/109/95 103/115/101
f 92/104/90 103/115/101 98/110/96
f 93/105/91 98/110/96 104/116/102
f 93/105/91 104/116/102 99/111/97
f 100/112/98 99/111/97 105/117/103
f 100/112/98 105/117/103 106/118/104
f 96/108/94 101/113/99 107/119/105
f 96/108/94 107/119/105 102/114/100
f 97/109/95 102/114/100 108/120/106
f 97/109/95 108/120/106 103/115/101
f 98/110/96 103/115/101 109/121/107
f 98/110/96 109/121/107 104/116/102
f 99/111/97 104/116/102 110/122/108
f 99/111/97 110/122/108 105/117/103
f 106/118/104 105/117/103 111/123/109
f 106/118/104 111/123/109 112/124/110
f 102/114/100 107/119/105 113/125/111
f 102/114/100 113/125/111 108/120/106
f 103/115/101 108/120/106 114/126/112
f 103/115/101 114/126/112 109/121/107
f 104/116/102 109/121/107 115/127/113
f 104/116/102 115/127/113 110/122/108
f 105/117/103 110/122/108 116/128/114
f 105/117/103 116/128/114 111/123/109
f 112/124/110 111/123/109 117/129/115
f 112/124/110 117/129/115 118/130/116
f 108/120/106 113/125/111 119/131/117
f 108/120/106 119/131/117 114/126/112
f 109/121/107 114/126/112 120/132/118
f 109/121/107 120/132/118 115/127/113
f 110/122/108 115/127/113 121/133/119
f 110/122/108 121/133/119 116/128/114
f 111/123/109 116/128/114 122/134/120
f 111/123/109 122/134/120 117/129/115
f 118/130/116 117/129/115 123/135/121
f 118/130/116 123/135/121 124/136/122
f 114/126/112 119/131/117 125/137/123
f 114/126/112 125/137/123 120/132/118
f 115/127/113 120/132/118 126/138/124
f 115/127/113 126/138/124 121/133/119
f 116/128/114 121/133/119 127/139/125
f 116/128/114 127/139/125 122/134/120
f 117/129/115 122/134/120 128/140/126
f 117/129/115 128/140/126 123/135/121
f 124/136/122 123/135/121 129/141/127
f 124/136/122 129/141/127 130/142/128
f 120/132/118 125/137/123 131/143/129
f 120/132/118 131/143/129 126/138/124
f 121/133/119 126/138/124 132/144/130
f 121/133/119 132/144/130 127/139/125
f 122/134/120 127/139/125 133/145/131
f 122/134/120 133/145/131 128/140/126
f 123/135/121 128/140/126 134/146/132
f 123/135/121 134/146/132 129/141/127
f 130/142/128 129/141/127 135/147/133
f 130/142/128 135/147/133 136/148/134
f 126/138/124 131/143/129 137/149/135
f 126/138/124 137/149/135 132/144/130
f 127/139/125 132/144/130 138/150/136
f 127/139/125 138/150/136 133/145/131
f 128/140/126 133/145/131 139/151/137
f 128/140/126 139/151/137 134/146/132
f 129/141/127 134/146/132 140/152/138
f 129/141/127 140/152/138 135/147/133
f 136/148/134 135/147/133 141/153/139
f 136/148/134 141/153/139 142/154/140
f 132/144/130 137/149/135 143/155/141
f 132/144/130 143/155/141 138/150/136
f 133/145/131 138/150/136 144/156/142
f 133/145/131 144/156/142 139/151/137
f 134/146/132 139/151/137 145/157/143
f 134/146/132 145/157/143 140/152/138
f 135/147/133 140/152/138 146/158/144
f 135/147/133 146/158/144 141/153/139
f 142/154/140 141/153/139 147/159/145
f 142/154/140 147/159/145 148/160/146
f 138/150/136 143/155/141 149/161/147
f 138/150/136 149/161/147 144/156/142
f 139/151/137 144/156/142 150/162/148
f 139/151/137 150/162/148 145/157/143
f 140/152/138 145/157/143 151/163/149
f 140/152/138 151/163/149 146/158/144
f 141/153/139 146/158/144 152/164/150
f 141/153/139 152/164/150 147/159/145
f 148/160/146 147/159/145 153/165/151
f 148/160/146 153/165/151 154/166/152
f 154/166/152 153/165/151 155/167/153
f 147/159/145 156/168/154 153/165/151
f 147/159/145 152/164/150 156/168/154
f 153/165/151 156/168/154 155/169/155
f 156/168/154 157/170/156 155/169/155
f 156/168/154 158/171/157 157/170/156
f 152/164/150 158/171/157 156/168/154
f 146/158/144 159/172/158 152/164/150
f 152/164/150 159/172/158 158/171/157
f 146/158/144 151/163/149 159/172/158
f 145/157/143 160/173/159 151/163/149
f 145/157/143 150/162/148 160/173/159
f 159/172/158 161/174/160 158/171/157
f 158/171/157 161/174/160 157/175/161
f 151/163/149 162/176/162 159/172/158
f 159/172/158 162/176/162 161/174/160
f 151/163/149 160/173/159 162/176/162
f 162/176/162 163/177/163 161/174/160
f 161/174/160 163/177/163 157/178/161
f 160/173/159 164/179/164 162/176/162
f 162/176/162 164/179/164 163/177/163
f 150/162/148 165/180/165 160/173/159
f 160/173/159 165/180/165 164/179/164
f 164/179/164 166/181/166 163/177/163
f 163/177/163 166/181/166 157/182/167
f 164/179/164 167/183/168 166/181/166
f 165/180/165 167/183/168 164/179/164
f 166/181/166 168/184/169 157/185/170
f 167/183/168 168/184/169 166/181/166
f 168/184/169 155/186/171 157/185/170
f 168/184/169 154/187/152 155/186/171
f 169/188/172 154/187/152 168/184/169
f 167/183/168 169/188/172 168/184/169
f 169/188/172 148/189/146 154/187/152
f 150/162/148 170/190/173 165/180/165
f 144/156/142 170/190/173 150/162/148
f 144/156/142 149/161/147 170/190/173
f 165/180/165 171/191/174 167/183/168
f 171/191/174 169/188/172 167/183/168
f 170/190/173 171/191/174 165/180/165
f 172/192/175 148/189/146 169/188/172
f 171/191/174 172/192/175 169/188/172
f 172/192/175 142/193/140 148/189/146
f 170/190/173 173/194/176 171/191/174
f 149/161/147 173/194/176 170/190/173
f 173/194/176 172/192/175 171/191/174
f 174/195/177 142/193/140 172/192/175
f 173/194/176 174/195/177 172/192/175
f 174/195/177 136/196/134 142/193/140
f 149/161/147 175/197/178 173/194/176
f 175/197/178 174/195/177 173/194/176
f 143/155/141 175/197/178 149/161/147
f 176/198/179 136/196/134 174/195/177
f 175/197/178 176/198/179 174/195/177
f 176/198/179 130/199/128 136/196/134
f 143/155/141 177/200/180 175/197/178
f 177/200/180 176/198/179 175/197/178
f 137/149/135 177/200/180 143/155/141
f 178/201/181 130/199/128 176/198/179
f 177/200/180 178/201/181 176/198/179
f 178/201/181 124/202/122 130/199/128
f 137/149/135 179/203/182 177/200/180
f 179/203/182 178/201/181 177/200/180
f 131/143/129 179/203/182 137/149/135
f 180/204/183 124/202/122 178/201/181
f 179/203/182 180/204/183 178/201/181
f 180/204/183 118/205/116 124/202/122
f 131/143/129 181/206/184 179/203/182
f 181/206/184 180/204/183 179/203/182
f 125/137/123 181/206/184 131/143/129
f 182/207/185 118/205/116 180/204/183
f 181/206/184 182/207/185 180/204/183
f 182/207/185 112/208/110 118/205/116
f 125/137/123 183/209/186 181/206/184
f 183/209/186 182/207/185 181/206/184
f 119/131/117 183/209/186 125/137/123
f 184/210/187 112/208/110 182/207/185
f 183/209/186 184/210/187 182/207/185
f 184/210/187 106/211/104 112/208/110
f 119/131/117 185/212/188 183/209/186
f 185/212/188 184/210/187 183/209/186
f 113/125/111 185/212/188 119/131/117
f 186/213/189 106/211/104 184/210/187
f 185/212/188 186/213/189 184/210/187
f 186/213/189 100/214/98 106/211/104
f 113/125/111 187/215/190 185/212/188
f 187/215/190 186/213/189 185/212/188
f 107/119/105 187/215/190 113/125/111
f 188/216/191 100/214/98 186/213/189
f 187/215/190 188/216/191 186/213/189
f 188/216/191 94/217/92 100/214/98
f 107/119/105 189/218/192 187/215/190
f 189/218/192 188/216/191 187/215/190
f 101/113/99 189/218/192 107/119/105
f 190/219/193 94/217/92 188/216/191
f 189/218/192 190/219/193 188/216/191
f 190/219/193 91/220/89 94/217/92
f 101/113/99 191/221/194 189/218/192
f 191/221/194 190/219/193 189/218/192
f 95/107/93 191/221/194 101/113/99
f 192/222/195 91/220/89 190/219/193
f 191/221/194 192/222/195 190/219/193
f 192/222/195 82/92/80 91/220/89
f 81/91/79 82/92/80 192/222/195
f 95/107/93 193/223/196 191/221/194
f 193/223/196 192/222/195 191/221/194
f 193/223/196 81/91/79 192/222/195
f 80/90/78 193/223/196 95/107/93
f 194/224/197 81/91/79 193/223/196
f 80/90/78 194/224/197 193/223/196
f 194/224/197 74/83/72 81/91/79
f 73/82/71 194/224/197 80/90/78
f 68/76/66 74/83/72 194/224/197
f 73/82/71 68/76/66 194/224/197
f 439/604/352 441/605/353 440/606/354
f 439/604/352 440/606/354 442/607/355
f 443/608/356 439/604/352 442/607/355
f 442/607/355 440/606/354 444/609/357
f 443/608/356 442/607/355 445/610/358
f 446/611/359 443/608/356 445/610/358
f 442/607/355 444/609/357 447/612/360
f 445/610/358 442/607/355 447/612/360
f 447/612/360 444/609/357 448/613/361
f 446/611/359 445/610/358 449/614/362
f 450/615/363 446/611/359 449/614/362
f 445/610/358 447/612/360 451/616/364
f 449/614/362 445/610/358 451/616/364
f 447/612/360 448/613/361 452/617/365
f 451/616/364 447/612/360 452/617/365
f 452/617/365 448/613/361 453/618/366
f 450/615/363 449/614/362 454/619/367
f 455/620/368 450/615/363 454/619/367
f 449/614/362 451/616/364 456/621/369
f 454/619/367 449/614/362 456/621/369
f 451/616/364 452/617/365 457/622/370
f 456/621/369 451/616/364 457/622/370
f 452/617/365 453/618/366 458/623/371
f 457/622/370 452/617/365 458/623/371
f 458/623/371 453/618/366 459/624/372
f 455/620/368 454/619/367 460/625/373
f 461/626/374 455/620/368 460/625/373
f 454/619/367 456/621/369 462/627/375
f 460/625/373 454/619/367 462/627/375
f 456/621/369 457/622/370 463/628/376
f 462/627/375 456/621/369 463/628/376
f 457/622/370 458/623/371 464/629/377
f 463/628/376 457/622/370 464/629/377
f 458/623/371 459/624/372 465/630/378
f 464/629/377 458/623/371 465/630/378
f 465/630/378 459/624/372 466/631/379
f 461/626/374 460/625/373 467/632/380
f 468/633/381 461/626/374 467/632/380
f 460/625/373 462/627/375 469/634/382
f 467/632/380 460/625/373 469/634/382
f 462/627/375 463/628/376 470/635/383
f 469/634/382 462/627/375 470/635/383
f 463/628/376 464/629/377 471/636/384
f 470/635/383 463/628/376 471/636/384
f 464/629/377 465/630/378 472/637/385
f 471/636/384 464/629/377 472/637/385
f 465/630/378 466/631/379 473/638/386
f 472/637/385 465/630/378 473/638/386
f 473/638/386 466/631/379 474/639/387
f 468/633/381 467/632/380 475/640/388
f 441/641/353 468/633/381 475/640/388
f 441/641/353 475/640/388 440/642/354
f 467/632/380 469/634/382 476/643/389
f 475/640/388 467/632/380 476/643/389
f 440/642/354 475/640/388 477/644/390
f 475/640/388 476/643/389 477/644/390
f 440/642/354 477/644/390 444/645/357
f 473/638/386 474/639/387 478/646/391
f 478/646/391 474/639/387 479/647/392
f 472/637/385 473/638/386 480/648/393
f 480/648/393 473/638/386 478/646/391
f 476/643/389 469/634/382 481/649/394
f 469/634/382 470/635/383 481/649/394
f 444/645/357 477/644/390 482/650/395
f 444/645/357 482/650/395 448/651/361
f 477/644/390 476/643/389 483/652/396
f 476/643/389 481/649/394 483/652/396
f 477/644/390 483/652/396 482/650/395
f 478/646/391 479/647/392 484/653/397
f 484/653/397 479/647/392 485/654/398
f 481/649/394 470/635/383 486/655/399
f 470/635/383 471/636/384 486/655/399
f 448/651/361 482/650/395 487/656/400
f 448/651/361 487/656/400 453/657/366
f 482/650/395 483/652/396 488/658/401
f 482/650/395 488/658/401 487/656/400
f 483/652/396 481/649/394 489/659/402
f 481/649/394 486/655/399 489/659/402
f 483/652/396 489/659/402 488/658/401
f 486/655/399 471/636/384 490/660/403
f 471/636/384 472/637/385 490/660/403
f 490/660/403 472/637/385 480/648/393
f 453/657/366 487/656/400 491/661/404
f 453/657/366 491/661/404 459/662/372
f 487/656/400 488/658/401 492/663/405
f 487/656/400 492/663/405 491/661/404
f 488/658/401 489/659/402 493/664/406
f 488/658/401 493/664/406 492/663/405
f 489/659/402 486/655/399 494/665/407
f 486/655/399 490/660/403 494/665/407
f 489/659/402 494/665/407 493/664/406
f 490/660/403 480/648/393 495/666/408
f 494/665/407 490/660/403 495/666/408
f 459/662/372 491/661/404 496/667/409
f 459/662/372 496/667/409 466/668/379
f 491/661/404 492/663/405 497/669/410
f 491/661/404 497/669/410 496/667/409
f 492/663/405 493/664/406 498/670/411
f 492/663/405 498/670/411 497/669/410
f 493/664/406 494/665/407 499/671/412
f 494/665/407 495/666/408 499/671/412
f 493/664/406 499/671/412 498/670/411
f 495/666/408 480/648/393 500/672/413
f 480/648/393 478/646/391 500/672/413
f 500/672/413 478/646/391 484/653/397
f 466/668/379 496/667/409 501/673/414
f 466/668/379 501/673/414 474/674/387
f 496/667/409 497/669/410 502/675/415
f 496/667/409 502/675/415 501/673/414
f 497/669/410 498/670/411 503/676/416
f 497/669/410 503/676/416 502/675/415
f 498/670/411 499/671/412 504/677/417
f 498/670/411 504/677/417 503/676/416
f 499/671/412 495/666/408 505/678/418
f 495/666/408 500/672/413 505/678/418
f 499/671/412 505/678/418 504/677/417
f 500/672/413 484/653/397 506/679/419
f 505/678/418 500/672/413 506/679/419
f 474/674/387 501/673/414 507/680/420
f 474/674/387 507/680/420 479/681/392
f 501/673/414 502/675/415 508/682/421
f 501/673/414 508/682/421 507/680/420
f 502/675/415 503/676/416 509/683/422
f 502/675/415 509/683/422 508/682/421
f 503/676/416 504/677/417 510/684/423
f 503/676/416 510/684/423 509/683/422
f 504/677/417 505/678/418 511/685/424
f 505/678/418 506/679/419 511/685/424
f 504/677/417 511/685/424 510/684/423
f 506/679/419 484/653/397 512/686/425
f 484/653/397 485/654/398 512/686/425
f 512/686/425 485/654/398 513/687/426
f 479/681/392 507/680/420 514/688/427
f 479/681/392 514/688/427 485/689/398
f 507/680/420 508/682/421 515/690/428
f 507/680/420 515/690/428 514/688/427
f 508/682/421 509/683/422 516/691/429
f 508/682/421 516/691/429 515/690/428
f 509/683/422 510/684/423 517/692/430
f 509/683/422 517/692/430 516/691/429
f 510/684/423 511/685/424 518/693/431
f 510/684/423 518/693/431 517/692/430
f 512/686/425 513/687/426 519/694/432
f 519/694/432 513/687/426 520/695/433
f 485/689/398 514/688/427 521/696/434
f 485/689/398 521/696/434 513/697/426
f 514/688/427 515/690/428 522/698/435
f 514/688/427 522/698/435 521/696/434
f 515/690/428 516/691/429 523/699/436
f 515/690/428 523/699/436 522/698/435
f 516/691/429 517/692/430 524/700/437
f 516/691/429 524/700/437 523/699/436
f 513/697/426 521/696/434 525/701/438
f 513/697/426 525/701/438 520/702/433
f 521/696/434 522/698/435 526/703/439
f 521/696/434 526/703/439 525/701/438
f 522/698/435 523/699/436 527/704/440
f 522/698/435 527/704/440 526/703/439
f 520/702/433 525/701/438 528/705/441
f 520/702/433 528/705/441 529/706/442
f 525/701/438 526/703/439 530/707/443
f 525/701/438 530/707/443 528/705/441
f 529/706/442 528/705/441 531/708/444
f 529/706/442 531/708/444 532/709/445
f 517/692/430 533/710/446 524/700/437
f 517/692/430 518/693/431 533/710/446
f 523/699/436 524/700/437 534/711/447
f 523/699/436 534/711/447 527/704/440
f 526/703/439 527/704/440 535/712/448
f 526/703/439 535/712/448 530/707/443
f 528/705/441 530/707/443 536/713/449
f 528/705/441 536/713/449 531/708/444
f 532/709/445 531/708/444 537/714/450
f 532/709/445 537/714/450 538/715/451
f 524/700/437 533/710/446 539/716/452
f 524/700/437 539/716/452 534/711/447
f 527/704/440 534/711/447 540/717/453
f 527/704/440 540/717/453 535/712/448
f 530/707/443 535/712/448 541/718/454
f 530/707/443 541/718/454 536/713/449
f 531/708/444 536/713/449 542/719/455
f 531/708/444 542/719/455 537/714/450
f 538/715/451 537/714/450 543/720/456
f 538/715/451 543/720/456 544/721/457
f 534/711/447 539/716/452 545/722/458
f 534/711/447 545/722/458 540/717/453
f 535/712/448 540/717/453 546/723/459
f 535/712/448 546/723/459 541/718/454
f 536/713/449 541/718/454 547/724/460
f 536/713/449 547/724/460 542/719/455
f 537/714/450 542/719/455 548/725/461
f 537/714/450 548/725/461 543/720/456
f 544/721/457 543/720/456 549/726/462
f 544/721/457 549/726/462 550/727/463
f 540/717/453 545/722/458 551/728/464
f 540/717/453 551/728/464 546/723/459
f 541/718/454 546/723/459 552/729/465
f 541/718/454 552/729/465 547/724/460
f 542/719/455 547/724/460 553/730/466
f 542/719/455 553/730/466 548/725/461
f 543/720/456 548/725/461 554/731/467
f 543/720/456 554/731/467 549/726/462
f 550/727/463 549/726/462 555/732/468
f 550/727/463 555/732/468 556/733/469
f 546/723/459 551/728/464 557/734/470
f 546/723/459 557/734/470 552/729/465
f 547/724/460 552/729/465 558/735/471
f 547/724/460 558/735/471 553/730/466
f 548/725/461 553/730/466 559/736/472
f 548/725/461 559/736/472 554/731/467
f 549/726/462 554/731/467 560/737/473
f 549/726/462 560/737/473 555/732/468
f 556/733/469 555/732/468 561/738/474
f 556/733/469 561/738/474 562/739/475
f 552/729/465 557/734/470 563/740/476
f 552/729/465 563/740/476 558/735/471
f 553/730/466 558/735/471 564/741/477
f 553/730/466 564/741/477 559/736/472
f 554/731/467 559/736/472 565/742/478
f 554/731/467 565/742/478 560/737/473
f 555/732/468 560/737/473 566/743/479
f 555/732/468 566/743/479 561/738/474
f 562/739/475 561/738/474 567/744/480
f 562/739/475 567/744/480 568/745/481
f 558/735/471 563/740/476 569/746/482
f 558/735/471 569/746/482 564/741/477
f 559/736/472 564/741/477 570/747/483
f 559/736/472 570/747/483 565/742/478
f 560/737/473 565/742/478 571/748/484
f 560/737/473 571/748/484 566/743/479
f 561/738/474 566/743/479 572/749/485
f 561/738/474 572/749/485 567/744/480
f 568/745/481 567/744/480 573/750/486
f 568/745/481 573/750/486 574/751/487
f 564/741/477 569/746/482 575/752/488
f 564/741/477 575/752/488 570/747/483
f 565/742/478 570/747/483 576/753/489
f 565/742/478 576/753/489 571/748/484
f 566/743/479 571/748/484 577/754/490
f 566/743/479 577/754/490 572/749/485
f 567/744/480 572/749/485 578/755/491
f 567/744/480 578/755/491 573/750/486
f 574/751/487 573/750/486 579/756/492
f 574/751/487 579/756/492 580/757/493
f 570/747/483 575/752/488 581/758/494
f 570/747/483 581/758/494 576/753/489
f 571/748/484 576/753/489 582/759/495
f 571/748/484 582/759/495 577/754/490
f 572/749/485 577/754/490 583/760/496
f 572/749/485 583/760/496 578/755/491
f 573/750/486 578/755/491 584/761/497
f 573/750/486 584/761/497 579/756/492
f 580/757/493 579/756/492 585/762/498
f 580/757/493 585/762/498 586/763/499
f 576/753/489 581/758/494 587/764/500
f 576/753/489 587/764/500 582/759/495
f 577/754/490 582/759/495 588/765/501
f 577/754/490 588/765/501 583/760/496
f 578/755/491 583/760/496 589/766/502
f 578/755/491 589/766/502 584/761/497
f 579/756/492 584/761/497 590/767/503
f 579/756/492 590/767/503 585/762/498
f 586/763/499 585/762/498 591/768/504
f 586/763/499 591/768/504 592/769/505
f 582/759/495 587/764/500 593/770/506
f 582/759/495 593/770/506 588/765/501
f 583/760/496 588/765/501 594/771/507
f 583/760/496 594/771/507 589/766/502
f 584/761/497 589/766/502 595/772/508
f 584/761/497 595/772/508 590/767/503
f 585/762/498 590/767/503 596/773/509
f 585/762/498 596/773/509 591/768/504
f 592/769/505 591/768/504 597/774/510
f 592/769/505 597/774/510 598/775/511
f 598/775/511 597/774/510 599/776/512
f 598/775/511 599/776/512 600/777/513
f 597/774/510 601/778/514 599/776/512
f 591/768/504 602/779/515 597/774/510
f 597/774/510 602/779/515 601/778/514
f 591/768/504 596/773/509 602/779/515
f 602/779/515 603/780/516 601/778/514
f 602/779/515 604/781/517 603/780/516
f 596/773/509 604/781/517 602/779/515
f 604/781/517 605/782/518 603/780/516
f 590/767/503 606/783/519 596/773/509
f 596/773/509 606/783/519 604/781/517
f 590/767/503 595/772/508 606/783/519
f 604/781/517 607/784/520 605/782/518
f 606/783/519 607/784/520 604/781/517
f 607/784/520 608/785/521 605/782/518
f 595/772/508 609/786/522 606/783/519
f 606/783/519 609/786/522 607/784/520
f 607/784/520 610/787/523 608/785/521
f 609/786/522 610/787/523 607/784/520
f 610/787/523 611/788/524 608/785/521
f 595/772/508 612/789/525 609/786/522
f 589/766/502 612/789/525 595/772/508
f 589/766/502 594/771/507 612/789/525
f 609/786/522 613/790/526 610/787/523
f 612/789/525 613/790/526 609/786/522
f 610/787/523 614/791/527 611/788/524
f 613/790/526 614/791/527 610/787/523
f 614/791/527 615/792/528 611/788/524
f 594/771/507 616/793/529 612/789/525
f 612/789/525 616/793/529 613/790/526
f 613/790/526 617/794/530 614/791/527
f 616/793/529 617/794/530 613/790/526
f 614/791/527 618/795/531 615/792/528
f 617/794/530 618/795/531 614/791/527
f 618/795/531 600/796/513 615/792/528
f 618/795/531 598/797/511 600/796/513
f 619/798/532 598/797/511 618/795/531
f 617/794/530 619/798/532 618/795/531
f 619/798/532 592/799/505 598/797/511
f 594/771/507 620/800/533 616/793/529
f 588/765/501 620/800/533 594/771/507
f 588/765/501 593/770/506 620/800/533
f 616/793/529 621/801/534 617/794/530
f 621/801/534 619/798/532 617/794/530
f 620/800/533 621/801/534 616/793/529
f 622/802/535 592/799/505 619/798/532
f 621/801/534 622/802/535 619/798/532
f 622/802/535 586/803/499 592/799/505
f 620/800/533 623/804/536 621/801/534
f 593/770/506 623/804/536 620/800/533
f 623/804/536 622/802/535 621/801/534
f 624/805/537 586/803/499 622/802/535
f 623/804/536 624/805/537 622/802/535
f 624/805/537 580/806/493 586/803/499
f 593/770/506 625/807/538 623/804/536
f 625/807/538 624/805/537 623/804/536
f 587/764/500 625/807/538 593/770/506
f 626/808/539 580/806/493 624/805/537
f 625/807/538 626/808/539 624/805/537
f 626/808/539 574/809/487 580/806/493
f 587/764/500 627/810/540 625/807/538
f 627/810/540 626/808/539 625/807/538
f 581/758/494 627/810/540 587/764/500
f 628/811/541 574/809/487 626/808/539
f 627/810/540 628/811/541 626/808/539
f 628/811/541 568/812/481 574/809/487
f 581/758/494 629/813/542 627/810/540
f 629/813/542 628/811/541 627/810/540
f 575/752/488 629/813/542 581/758/494
f 630/814/543 568/812/481 628/811/541
f 629/813/542 630/814/543 628/811/541
f 630/814/543 562/815/475 568/812/481
f 575/752/488 631/816/544 629/813/542
f 631/816/544 630/814/543 629/813/542
f 569/746/482 631/816/544 575/752/488
f 632/817/545 562/815/475 630/814/543
f 631/816/544 632/817/545 630/814/543
f 632/817/545 556/818/469 562/815/475
f 569/746/482 633/819/546 631/816/544
f 633/819/546 632/817/545 631/816/544
f 563/740/476 633/819/546 569/746/482
f 634/820/547 556/818/469 632/817/545
f 633/819/546 634/820/547 632/817/545
f 634/820/547 550/821/463 556/818/469
f 563/740/476 635/822/548 633/819/546
f 635/822/548 634/820/547 633/819/546
f 557/734/470 635/822/548 563/740/476
f 636/823/549 550/821/463 634/820/547
f 635/822/548 636/823/549 634/820/547
f 636/823/549 544/824/457 550/821/463
f 557/734/470 637/825/550 635/822/548
f 637/825/550 636/823/549 635/822/548
f 551/728/464 637/825/550 557/734/470
f 638/826/551 544/824/457 636/823/549
f 637/825/550 638/826/551 636/823/549
f 638/826/551 538/827/451 544/824/457
f 551/728/464 639/828/552 637/825/550
f 639/828/552 638/826/551 637/825/550
f 545/722/458 639/828/552 551/728/464
f 640/829/553 538/827/451 638/826/551
f 639/828/552 640/829/553 638/826/551
f 640/829/553 532/830/445 538/827/451
f 545/722/458 641/831/554 639/828/552
f 641/831/554 640/829/553 639/828/552
f 539/716/452 641/831/554 545/722/458
f 642/832/555 532/830/445 640/829/553
f 641/831/554 642/832/555 640/829/553
f 642/832/555 529/833/442 532/830/445
f 539/716/452 643/834/556 641/831/554
f 643/834/556 642/832/555 641/831/554
f 533/710/446 643/834/556 539/716/452
f 644/835/557 529/833/442 642/832/555
f 643/834/556 644/835/557 642/832/555
f 644/835/557 520/695/433 529/833/442
f 519/694/432 520/695/433 644/835/557
f 533/710/446 645/836/558 643/834/556
f 645/836/558 644/835/557 643/834/556
f 645/836/558 519/694/432 644/835/557
f 518/693/431 645/836/558 533/710/446
f 646/837/559 519/694/432 645/836/558
f 518/693/431 646/837/559 645/836/558
f 646/837/559 512/686/425 519/694/432
f 511/685/424 646/837/559 518/693/431
f 506/679/419 512/686/425 646/837/559
f 511/685/424 506/679/419 646/837/559
f 647/838/560 649/839/561 648/840/562
f 647/838/560 648/840/562 650/841/563
f 651/842/564 647/838/560 650/841/563
f 650/841/563 648/840/562 652/843/565
f 651/842/564 650/841/563 653/844/566
f 654/845/567 651/842/564 653/844/566
f 650/841/563 652/843/565 655/846/568
f 653/844/566 650/841/563 655/846/568
f 655/846/568 652/843/565 656/847/569
f 654/845/567 653/844/566 657/848/570
f 658/849/571 654/845/567 657/848/570
f 653/844/566 655/846/568 659/850/572
f 657/848/570 653/844/566 659/850/572
f 655/846/568 656/847/569 660/851/573
f 659/850/572 655/846/568 660/851/573
f 660/851/573 656/847/569 661/852/574
f 658/849/571 657/848/570 662/853/575
f 663/854/576 658/849/571 662/853/575
f 657/848/570 659/850/572 664/855/577
f 662/853/575 657/848/570 664/855/577
f 659/850/572 660/851/573 665/856/578
f 664/855/577 659/850/572 665/856/578
f 660/851/573 661/852/574 666/857/579
f 665/856/578 660/851/573 666/857/579
f 666/857/579 661/852/574 667/858/580
f 663/854/576 662/853/575 668/859/581
f 669/860/582 663/854/576 668/859/581
f 662/853/575 664/855/577 670/861/583
f 668/859/581 662/853/575 670/861/583
f 664/855/577 665/856/578 671/862/584
f 670/861/583 664/855/577 671/862/584
f 665/856/578 666/857/579 672/863/585
f 671/862/584 665/856/578 672/863/585
f 666/857/579 667/858/580 673/864/586
f 672/863/585 666/857/579 673/864/586
f 673/864/586 667/858/580 674/865/587
f 669/860/582 668/859/581 675/866/588
f 676/867/589 669/860/582 675/866/588
f 668/859/581 670/861/583 677/868/590
f 675/866/588 668/859/581 677/868/590
f 670/861/583 671/862/584 678/869/591
f 677/868/590 670/861/583 678/869/591
f 671/862/584 672/863/585 679/870/592
f 678/869/591 671/862/584 679/870/592
f 672/863/585 673/864/586 680/871/593
f 679/870/592 672/863/585 680/871/593
f 673/864/586 674/865/587 681/872/594
f 680/871/593 673/864/586 681/872/594
f 681/872/594 674/865/587 682/873/595
f 676/867/589 675/866/588 683/874/596
f 649/875/561 676/867/589 683/874/596
f 649/875/561 683/874/596 648/876/562
f 675/866/588 677/868/590 684/877/597
f 683/874/596 675/866/588 684/877/597
f 648/876/562 683/874/596 685/878/598
f 683/874/596 684/877/597 685/878/598
f 648/876/562 685/878/598 652/879/565
f 681/872/594 682/873/595 686/880/599
f 686/880/599 682/873/595 687/881/600
f 680/871/593 681/872/594 688/882/601
f 688/882/601 681/872/594 686/880/599
f 684/877/597 677/868/590 689/883/602
f 677/868/590 678/869/591 689/883/602
f 652/879/565 685/878/598 690/884/603
f 652/879/565 690/884/603 656/885/569
f 685/878/598 684/877/597 691/886/604
f 684/877/597 689/883/602 691/886/604
f 685/878/598 691/886/604 690/884/603
f 686/880/599 687/881/600 692/887/605
f 692/887/605 687/881/600 693/888/606
f 689/883/602 678/869/591 694/889/607
f 678/869/591 679/870/592 694/889/607
f 656/885/569 690/884/603 695/890/608
f 656/885/569 695/890/608 661/891/574
f 690/884/603 691/886/604 696/892/609
f 690/884/603 696/892/609 695/890/608
f 691/886/604 689/883/602 697/893/610
f 689/883/602 694/889/607 697/893/610
f 691/886/604 697/893/610 696/892/609
f 694/889/607 679/870/592 698/894/611
f 679/870/592 680/871/593 698/894/611
f 698/894/611 680/871/593 688/882/601
f 661/891/574 695/890/608 699/895/612
f 661/891/574 699/895/612 667/896/580
f 695/890/608 696/892/609 700/897/613
f 695/890/608 700/897/613 699/895/612
f 696/892/609 697/893/610 701/898/614
f 696/892/609 701/898/614 700/897/613
f 697/893/610 694/889/607 702/899/615
f 694/889/607 698/894/611 702/899/615
f 697/893/610 702/899/615 701/898/614
f 698/894/611 688/882/601 703/900/616
f 702/899/615 698/894/611 703/900/616
f 667/896/580 699/895/612 704/901/617
f 667/896/580 704/901/617 674/902/587
f 699/895/612 700/897/613 705/903/618
f 699/895/612 705/903/618 704/901/617
f 700/897/613 701/898/614 706/904/619
f 700/897/613 706/904/619 705/903/618
f 701/898/614 702/899/615 707/905/620
f 702/899/615 703/900/616 707/905/620
f 701/898/614 707/905/620 706/904/619
f 703/900/616 688/882/601 708/906/621
f 688/882/601 686/880/599 708/906/621
f 708/906/621 686/880/599 692/887/605
f 674/902/587 704/901/617 709/907/622
f 674/902/587 709/907/622 682/908/595
f 704/901/617 705/903/618 710/909/623
f 704/901/617 710/909/623 709/907/622
f 705/903/618 706/904/619 711/910/624
f 705/903/618 711/910/624 710/909/623
f 706/904/619 707/905/620 712/911/625
f 706/904/619 712/911/625 711/910/624
f 707/905/620 703/900/616 713/912/626
f 703/900/616 708/906/621 713/912/626
f 707/905/620 713/912/626 712/911/625
f 708/906/621 692/887/605 714/913/627
f 713/912/626 708/906/621 714/913/627
f 682/908/595 709/907/622 715/914/628
f 682/908/595 715/914/628 687/915/600
f 709/907/622 710/909/623 716/916/629
f 709/907/622 716/916/629 715/914/628
f 710/909/623 711/910/624 717/917/630
f 710/909/623 717/917/630 716/916/629
f 711/910/624 712/911/625 718/918/631
f 711/910/624 718/918/631 717/917/630
f 712/911/625 713/912/626 719/919/632
f 713/912/626 714/913/627 719/919/632
f 712/911/625 719/919/632 718/918/631
f 714/913/627 692/887/605 720/920/633
f 692/887/605 693/888/606 720/920/633
f 720/920/633 693/888/606 721/921/634
f 687/915/600 715/914/628 722/922/635
f 687/915/600 722/922/635 693/923/606
f 715/914/628 716/916/629 723/924/636
f 715/914/628 723/924/636 722/922/635
f 716/916/629 717/917/630 724/925/637
f 716/916/629 724/925/637 723/924/636
f 717/917/630 718/918/631 725/926/638
f 717/917/630 725/926/638 724/925/637
f 718/918/631 719/919/632 726/927/639
f 718/918/631 726/927/639 725/926/638
f 720/920/633 721/921/634 727/928/640
f 727/928/640 721/921/634 728/929/641
f 693/923/606 722/922/635 729/930/642
f 693/923/606 729/930/642 721/931/634
f 722/922/635 723/924/636 730/932/643
f 722/922/635 730/932/643 729/930/642
f 723/924/636 724/925/637 731/933/644
f 723/924/636 731/933/644 730/932/643
f 724/925/637 725/926/638 732/934/645
f 724/925/637 732/934/645 731/933/644
f 721/931/634 729/930/642 733/935/646
f 721/931/634 733/935/646 728/936/641
f 729/930/642 730/932/643 734/937/647
f 729/930/642 734/937/647 733/935/646
f 730/932/643 731/933/644 735/938/648
f 730/932/643 735/938/648 734/937/647
f 728/936/641 733/935/646 736/939/649
f 728/936/641 736/939/649 737/940/650
f 733/935/646 734/937/647 738/941/651
f 733/935/646 738/941/651 736/939/649
f 737/940/650 736/939/649 739/942/652
f 737/940/650 739/942/652 740/943/653
f 725/926/638 741/944/654 732/934/645
f 725/926/638 726/927/639 741/944/654
f 731/933/644 732/934/645 742/945/655
f 731/933/644 742/945/655 735/938/648
f 734/937/647 735/938/648 743/946/656
f 734/937/647 743/946/656 738/941/651
f 736/939/649 738/941/651 744/947/657
f 736/939/649 744/947/657 739/942/652
f 740/943/653 739/942/652 745/948/658
f 740/943/653 745/948/658 746/949/659
f 732/934/645 741/944/654 747/950/660
f 732/934/645 747/950/660 742/945/655
f 735/938/648 742/945/655 748/951/661
f 735/938/648 748/951/661 743/946/656
f 738/941/651 743/946/656 749/952/662
f 738/941/651 749/952/662 744/947/657
f 739/942/652 744/947/657 750/953/663
f 739/942/652 750/953/663 745/948/658
f 746/949/659 745/948/658 751/954/664
f 746/949/659 751/954/664 752/955/665
f 742/945/655 747/950/660 753/956/666
f 742/945/655 753/956/666 748/951/661
f 743/946/656 748/951/661 754/957/667
f 743/946/656 754/957/667 749/952/662
f 744/947/657 749/952/662 755/958/668
f 744/947/657 755/958/668 750/953/663
f 745/948/658 750/953/663 756/959/669
f 745/948/658 756/959/669 751/954/664
f 752/955/665 751/954/664 757/960/670
f 752/955/665 757/960/670 758/961/671
f 748/951/661 753/956/666 759/962/672
f 748/951/661 759/962/672 754/957/667
f 749/952/662 754/957/667 760/963/673
f 749/952/662 760/963/673 755/958/668
f 750/953/663 755/958/668 761/964/674
f 750/953/663 761/964/674 756/959/669
f 751/954/664 756/959/669 762/965/675
f 751/954/664 762/965/675 757/960/670
f 758/961/671 757/960/670 763/966/676
f 758/961/671 763/966/676 764/967/677
f 754/957/667 759/962/672 765/968/678
f 754/957/667 765/968/678 760/963/673
f 755/958/668 760/963/673 766/969/679
f 755/958/668 766/969/679 761/964/674
f 756/959/669 761/964/674 767/970/680
f 756/959/669 767/970/680 762/965/675
f 757/960/670 762/965/675 768/971/681
f 757/960/670 768/971/681 763/966/676
f 764/967/677 763/966/676 769/972/682
f 764/967/677 769/972/682 770/973/683
f 760/963/673 765/968/678 771/974/684
f 760/963/673 771/974/684 766/969/679
f 761/964/674 766/969/679 772/975/685
f 761/964/674 772/975/685 767/970/680
f 762/965/675 767/970/680 773/976/686
f 762/965/675 773/976/686 768/971/681
f 763/966/676 768/971/681 774/977/687
f 763/966/676 774/977/687 769/972/682
f 770/973/683 769/972/682 775/978/688
f 770/973/683 775/978/688 776/979/689
f 766/969/679 771/974/684 777/980/690
f 766/969/679 777/980/690 772/975/685
f 767/970/680 772/975/685 778/981/691
f 767/970/680 778/981/691 773/976/686
f 768/971/681 773/976/686 779/982/692
f 768/971/681 779/982/692 774/977/687
f 769/972/682 774/977/687 780/983/693
f 769/972/682 780/983/693 775/978/688
f 776/979/689 775/978/688 781/984/694
f 776/979/689 781/984/694 782/985/695
f 772/975/685 777/980/690 783/986/696
f 772/975/685 783/986/696 778/981/691
f 773/976/686 778/981/691 784/987/697
f 773/976/686 784/987/697 779/982/692
f 774/977/687 779/982/692 785/988/698
f 774/977/687 785/988/698 780/983/693
f 775/978/688 780/983/693 786/989/699
f 775/978/688 786/989/699 781/984/694
f 782/985/695 781/984/694 787/990/700
f 782/985/695 787/990/700 788/991/701
f 778/981/691 783/986/696 789/992/702
f 778/981/691 789/992/702 784/987/697
f 779/982/692 784/987/697 790/993/703
f 779/982/692 790/993/703 785/988/698
f 780/983/693 785/988/698 791/994/704
f 780/983/693 791/994/704 786/989/699
f 781/984/694 786/989/699 792/995/705
f 781/984/694 792/995/705 787/990/700
f 788/991/701 787/990/700 793/996/706
f 788/991/701 793/996/706 794/997/707
f 784/987/697 789/992/702 795/998/708
f 784/987/697 795/998/708 790/993/703
f 785/988/698 790/993/703 796/999/709
f 785/988/698 796/999/709 791/994/704
f 786/989/699 791/994/704 797/1000/710
f 786/989/699 797/1000/710 792/995/705
f 787/990/700 792/995/705 798/1001/711
f 787/990/700 798/1001/711 793/996/706
f 794/997/707 793/996/706 799/1002/712
f 794/997/707 799/1002/712 800/1003/713
f 790/993/703 795/998/708 801/1004/714
f 790/993/703 801/1004/714 796/999/709
f 791/994/704 796/999/709 802/1005/715
f 791/994/704 802/1005/715 797/1000/710
f 792/995/705 797/1000/710 803/1006/716
f 792/995/705 803/1006/716 798/1001/711
f 793/996/706 798/1001/711 804/1007/717
f 793/996/706 804/1007/717 799/1002/712
f 800/1003/713 799/1002/712 805/1008/718
f 800/1003/713 805/1008/718 806/1009/719
f 806/1009/719 805/1008/718 807/1010/720
f 806/1009/719 807/1010/720 808/1011/721
f 805/1008/718 809/1012/722 807/1010/720
f 799/1002/712 810/1013/723 805/1008/718
f 805/1008/718 810/1013/723 809/1012/722
f 799/1002/712 804/1007/717 810/1013/723
f 810/1013/723 811/1014/724 809/1012/722
f 810/1013/723 812/1015/725 811/1014/724
f 804/1007/717 812/1015/725 810/1013/723
f 812/1015/725 813/1016/726 811/1014/724
f 798/1001/711 814/1017/727 804/1007/717
f 804/1007/717 814/1017/727 812/1015/725
f 798/1001/711 803/1006/716 814/1017/727
f 812/1015/725 815/1018/728 813/1016/726
f 814/1017/727 815/1018/728 812/1015/725
f 815/1018/728 816/1019/729 813/1016/726
f 803/1006/716 817/1020/730 814/1017/727
f 814/1017/727 817/1020/730 815/1018/728
f 815/1018/728 818/1021/731 816/1019/729
f 817/1020/730 818/1021/731 815/1018/728
f 818/1021/731 819/1022/732 816/1019/729
f 803/1006/716 820/1023/733 817/1020/730
f 797/1000/710 820/1023/733 803/1006/716
f 797/1000/710 802/1005/715 820/1023/733
f 817/1020/730 821/1024/734 818/1021/731
f 820/1023/733 821/1024/734 817/1020/730
f 818/1021/731 822/1025/735 819/1022/732
f 821/1024/734 822/1025/735 818/1021/731
f 822/1025/735 823/1026/736 819/1022/732
f 802/1005/715 824/1027/737 820/1023/733
f 820/1023/733 824/1027/737 821/1024/734
f 821/1024/734 825/1028/738 822/1025/735
f 824/1027/737 825/1028/738 821/1024/734
f 822/1025/735 826/1029/739 823/1026/736
f 825/1028/738 826/1029/739 822/1025/735
f 826/1029/739 808/1011/721 823/1026/736
f 826/1029/739 806/1030/719 808/1011/721
f 827/1031/740 806/1030/719 826/1029/739
f 825/1028/738 827/1031/740 826/1029/739
f 827/1031/740 800/1032/713 806/1030/719
f 802/1005/715 828/1033/741 824/1027/737
f 796/999/709 828/1033/741 802/1005/715
f 796/999/709 801/1004/714 828/1033/741
f 824/1027/737 829/1034/742 825/1028/738
f 829/1034/742 827/1031/740 825/1028/738
f 828/1033/741 829/1034/742 824/1027/737
f 830/1035/743 800/1032/713 827/1031/740
f 829/1034/742 830/1035/743 827/1031/740
f 830/1035/743 794/1036/707 800/1032/713
f 828/1033/741 831/1037/744 829/1034/742
f 801/1004/714 831/1037/744 828/1033/741
f 831/1037/744 830/1035/743 829/1034/742
f 832/1038/745 794/1036/707 830/1035/743
f 831/1037/744 832/1038/745 830/1035/743
f 832/1038/745 788/1039/701 794/1036/707
f 801/1004/714 833/1040/746 831/1037/744
f 833/1040/746 832/1038/745 831/1037/744
f 795/998/708 833/1040/746 801/1004/714
f 834/1041/747 788/1039/701 832/1038/745
f 833/1040/746 834/1041/747 832/1038/745
f 834/1041/747 782/1042/695 788/1039/701
f 795/998/708 835/1043/748 833/1040/746
f 835/1043/748 834/1041/747 833/1040/746
f 789/992/702 835/1043/748 795/998/708
f 836/1044/749 782/1042/695 834/1041/747
f 835/1043/748 836/1044/749 834/1041/747
f 836/1044/749 776/1045/689 782/1042/695
f 789/992/702 837/1046/750 835/1043/748
f 837/1046/750 836/1044/749 835/1043/748
f 783/986/696 837/1046/750 789/992/702
f 838/1047/751 776/1045/689 836/1044/749
f 837/1046/750 838/1047/751 836/1044/749
f 838/1047/751 770/1048/683 776/1045/689
f 783/986/696 839/1049/752 837/1046/750
f 839/1049/752 838/1047/751 837/1046/750
f 777/980/690 839/1049/752 783/986/696
f 840/1050/753 770/1048/683 838/1047/751
f 839/1049/752 840/1050/753 838/1047/751
f 840/1050/753 764/1051/677 770/1048/683
f 777/980/690 841/1052/754 839/1049/752
f 841/1052/754 840/1050/753 839/1049/752
f 771/974/684 841/1052/754 777/980/690
f 842/1053/755 764/1051/677 840/1050/753
f 841/1052/754 842/1053/755 840/1050/753
f 842/1053/755 758/1054/671 764/1051/677
f 771/974/684 843/1055/756 841/1052/754
f 843/1055/756 842/1053/755 841/1052/754
f 765/968/678 843/1055/756 771/974/684
f 844/1056/757 758/1054/671 842/1053/755
f 843/1055/756 844/1056/757 842/1053/755
f 844/1056/757 752/1057/665 758/1054/671
f 765/968/678 845/1058/758 843/1055/756
f 845/1058/758 844/1056/757 843/1055/756
f 759/962/672 845/1058/758 765/968/678
f 846/1059/759 752/1057/665 844/1056/757
f 845/1058/758 846/1059/759 844/1056/757
f 846/1059/759 746/1060/659 752/1057/665
f 759/962/672 847/1061/760 845/1058/758
f 847/1061/760 846/1059/759 845/1058/758
f 753/956/666 847/1061/760 759/962/672
f 848/1062/761 746/1060/659 846/1059/759
f 847/1061/760 848/1062/761 846/1059/759
f 848/1062/761 740/1063/653 746/1060/659
f 753/956/666 849/1064/762 847/1061/760
f 849/1064/762 848/1062/761 847/1061/760
f 747/950/660 849/1064/762 753/956/666
f 850/1065/763 740/1063/653 848/1062/761
f 849/1064/762 850/1065/763 848/1062/761
f 850/1065/763 737/1066/650 740/1063/653
f 747/950/660 851/1067/764 849/1064/762
f 851/1067/764 850/1065/763 849/1064/762
f 741/944/654 851/1067/764 747/950/660
f 852/1068/765 737/1066/650 850/1065/763
f 851/1067/764 852/1068/765 850/1065/763
f 852/1068/765 728/929/641 737/1066/650
f 727/928/640 728/929/641 852/1068/765
f 741/944/654 853/1069/766 851/1067/764
f 853/1069/766 852/1068/765 851/1067/764
f 853/1069/766 727/928/640 852/1068/765
f 726/927/639 853/1069/766 741/944/654
f 854/1070/767 727/928/640 853/1069/766
f 726/927/639 854/1070/767 853/1069/766
f 854/1070/767 720/920/633 727/928/640
f 719/919/632 854/1070/767 726/927/639
f 714/913/627 720/920/633 854/1070/767
f 719/919/632 714/913/627 854/1070/767
f 855/1071/768 857/1072/769 856/1073/770
f 855/1071/768 856/1073/770 858/1074/771
f 859/1075/772 855/1071/768 858/1074/771
f 858/1074/771 856/1073/770 860/1076/773
f 859/1075/772 858/1074/771 861/1077/774
f 862/1078/775 859/1075/772 861/1077/774
f 858/1074/771 860/1076/773 863/1079/776
f 861/1077/774 858/1074/771 863/1079/776
f 863/1079/776 860/1076/773 864/1080/777
f 862/1078/775 861/1077/774 865/1081/778
f 866/1082/779 862/1078/775 865/1081/778
f 861/1077/774 863/1079/776 867/1083/780
f 865/1081/778 861/1077/774 867/1083/780
f 863/1079/776 864/1080/777 868/1084/781
f 867/1083/780 863/1079/776 868/1084/781
f 868/1084/781 864/1080/777 869/1085/782
f 866/1082/779 865/1081/778 870/1086/783
f 871/1087/784 866/1082/779 870/1086/783
f 865/1081/778 867/1083/780 872/1088/785
f 870/1086/783 865/1081/778 872/1088/785
f 867/1083/780 868/1084/781 873/1089/786
f 872/1088/785 867/1083/780 873/1089/786
f 868/1084/781 869/1085/782 874/1090/787
f 873/1089/786 868/1084/781 874/1090/787
f 874/1090/787 869/1085/782 875/1091/788
f 871/1087/784 870/1086/783 876/1092/789
f 877/1093/790 871/1087/784 876/1092/789
f 870/1086/783 872/1088/785 878/1094/791
f 876/1092/789 870/1086/783 878/1094/791
f 872/1088/785 873/1089/786 879/1095/792
f 878/1094/791 872/1088/785 879/1095/792
f 873/1089/786 874/1090/787 880/1096/793
f 879/1095/792 873/1089/786 880/1096/793
f 874/1090/787 875/1091/788 881/1097/794
f 880/1096/793 874/1090/787 881/1097/794
f 881/1097/794 875/1091/788 882/1098/795
f 877/1093/790 876/1092/789 883/1099/796
f 884/1100/797 877/1093/790 883/1099/796
f 876/1092/789 878/1094/791 885/1101/798
f 883/1099/796 876/1092/789 885/1101/798
f 878/1094/791 879/1095/792 886/1102/799
f 885/1101/798 878/1094/791 886/1102/799
f 879/1095/792 880/1096/793 887/1103/800
f 886/1102/799 879/1095/792 887/1103/800
f 880/1096/793 881/1097/794 888/1104/801
f 887/1103/800 880/1096/793 888/1104/801
f 881/1097/794 882/1098/795 889/1105/802
f 888/1104/801 881/1097/794 889/1105/802
f 889/1105/802 882/1098/795 890/1106/803
f 884/1100/797 883/1099/796 891/1107/804
f 857/1108/769 884/1100/797 891/1107/804
f 857/1108/769 891/1107/804 856/1109/770
f 883/1099/796 885/1101/798 892/1110/805
f 891/1107/804 883/1099/796 892/1110/805
f 856/1109/770 891/1107/804 893/1111/806
f 891/1107/804 892/1110/805 893/1111/806
f 856/1109/770 893/1111/806 860/1112/773
f 889/1105/802 890/1106/803 894/1113/807
f 894/1113/807 890/1106/803 895/1114/808
f 888/1104/801 889/1105/802 896/1115/809
f 896/1115/809 889/1105/802 894/1113/807
f 892/1110/805 885/1101/798 897/1116/810
f 885/1101/798 886/1102/799 897/1116/810
f 860/1112/773 893/1111/806 898/1117/811
f 860/1112/773 898/1117/811 864/1118/777
f 893/1111/806 892/1110/805 899/1119/812
f 892/1110/805 897/1116/810 899/1119/812
f 893/1111/806 899/1119/812 898/1117/811
f 894/1113/807 895/1114/808 900/1120/813
f 900/1120/813 895/1114/808 901/1121/814
f 897/1116/810 886/1102/799 902/1122/815
f 886/1102/799 887/1103/800 902/1122/815
f 864/1118/777 898/1117/811 903/1123/816
f 864/1118/777 903/1123/816 869/1124/782
f 898/1117/811 899/1119/812 904/1125/817
f 898/1117/811 904/1125/817 903/1123/816
f 899/1119/812 897/1116/810 905/1126/818
f 897/1116/810 902/1122/815 905/1126/818
f 899/1119/812 905/1126/818 904/1125/817
f 902/1122/815 887/1103/800 906/1127/819
f 887/1103/800 888/1104/801 906/1127/819
f 906/1127/819 888/1104/801 896/1115/809
f 869/1124/782 903/1123/816 907/1128/820
f 869/1124/782 907/1128/820 875/1129/788
f 903/1123/816 904/1125/817 908/1130/821
f 903/1123/816 908/1130/821 907/1128/820
f 904/1125/817 905/1126/818 909/1131/822
f 904/1125/817 909/1131/822 908/1130/821
f 905/1126/818 902/1122/815 910/1132/823
f 902/1122/815 906/1127/819 910/1132/823
f 905/1126/818 910/1132/823 909/1131/822
f 906/1127/819 896/1115/809 911/1133/824
f 910/1132/823 906/1127/819 911/1133/824
f 875/1129/788 907/1128/820 912/1134/825
f 875/1129/788 912/1134/825 882/1135/795
f 907/1128/820 908/1130/821 913/1136/826
f 907/1128/820 913/1136/826 912/1134/825
f 908/1130/821 909/1131/822 914/1137/827
f 908/1130/821 914/1137/827 913/1136/826
f 909/1131/822 910/1132/823 915/1138/828
f 910/1132/823 911/1133/824 915/1138/828
f 909/1131/822 915/1138/828 914/1137/827
f 911/1133/824 896/1115/809 916/1139/829
f 896/1115/809 894/1113/807 916/1139/829
f 916/1139/829 894/1113/807 900/1120/813
f 882/1135/795 912/1134/825 917/1140/830
f 882/1135/795 917/1140/830 890/1141/803
f 912/1134/825 913/1136/826 918/1142/831
f 912/1134/825 918/1142/831 917/1140/830
f 913/1136/826 914/1137/827 919/1143/832
f 913/1136/826 919/1143/832 918/1142/831
f 914/1137/827 915/1138/828 920/1144/833
f 914/1137/827 920/1144/833 919/1143/832
f 915/1138/828 911/1133/824 921/1145/834
f 911/1133/824 916/1139/829 921/1145/834
f 915/1138/828 921/1145/834 920/1144/833
f 916/1139/829 900/1120/813 922/1146/835
f 921/1145/834 916/1139/829 922/1146/835
f 890/1141/803 917/1140/830 923/1147/836
f 890/1141/803 923/1147/836 895/1148/808
f 917/1140/830 918/1142/831 924/1149/837
f 917/1140/830 924/1149/837 923/1147/836
f 918/1142/831 919/1143/832 925/1150/838
f 918/1142/831 925/1150/838 924/1149/837
f 919/1143/832 920/1144/833 926/1151/839
f 919/1143/832 926/1151/839 925/1150/838
f 920/1144/833 921/1145/834 927/1152/840
f 921/1145/834 922/1146/835 927/1152/840
f 920/1144/833 927/1152/840 926/1151/839
f 922/1146/835 900/1120/813 928/1153/841
f 900/1120/813 901/1121/814 928/1153/841
f 928/1153/841 901/1121/814 929/1154/842
f 895/1148/808 923/1147/836 930/1155/843
f 895/1148/808 930/1155/843 901/1156/814
f 923/1147/836 924/1149/837 931/1157/844
f 923/1147/836 931/1157/844 930/1155/843
f 924/1149/837 925/1150/838 932/1158/845
f 924/1149/837 932/1158/845 931/1157/844
f 925/1150/838 926/1151/839 933/1159/846
f 925/1150/838 933/1159/846 932/1158/845
f 926/1151/839 927/1152/840 934/1160/847
f 926/1151/839 934/1160/847 933/1159/846
f 928/1153/841 929/1154/842 935/1161/848
f 935/1161/848 929/1154/842 936/1162/849
f 901/1156/814 930/1155/843 937/1163/850
f 901/1156/814 937/1163/850 929/1164/842
f 930/1155/843 931/1157/844 938/1165/851
f 930/1155/843 938/1165/851 937/1163/850
f 931/1157/844 932/1158/845 939/1166/852
f 931/1157/844 939/1166/852 938/1165/851
f 932/1158/845 933/1159/846 940/1167/853
f 932/1158/845 940/1167/853 939/1166/852
f 929/1164/842 937/1163/850 941/1168/854
f 929/1164/842 941/1168/854 936/1169/849
f 937/1163/850 938/1165/851 942/1170/855
f 937/1163/850 942/1170/855 941/1168/854
f 938/1165/851 939/1166/852 943/1171/856
f 938/1165/851 943/1171/856 942/1170/855
f 936/1169/849 941/1168/854 944/1172/857
f 936/1169/849 944/1172/857 945/1173/858
f 941/1168/854 942/1170/855 946/1174/859
f 941/1168/854 946/1174/859 944/1172/857
f 945/1173/858 944/1172/857 947/1175/860
f 945/1173/858 947/1175/860 948/1176/861
f 933/1159/846 949/1177/862 940/1167/853
f 933/1159/846 934/1160/847 949/1177/862
f 939/1166/852 940/1167/853 950/1178/863
f 939/1166/852 950/1178/863 943/1171/856
f 942/1170/855 943/1171/856 951/1179/864
f 942/1170/855 951/1179/864 946/1174/859
f 944/1172/857 946/1174/859 952/1180/865
f 944/1172/857 952/1180/865 947/1175/860
f 948/1176/861 947/1175/860 953/1181/866
f 948/1176/861 953/1181/866 954/1182/867
f 940/1167/853 949/1177/862 955/1183/868
f 940/1167/853 955/1183/868 950/1178/863
f 943/1171/856 950/1178/863 956/1184/869
f 943/1171/856 956/1184/869 951/1179/864
f 946/1174/859 951/1179/864 957/1185/870
f 946/1174/859 957/1185/870 952/1180/865
f 947/1175/860 952/1180/865 958/1186/871
f 947/1175/860 958/1186/871 953/1181/866
f 954/1182/867 953/1181/866 959/1187/872
f 954/1182/867 959/1187/872 960/1188/873
f 950/1178/863 955/1183/868 961/1189/874
f 950/1178/863 961/1189/874 956/1184/869
f 951/1179/864 956/1184/869 962/1190/875
f 951/1179/864 962/1190/875 957/1185/870
f 952/1180/865 957/1185/870 963/1191/876
f 952/1180/865 963/1191/876 958/1186/871
f 953/1181/866 958/1186/871 964/1192/877
f 953/1181/866 964/1192/877 959/1187/872
f 960/1188/873 959/1187/872 965/1193/878
f 960/1188/873 965/1193/878 966/1194/879
f 956/1184/869 961/1189/874 967/1195/880
f 956/1184/869 967/1195/880 962/1190/875
f 957/1185/870 962/1190/875 968/1196/881
f 957/1185/870 968/1196/881 963/1191/876
f 958/1186/871 963/1191/876 969/1197/882
f 958/1186/871 969/1197/882 964/1192/877
f 959/1187/872 964/1192/877 970/1198/883
f 959/1187/872 970/1198/883 965/1193/878
f 966/1194/879 965/1193/878 971/1199/884
f 966/1194/879 971/1199/884 972/1200/885
f 962/1190/875 967/1195/880 973/1201/886
f 962/1190/875 973/1201/886 968/1196/881
f 963/1191/876 968/1196/881 974/1202/887
f 963/1191/876 974/1202/887 969/1197/882
f 964/1192/877 969/1197/882 975/1203/888
f 964/1192/877 975/1203/888 970/1198/883
f 965/1193/878 970/1198/883 976/1204/889
f 965/1193/878 976/1204/889 971/1199/884
f 972/1200/885 971/1199/884 977/1205/890
f 972/1200/885 977/1205/890 978/1206/891
f 968/1196/881 973/1201/886 979/1207/892
f 968/1196/881 979/1207/892 974/1202/887
f 969/1197/882 974/1202/887 980/1208/893
f 969/1197/882 980/1208/893 975/1203/888
f 970/1198/883 975/1203/888 981/1209/894
f 970/1198/883 981/1209/894 976/1204/889
f 971/1199/884 976/1204/889 982/1210/895
f 971/1199/884 982/1210/895 977/1205/890
f 978/1206/891 977/1205/890 983/1211/896
f 978/1206/891 983/1211/896 984/1212/897
f 974/1202/887 979/1207/892 985/1213/898
f 974/1202/887 985/1213/898 980/1208/893
f 975/1203/888 980/1208/893 986/1214/899
f 975/1203/888 986/1214/899 981/1209/894
f 976/1204/889 981/1209/894 987/1215/900
f 976/1204/889 987/1215/900 982/1210/895
f 977/1205/890 982/1210/895 988/1216/901
f 977/1205/890 988/1216/901 983/1211/896
f 984/1212/897 983/1211/896 989/1217/902
f 984/1212/897 989/1217/902 990/1218/903
f 980/1208/893 985/1213/898 991/1219/904
f 980/1208/893 991/1219/904 986/1214/899
f 981/1209/894 986/1214/899 992/1220/905
f 981/1209/894 992/1220/905 987/1215/900
f 982/1210/895 987/1215/900 993/1221/906
f 982/1210/895 993/1221/906 988/1216/901
f 983/1211/896 988/1216/901 994/1222/907
f 983/1211/896 994/1222/907 989/1217/902
f 990/1218/903 989/1217/902 995/1223/908
f 990/1218/903 995/1223/908 996/1224/909
f 986/1214/899 991/1219/904 997/1225/910
f 986/1214/899 997/1225/910 992/1220/905
f 987/1215/900 992/1220/905 998/1226/911
f 987/1215/900 998/1226/911 993/1221/906
f 988/1216/901 993/1221/906 999/1227/912
f 988/1216/901 999/1227/912 994/1222/907
f 989/1217/902 994/1222/907 1000/1228/913
f 989/1217/902 1000/1228/913 995/1223/908
f 996/1224/909 995/1223/908 1001/1229/914
f 996/1224/909 1001/1229/914 1002/1230/915
f 992/1220/905 997/1225/910 1003/1231/916
f 992/1220/905 1003/1231/916 998/1226/911
f 993/1221/906 998/1226/911 1004/1232/917
f 993/1221/906 1004/1232/917 999/1227/912
f 994/1222/907 999/1227/912 1005/1233/918
f 994/1222/907 1005/1233/918 1000/1228/913
f 995/1223/908 1000/1228/913 1006/1234/919
f 995/1223/908 1006/1234/919 1001/1229/914
f 1002/1230/915 1001/1229/914 1007/1235/920
f 1002/1230/915 1007/1235/920 1008/1236/921
f 998/1226/911 1003/1231/916 1009/1237/922
f 998/1226/911 1009/1237/922 1004/1232/917
f 999/1227/912 1004/1232/917 1010/1238/923
f 999/1227/912 1010/1238/923 1005/1233/918
f 1000/1228/913 1005/1233/918 1011/1239/924
f 1000/1228/913 1011/1239/924 1006/1234/919
f 1001/1229/914 1006/1234/919 1012/1240/925
f 1001/1229/914 1012/1240/925 1007/1235/920
f 1008/1236/921 1007/1235/920 1013/1241/926
f 1008/1236/921 1013/1241/926 1014/1242/927
f 1014/1242/927 1013/1241/926 1015/1243/928
f 1014/1242/927 1015/1243/928 1016/1244/929
f 1013/1241/926 1017/1245/930 1015/1243/928
f 1007/1235/920 1018/1246/931 1013/1241/926
f 1013/1241/926 1018/1246/931 1017/1245/930
f 1007/1235/920 1012/1240/925 1018/1246/931
f 1018/1246/931 1019/1247/932 1017/1245/930
f 1018/1246/931 1020/1248/933 1019/1247/932
f 1012/1240/925 1020/1248/933 1018/1246/931
f 1020/1248/933 1021/1249/934 1019/1247/932
f 1006/1234/919 1022/1250/935 1012/1240/925
f 1012/1240/925 1022/1250/935 1020/1248/933
f 1006/1234/919 1011/1239/924 1022/1250/935
f 1020/1248/933 1023/1251/936 1021/1249/934
f 1022/1250/935 1023/1251/936 1020/1248/933
f 1023/1251/936 1024/1252/937 1021/1249/934
f 1011/1239/924 1025/1253/938 1022/1250/935
f 1022/1250/935 1025/1253/938 1023/1251/936
f 1023/1251/936 1026/1254/939 1024/1252/937
f 1025/1253/938 1026/1254/939 1023/1251/936
f 1026/1254/939 1027/1255/940 1024/1252/937
f 1011/1239/924 1028/1256/941 1025/1253/938
f 1005/1233/918 1028/1256/941 1011/1239/924
f 1005/1233/918 1010/1238/923 1028/1256/941
f 1025/1253/938 1029/1257/942 1026/1254/939
f 1028/1256/941 1029/1257/942 1025/1253/938
f 1026/1254/939 1030/1258/943 1027/1255/940
f 1029/1257/942 1030/1258/943 1026/1254/939
f 1030/1258/943 1031/1259/944 1027/1255/940
f 1010/1238/923 1032/1260/945 1028/1256/941
f 1028/1256/941 1032/1260/945 1029/1257/942
f 1029/1257/942 1033/1261/946 1030/1258/943
f 1032/1260/945 1033/1261/946 1029/1257/942
f 1030/1258/943 1034/1262/947 1031/1259/944
f 1033/1261/946 1034/1262/947 1030/1258/943
f 1034/1262/947 1016/1244/929 1031/1259/944
f 1034/1262/947 1014/1263/927 1016/1244/929
f 1035/1264/948 1014/1263/927 1034/1262/947
f 1033/1261/946 1035/1264/948 1034/1262/947
f 1035/1264/948 1008/1265/921 1014/1263/927
f 1010/1238/923 1036/1266/949 1032/1260/945
f 1004/1232/917 1036/1266/949 1010/1238/923
f 1004/1232/917 1009/1237/922 1036/1266/949
f 1032/1260/945 1037/1267/950 1033/1261/946
f 1037/1267/950 1035/1264/948 1033/1261/946
f 1036/1266/949 1037/1267/950 1032/1260/945
f 1038/1268/951 1008/1265/921 1035/1264/948
f 1037/1267/950 1038/1268/951 1035/1264/948
f 1038/1268/951 1002/1269/915 1008/1265/921
f 1036/1266/949 1039/1270/952 1037/1267/950
f 1009/1237/922 1039/1270/952 1036/1266/949
f 1039/1270/952 1038/1268/951 1037/1267/950
f 1040/1271/953 1002/1269/915 1038/1268/951
f 1039/1270/952 1040/1271/953 1038/1268/951
f 1040/1271/953 996/1272/909 1002/1269/915
f 1009/1237/922 1041/1273/954 1039/1270/952
f 1041/1273/954 1040/1271/953 1039/1270/952
f 1003/1231/916 1041/1273/954 1009/1237/922
f 1042/1274/955 996/1272/909 1040/1271/953
f 1041/1273/954 1042/1274/955 1040/1271/953
f 1042/1274/955 990/1275/903 996/1272/909
f 1003/1231/916 1043/1276/956 1041/1273/954
f 1043/1276/956 1042/1274/955 1041/1273/954
f 997/1225/910 1043/1276/956 1003/1231/916
f 1044/1277/957 990/1275/903 1042/1274/955
f 1043/1276/956 1044/1277/957 1042/1274/955
f 1044/1277/957 984/1278/897 990/1275/903
f 997/1225/910 1045/1279/958 1043/1276/956
f 1045/1279/958 1044/1277/957 1043/1276/956
f 991/1219/904 1045/1279/958 997/1225/910
f 1046/1280/959 984/1278/897 1044/1277/957
f 1045/1279/958 1046/1280/959 1044/1277/957
f 1046/1280/959 978/1281/891 984/1278/897
f 991/1219/904 1047/1282/960 1045/1279/958
f 1047/1282/960 1046/1280/959 1045/1279/958
f 985/1213/898 1047/1282/960 991/1219/904
f 1048/1283/961 978/1281/891 1046/1280/959
f 1047/1282/960 1048/1283/961 1046/1280/959
f 1048/1283/961 972/1284/885 978/1281/891
f 985/1213/898 1049/1285/962 1047/1282/960
f 1049/1285/962 1048/1283/961 1047/1282/960
f 979/1207/892 1049/1285/962 985/1213/898
f 1050/1286/963 972/1284/885 1048/1283/961
f 1049/1285/962 1050/1286/963 1048/1283/961
f 1050/1286/963 966/1287/879 972/1284/885
f 979/1207/892 1051/1288/964 1049/1285/962
f 1051/1288/964 1050/1286/963 1049/1285/962
f 973/1201/886 1051/1288/964 979/1207/892
f 1052/1289/965 966/1287/879 1050/1286/963
f 1051/1288/964 1052/1289/965 1050/1286/963
f 1052/1289/965 960/1290/873 966/1287/879
f 973/1201/886 1053/1291/966 1051/1288/964
f 1053/1291/966 1052/1289/965 1051/1288/964
f 967/1195/880 1053/1291/966 973/1201/886
f 1054/1292/967 960/1290/873 1052/1289/965
f 1053/1291/966 1054/1292/967 1052/1289/965
f 1054/1292/967 954/1293/867 960/1290/873
f 967/1195/880 1055/1294/968 1053/1291/966
f 1055/1294/968 1054/1292/967 1053/1291/966
f 961/1189/874 1055/1294/968 967/1195/880
f 1056/1295/969 954/1293/867 1054/1292/967
f 1055/1294/968 1056/1295/969 1054/1292/967
f 1056/1295/969 948/1296/861 954/1293/867
f 961/1189/874 1057/1297/970 1055/1294/968
f 1057/1297/970 1056/1295/969 1055/1294/968
f 955/1183/868 1057/1297/970 961/1189/874
f 1058/1298/971 948/1296/861 1056/1295/969
f 1057/1297/970 1058/1298/971 1056/1295/969
f 1058/1298/971 945/1299/858 948/1296/861
f 955/1183/868 1059/1300/972 1057/1297/970
f 1059/1300/972 1058/1298/971 1057/1297/970
f 949/1177/862 1059/1300/972 955/1183/868
f 1060/1301/973 945/1299/858 1058/1298/971
f 1059/1300/972 1060/1301/973 1058/1298/971
f 1060/1301/973 936/1162/849 945/1299/858
f 935/1161/848 936/1162/849 1060/1301/973
f 949/1177/862 1061/1302/974 1059/1300/972
f 1061/1302/974 1060/1301/973 1059/1300/972
f 1061/1302/974 935/1161/848 1060/1301/973
f 934/1160/847 1061/1302/974 949/1177/862
f 1062/1303/975 935/1161/848 1061/1302/974
f 934/1160/847 1062/1303/975 1061/1302/974
f 1062/1303/975 928/1153/841 935/1161/848
f 927/1152/840 1062/1303/975 934/1160/847
f 922/1146/835 928/1153/841 1062/1303/975
f 927/1152/840 922/1146/835 1062/1303/975
f 1063/1304/976 1065/1305/977 1064/1306/978
f 1063/1304/976 1064/1306/978 1066/1307/979
f 1067/1308/980 1063/1304/976 1066/1307/979
f 1066/1307/979 1064/1306/978 1068/1309/981
f 1067/1308/980 1066/1307/979 1069/1310/982
f 1070/1311/983 1067/1308/980 1069/1310/982
f 1066/1307/979 1068/1309/981 1071/1312/984
f 1069/1310/982 1066/1307/979 1071/1312/984
f 1071/1312/984 1068/1309/981 1072/1313/985
f 1070/1311/983 1069/1310/982 1073/1314/986
f 1074/1315/987 1070/1311/983 1073/1314/986
f 1069/1310/982 1071/1312/984 1075/1316/988
f 1073/1314/986 1069/1310/982 1075/1316/988
f 1071/1312/984 1072/1313/985 1076/1317/989
f 1075/1316/988 1071/1312/984 1076/1317/989
f 1076/1317/989 1072/1313/985 1077/1318/990
f 1074/1315/987 1073/1314/986 1078/1319/991
f 1079/1320/992 1074/1315/987 1078/1319/991
f 1073/1314/986 1075/1316/988 1080/1321/993
f 1078/1319/991 1073/1314/986 1080/1321/993
f 1075/1316/988 1076/1317/989 1081/1322/994
f 1080/1321/993 1075/1316/988 1081/1322/994
f 1076/1317/989 1077/1318/990 1082/1323/995
f 1081/1322/994 1076/1317/989 1082/1323/995
f 1082/1323/995 1077/1318/990 1083/1324/996
f 1079/1320/992 1078/1319/991 1084/1325/997
f 1085/1326/998 1079/1320/992 1084/1325/997
f 1078/1319/991 1080/1321/993 1086/1327/999
f 1084/1325/997 1078/1319/991 1086/1327/999
f 1080/1321/993 1081/1322/994 1087/1328/1000
f 1086/1327/999 1080/1321/993 1087/1328/1000
f 1081/1322/994 1082/1323/995 1088/1329/1001
f 1087/1328/1000 1081/1322/994 1088/1329/1001
f 1082/1323/995 1083/1324/996 1089/1330/1002
f 1088/1329/1001 1082/1323/995 1089/1330/1002
f 1089/1330/1002 1083/1324/996 1090/1331/1003
f 1085/1326/998 1084/1325/997 1091/1332/1004
f 1092/1333/1005 1085/1326/998 1091/1332/1004
f 1084/1325/997 1086/1327/999 1093/1334/1006
f 1091/1332/1004 1084/1325/997 1093/1334/1006
f 1086/1327/999 1087/1328/1000 1094/1335/1007
f 1093/1334/1006 1086/1327/999 1094/1335/1007
f 1087/1328/1000 1088/1329/1001 1095/1336/1008
f 1094/1335/1007 1087/1328/1000 1095/1336/1008
f 1088/1329/1001 1089/1330/1002 1096/1337/1009
f 1095/1336/1008 1088/1329/1001 1096/1337/1009
f 1089/1330/1002 1090/1331/1003 1097/1338/1010
f 1096/1337/1009 1089/1330/1002 1097/1338/1010
f 1097/1338/1010 1090/1331/1003 1098/1339/1011
f 1092/1333/1005 1091/1332/1004 1099/1340/1012
f 1065/1341/977 1092/1333/1005 1099/1340/1012
f 1065/1341/977 1099/1340/1012 1064/1342/978
f 1091/1332/1004 1093/1334/1006 1100/1343/1013
f 1099/1340/1012 1091/1332/1004 1100/1343/1013
f 1064/1342/978 1099/1340/1012 1101/1344/1014
f 1099/1340/1012 1100/1343/1013 1101/1344/1014
f 1064/1342/978 1101/1344/1014 1068/1345/981
f 1097/1338/1010 1098/1339/1011 1102/1346/1015
f 1102/1346/1015 1098/1339/1011 1103/1347/1016
f 1096/1337/1009 1097/1338/1010 1104/1348/1017
f 1104/1348/1017 1097/1338/1010 1102/1346/1015
f 1100/1343/1013 1093/1334/1006 1105/1349/1018
f 1093/1334/1006 1094/1335/1007 1105/1349/1018
f 1068/1345/981 1101/1344/1014 1106/1350/1019
f 1068/1345/981 1106/1350/1019 1072/1351/985
f 1101/1344/1014 1100/1343/1013 1107/1352/1020
f 1100/1343/1013 1105/1349/1018 1107/1352/1020
f 1101/1344/1014 1107/1352/1020 1106/1350/1019
f 1102/1346/1015 1103/1347/1016 1108/1353/1021
f 1108/1353/1021 1103/1347/1016 1109/1354/1022
f 1105/1349/1018 1094/1335/1007 1110/1355/1023
f 1094/1335/1007 1095/1336/1008 1110/1355/1023
f 1072/1351/985 1106/1350/1019 1111/1356/1024
f 1072/1351/985 1111/1356/1024 1077/1357/990
f 1106/1350/1019 1107/1352/1020 1112/1358/1025
f 1106/1350/1019 1112/1358/1025 1111/1356/1024
f 1107/1352/1020 1105/1349/1018 1113/1359/1026
f 1105/1349/1018 1110/1355/1023 1113/1359/1026
f 1107/1352/1020 1113/1359/1026 1112/1358/1025
f 1110/1355/1023 1095/1336/1008 1114/1360/1027
f 1095/1336/1008 1096/1337/1009 1114/1360/1027
f 1114/1360/1027 1096/1337/1009 1104/1348/1017
f 1077/1357/990 1111/1356/1024 1115/1361/1028
f 1077/1357/990 1115/1361/1028 1083/1362/996
f 1111/1356/1024 1112/1358/1025 1116/1363/1029
f 1111/1356/1024 1116/1363/1029 1115/1361/1028
f 1112/1358/1025 1113/1359/1026 1117/1364/1030
f 1112/1358/1025 1117/1364/1030 1116/1363/1029
f 1113/1359/1026 1110/1355/1023 1118/1365/1031
f 1110/1355/1023 1114/1360/1027 1118/1365/1031
f 1113/1359/1026 1118/1365/1031 1117/1364/1030
f 1114/1360/1027 1104/1348/1017 1119/1366/1032
f 1118/1365/1031 1114/1360/1027 1119/1366/1032
f 1083/1362/996 1115/1361/1028 1120/1367/1033
f 1083/1362/996 1120/1367/1033 1090/1368/1003
f 1115/1361/1028 1116/1363/1029 1121/1369/1034
f 1115/1361/1028 1121/1369/1034 1120/1367/1033
f 1116/1363/1029 1117/1364/1030 1122/1370/1035
f 1116/1363/1029 1122/1370/1035 1121/1369/1034
f 1117/1364/1030 1118/1365/1031 1123/1371/1036
f 1118/1365/1031 1119/1366/1032 1123/1371/1036
f 1117/1364/1030 1123/1371/1036 1122/1370/1035
f 1119/1366/1032 1104/1348/1017 1124/1372/1037
f 1104/1348/1017 1102/1346/1015 1124/1372/1037
f 1124/1372/1037 1102/1346/1015 1108/1353/1021
f 1090/1368/1003 1120/1367/1033 1125/1373/1038
f 1090/1368/1003 1125/1373/1038 1098/1374/1011
f 1120/1367/1033 1121/1369/1034 1126/1375/1039
f 1120/1367/1033 1126/1375/1039 1125/1373/1038
f 1121/1369/1034 1122/1370/1035 1127/1376/1040
f 1121/1369/1034 1127/1376/1040 1126/1375/1039
f 1122/1370/1035 1123/1371/1036 1128/1377/1041
f 1122/1370/1035 1128/1377/1041 1127/1376/1040
f 1123/1371/1036 1119/1366/1032 1129/1378/1042
f 1119/1366/1032 1124/1372/1037 1129/1378/1042
f 1123/1371/1036 1129/1378/1042 1128/1377/1041
f 1124/1372/1037 1108/1353/1021 1130/1379/1043
f 1129/1378/1042 1124/1372/1037 1130/1379/1043
f 1098/1374/1011 1125/1373/1038 1131/1380/1044
f 1098/1374/1011 1131/1380/1044 1103/1381/1016
f 1125/1373/1038 1126/1375/1039 1132/1382/1045
f 1125/1373/1038 1132/1382/1045 1131/1380/1044
f 1126/1375/1039 1127/1376/1040 1133/1383/1046
f 1126/1375/1039 1133/1383/1046 1132/1382/1045
f 1127/1376/1040 1128/1377/1041 1134/1384/1047
f 1127/1376/1040 1134/1384/1047 1133/1383/1046
f 1128/1377/1041 1129/1378/1042 1135/1385/1048
f 1129/1378/1042 1130/1379/1043 1135/1385/1048
f 1128/1377/1041 1135/1385/1048 1134/1384/1047
f 1130/1379/1043 1108/1353/1021 1136/1386/1049
f 1108/1353/1021 1109/1354/1022 1136/1386/1049
f 1136/1386/1049 1109/1354/1022 1137/1387/1050
f 1103/1381/1016 1131/1380/1044 1138/1388/1051
f 1103/1381/1016 1138/1388/1051 1109/1389/1022
f 1131/1380/1044 1132/1382/1045 1139/1390/1052
f 1131/1380/1044 1139/1390/1052 1138/1388/1051
f 1132/1382/1045 1133/1383/1046 1140/1391/1053
f 1132/1382/1045 1140/1391/1053 1139/1390/1052
f 1133/1383/1046 1134/1384/1047 1141/1392/1054
f 1133/1383/1046 1141/1392/1054 1140/1391/1053
f 1134/1384/1047 1135/1385/1048 1142/1393/1055
f 1134/1384/1047 1142/1393/1055 1141/1392/1054
f 1136/1386/1049 1137/1387/1050 1143/1394/1056
f 1143/1394/1056 1137/1387/1050 1144/1395/1057
f 1109/1389/1022 1138/1388/1051 1145/1396/1058
f 1109/1389/1022 1145/1396/1058 1137/1397/1050
f 1138/1388/1051 1139/1390/1052 1146/1398/1059
f 1138/1388/1051 1146/1398/1059 1145/1396/1058
f 1139/1390/1052 1140/1391/1053 1147/1399/1060
f 1139/1390/1052 1147/1399/1060 1146/1398/1059
f 1140/1391/1053 1141/1392/1054 1148/1400/1061
f 1140/1391/1053 1148/1400/1061 1147/1399/1060
f 1137/1397/1050 1145/1396/1058 1149/1401/1062
f 1137/1397/1050 1149/1401/1062 1144/1402/1057
f 1145/1396/1058 1146/1398/1059 1150/1403/1063
f 1145/1396/1058 1150/1403/1063 1149/1401/1062
f 1146/1398/1059 1147/1399/1060 1151/1404/1064
f 1146/1398/1059 1151/1404/1064 1150/1403/1063
f 1144/1402/1057 1149/1401/1062 1152/1405/1065
f 1144/1402/1057 1152/1405/1065 1153/1406/1066
f 1149/1401/1062 1150/1403/1063 1154/1407/1067
f 1149/1401/1062 1154/1407/1067 1152/1405/1065
f 1153/1406/1066 1152/1405/1065 1155/1408/1068
f 1153/1406/1066 1155/1408/1068 1156/1409/1069
f 1141/1392/1054 1157/1410/1070 1148/1400/1061
f 1141/1392/1054 1142/1393/1055 1157/1410/1070
f 1147/1399/1060 1148/1400/1061 1158/1411/1071
f 1147/1399/1060 1158/1411/1071 1151/1404/1064
f 1150/1403/1063 1151/1404/1064 1159/1412/1072
f 1150/1403/1063 1159/1412/1072 1154/1407/1067
f 1152/1405/1065 1154/1407/1067 1160/1413/1073
f 1152/1405/1065 1160/1413/1073 1155/1408/1068
f 1156/1409/1069 1155/1408/1068 1161/1414/1074
f 1156/1409/1069 1161/1414/1074 1162/1415/1075
f 1148/1400/1061 1157/1410/1070 1163/1416/1076
f 1148/1400/1061 1163/1416/1076 1158/1411/1071
f 1151/1404/1064 1158/1411/1071 1164/1417/1077
f 1151/1404/1064 1164/1417/1077 1159/1412/1072
f 1154/1407/1067 1159/1412/1072 1165/1418/1078
f 1154/1407/1067 1165/1418/1078 1160/1413/1073
f 1155/1408/1068 1160/1413/1073 1166/1419/1079
f 1155/1408/1068 1166/1419/1079 1161/1414/1074
f 1162/1415/1075 1161/1414/1074 1167/1420/1080
f 1162/1415/1075 1167/1420/1080 1168/1421/1081
f 1158/1411/1071 1163/1416/1076 1169/1422/1082
f 1158/1411/1071 1169/1422/1082 1164/1417/1077
f 1159/1412/1072 1164/1417/1077 1170/1423/1083
f 1159/1412/1072 1170/1423/1083 1165/1418/1078
f 1160/1413/1073 1165/1418/1078 1171/1424/1084
f 1160/1413/1073 1171/1424/1084 1166/1419/1079
f 1161/1414/1074 1166/1419/1079 1172/1425/1085
f 1161/1414/1074 1172/1425/1085 1167/1420/1080
f 1168/1421/1081 1167/1420/1080 1173/1426/1086
f 1168/1421/1081 1173/1426/1086 1174/1427/1087
f 1164/1417/1077 1169/1422/1082 1175/1428/1088
f 1164/1417/1077 1175/1428/1088 1170/1423/1083
f 1165/1418/1078 1170/1423/1083 1176/1429/1089
f 1165/1418/1078 1176/1429/1089 1171/1424/1084
f 1166/1419/1079 1171/1424/1084 1177/1430/1090
f 1166/1419/1079 1177/1430/1090 1172/1425/1085
f 1167/1420/1080 1172/1425/1085 1178/1431/1091
f 1167/1420/1080 1178/1431/1091 1173/1426/1086
f 1174/1427/1087 1173/1426/1086 1179/1432/1092
f 1174/1427/1087 1179/1432/1092 1180/1433/1093
f 1170/1423/1083 1175/1428/1088 1181/1434/1094
f 1170/1423/1083 1181/1434/1094 1176/1429/1089
f 1171/1424/1084 1176/1429/1089 1182/1435/1095
f 1171/1424/1084 1182/1435/1095 1177/1430/1090
f 1172/1425/1085 1177/1430/1090 1183/1436/1096
f 1172/1425/1085 1183/1436/1096 1178/1431/1091
f 1173/1426/1086 1178/1431/1091 1184/1437/1097
f 1173/1426/1086 1184/1437/1097 1179/1432/1092
f 1180/1433/1093 1179/1432/1092 1185/1438/1098
f 1180/1433/1093 1185/1438/1098 1186/1439/1099
f 1176/1429/1089 1181/1434/1094 1187/1440/1100
f 1176/1429/1089 1187/1440/1100 1182/1435/1095
f 1177/1430/1090 1182/1435/1095 1188/1441/1101
f 1177/1430/1090 1188/1441/1101 1183/1436/1096
f 1178/1431/1091 1183/1436/1096 1189/1442/1102
f 1178/1431/1091 1189/1442/1102 1184/1437/1097
f 1179/1432/1092 1184/1437/1097 1190/1443/1103
f 1179/1432/1092 1190/1443/1103 1185/1438/1098
f 1186/1439/1099 1185/1438/1098 1191/1444/1104
f 1186/1439/1099 1191/1444/1104 1192/1445/1105
f 1192/1445/1105 1191/1444/1104 1193/1446/1106
f 1192/1445/1105 1193/1446/1106 1194/1447/1107
f 1191/1444/1104 1195/1448/1108 1193/1446/1106
f 1185/1438/1098 1196/1449/1109 1191/1444/1104
f 1191/1444/1104 1196/1449/1109 1195/1448/1108
f 1185/1438/1098 1190/1443/1103 1196/1449/1109
f 1196/1449/1109 1197/1450/1110 1195/1448/1108
f 1196/1449/1109 1198/1451/1111 1197/1450/1110
f 1190/1443/1103 1198/1451/1111 1196/1449/1109
f 1198/1451/1111 1199/1452/1112 1197/1450/1110
f 1184/1437/1097 1200/1453/1113 1190/1443/1103
f 1190/1443/1103 1200/1453/1113 1198/1451/1111
f 1184/1437/1097 1189/1442/1102 1200/1453/1113
f 1198/1451/1111 1201/1454/1114 1199/1452/1112
f 1200/1453/1113 1201/1454/1114 1198/1451/1111
f 1201/1454/1114 1202/1455/1115 1199/1452/1112
f 1189/1442/1102 1203/1456/1116 1200/1453/1113
f 1200/1453/1113 1203/1456/1116 1201/1454/1114
f 1201/1454/1114 1204/1457/1117 1202/1455/1115
f 1203/1456/1116 1204/1457/1117 1201/1454/1114
f 1204/1457/1117 1205/1458/1118 1202/1455/1115
f 1189/1442/1102 1206/1459/1119 1203/1456/1116
f 1183/1436/1096 1206/1459/1119 1189/1442/1102
f 1183/1436/1096 1188/1441/1101 1206/1459/1119
f 1203/1456/1116 1207/1460/1120 1204/1457/1117
f 1206/1459/1119 1207/1460/1120 1203/1456/1116
f 1204/1457/1117 1208/1461/1121 1205/1458/1118
f 1207/1460/1120 1208/1461/1121 1204/1457/1117
f 1208/1461/1121 1209/1462/1122 1205/1458/1118
f 1188/1441/1101 1210/1463/1123 1206/1459/1119
f 1206/1459/1119 1210/1463/1123 1207/1460/1120
f 1207/1460/1120 1211/1464/1124 1208/1461/1121
f 1210/1463/1123 1211/1464/1124 1207/1460/1120
f 1208/1461/1121 1212/1465/1125 1209/1462/1122
f 1211/1464/1124 1212/1465/1125 1208/1461/1121
f 1212/1465/1125 1194/1466/1107 1209/1462/1122
f 1212/1465/1125 1192/1467/1105 1194/1466/1107
f 1213/1468/1126 1192/1467/1105 1212/1465/1125
f 1211/1464/1124 1213/1468/1126 1212/1465/1125
f 1213/1468/1126 1186/1469/1099 1192/1467/1105
f 1188/1441/1101 1214/1470/1127 1210/1463/1123
f 1182/1435/1095 1214/1470/1127 1188/1441/1101
f 1182/1435/1095 1187/1440/1100 1214/1470/1127
f 1210/1463/1123 1215/1471/1128 1211/1464/1124
f 1215/1471/1128 1213/1468/1126 1211/1464/1124
f 1214/1470/1127 1215/1471/1128 1210/1463/1123
f 1216/1472/1129 1186/1469/1099 1213/1468/1126
f 1215/1471/1128 1216/1472/1129 1213/1468/1126
f 1216/1472/1129 1180/1473/1093 1186/1469/1099
f 1214/1470/1127 1217/1474/1130 1215/1471/1128
f 1187/1440/1100 1217/1474/1130 1214/1470/1127
f 1217/1474/1130 1216/1472/1129 1215/1471/1128
f 1218/1475/1131 1180/1473/1093 1216/1472/1129
f 1217/1474/1130 1218/1475/1131 1216/1472/1129
f 1218/1475/1131 1174/1476/1087 1180/1473/1093
f 1187/1440/1100 1219/1477/1132 1217/1474/1130
f 1219/1477/1132 1218/1475/1131 1217/1474/1130
f 1181/1434/1094 1219/1477/1132 1187/1440/1100
f 1220/1478/1133 1174/1476/1087 1218/1475/1131
f 1219/1477/1132 1220/1478/1133 1218/1475/1131
f 1220/1478/1133 1168/1479/1081 1174/1476/1087
f 1181/1434/1094 1221/1480/1134 1219/1477/1132
f 1221/1480/1134 1220/1478/1133 1219/1477/1132
f 1175/1428/1088 1221/1480/1134 1181/1434/1094
f 1222/1481/1135 1168/1479/1081 1220/1478/1133
f 1221/1480/1134 1222/1481/1135 1220/1478/1133
f 1222/1481/1135 1162/1482/1075 1168/1479/1081
f 1175/1428/1088 1223/1483/1136 1221/1480/1134
f 1223/1483/1136 1222/1481/1135 1221/1480/1134
f 1169/1422/1082 1223/1483/1136 1175/1428/1088
f 1224/1484/1137 1162/1482/1075 1222/1481/1135
f 1223/1483/1136 1224/1484/1137 1222/1481/1135
f 1224/1484/1137 1156/1485/1069 1162/1482/1075
f 1169/1422/1082 1225/1486/1138 1223/1483/1136
f 1225/1486/1138 1224/1484/1137 1223/1483/1136
f 1163/1416/1076 1225/1486/1138 1169/1422/1082
f 1226/1487/1139 1156/1485/1069 1224/1484/1137
f 1225/1486/1138 1226/1487/1139 1224/1484/1137
f 1226/1487/1139 1153/1488/1066 1156/1485/1069
f 1163/1416/1076 1227/1489/1140 1225/1486/1138
f 1227/1489/1140 1226/1487/1139 1225/1486/1138
f 1157/1410/1070 1227/1489/1140 1163/1416/1076
f 1228/1490/1141 1153/1488/1066 1226/1487/1139
f 1227/1489/1140 1228/1490/1141 1226/1487/1139
f 1228/1490/1141 1144/1395/1057 1153/1488/1066
f 1143/1394/1056 1144/1395/1057 1228/1490/1141
f 1157/1410/1070 1229/1491/1142 1227/1489/1140
f 1229/1491/1142 1228/1490/1141 1227/1489/1140
f 1229/1491/1142 1143/1394/1056 1228/1490/1141
f 1142/1393/1055 1229/1491/1142 1157/1410/1070
f 1230/1492/1143 1143/1394/1056 1229/1491/1142
f 1142/1393/1055 1230/1492/1143 1229/1491/1142
f 1230/1492/1143 1136/1386/1049 1143/1394/1056
f 1135/1385/1048 1230/1492/1143 1142/1393/1055
f 1130/1379/1043 1136/1386/1049 1230/1492/1143
f 1135/1385/1048 1130/1379/1043 1230/1492/1143
f 1231/1493/1144 1233/1494/1145 1232/1495/1146
f 1231/1493/1144 1232/1495/1146 1234/1496/1147
f 1235/1497/1148 1231/1493/1144 1234/1496/1147
f 1234/1496/1147 1232/1495/1146 1236/1498/1149
f 1235/1497/1148 1234/1496/1147 1237/1499/1150
f 1238/1500/1151 1235/1497/1148 1237/1499/1150
f 1234/1496/1147 1236/1498/1149 1239/1501/1152
f 1237/1499/1150 1234/1496/1147 1239/1501/1152
f 1239/1501/1152 1236/1498/1149 1240/1502/1153
f 1238/1500/1151 1237/1499/1150 1241/1503/1154
f 1242/1504/1155 1238/1500/1151 1241/1503/1154
f 1237/1499/1150 1239/1501/1152 1243/1505/1156
f 1241/1503/1154 1237/1499/1150 1243/1505/1156
f 1239/1501/1152 1240/1502/1153 1244/1506/1157
f 1243/1505/1156 1239/1501/1152 1244/1506/1157
f 1244/1506/1157 1240/1502/1153 1245/1507/1158
f 1242/1504/1155 1241/1503/1154 1246/1508/1159
f 1247/1509/1160 1242/1504/1155 1246/1508/1159
f 1241/1503/1154 1243/1505/1156 1248/1510/1161
f 1246/1508/1159 1241/1503/1154 1248/1510/1161
f 1243/1505/1156 1244/1506/1157 1249/1511/1162
f 1248/1510/1161 1243/1505/1156 1249/1511/1162
f 1244/1506/1157 1245/1507/1158 1250/1512/1163
f 1249/1511/1162 1244/1506/1157 1250/1512/1163
f 1250/1512/1163 1245/1507/1158 1251/1513/1164
f 1247/1509/1160 1246/1508/1159 1252/1514/1165
f 1253/1515/1166 1247/1509/1160 1252/1514/1165
f 1246/1508/1159 1248/1510/1161 1254/1516/1167
f 1252/1514/1165 1246/1508/1159 1254/1516/1167
f 1248/1510/1161 1249/1511/1162 1255/1517/1168
f 1254/1516/1167 1248/1510/1161 1255/1517/1168
f 1249/1511/1162 1250/1512/1163 1256/1518/1169
f 1255/1517/1168 1249/1511/1162 1256/1518/1169
f 1250/1512/1163 1251/1513/1164 1257/1519/1170
f 1256/1518/1169 1250/1512/1163 1257/1519/1170
f 1257/1519/1170 1251/1513/1164 1258/1520/1171
f 1253/1515/1166 1252/1514/1165 1259/1521/1172
f 1260/1522/1173 1253/1515/1166 1259/1521/1172
f 1252/1514/1165 1254/1516/1167 1261/1523/1174
f 1259/1521/1172 1252/1514/1165 1261/1523/1174
f 1254/1516/1167 1255/1517/1168 1262/1524/1175
f 1261/1523/1174 1254/1516/1167 1262/1524/1175
f 1255/1517/1168 1256/1518/1169 1263/1525/1176
f 1262/1524/1175 1255/1517/1168 1263/1525/1176
f 1256/1518/1169 1257/1519/1170 1264/1526/1177
f 1263/1525/1176 1256/1518/1169 1264/1526/1177
f 1257/1519/1170 1258/1520/1171 1265/1527/1178
f 1264/1526/1177 1257/1519/1170 1265/1527/1178
f 1265/1527/1178 1258/1520/1171 1266/1528/1179
f 1260/1522/1173 1259/1521/1172 1267/1529/1180
f 1233/1530/1145 1260/1522/1173 1267/1529/1180
f 1233/1530/1145 1267/1529/1180 1232/1531/1146
f 1259/1521/1172 1261/1523/1174 1268/1532/1181
f 1267/1529/1180 1259/1521/1172 1268/1532/1181
f 1232/1531/1146 1267/1529/1180 1269/1533/1182
f 1267/1529/1180 1268/1532/1181 1269/1533/1182
f 1232/1531/1146 1269/1533/1182 1236/1534/1149
f 1265/1527/1178 1266/1528/1179 1270/1535/1183
f 1270/1535/1183 1266/1528/1179 1271/1536/1184
f 1264/1526/1177 1265/1527/1178 1272/1537/1185
f 1272/1537/1185 1265/1527/1178 1270/1535/1183
f 1268/1532/1181 1261/1523/1174 1273/1538/1186
f 1261/1523/1174 1262/1524/1175 1273/1538/1186
f 1236/1534/1149 1269/1533/1182 1274/1539/1187
f 1236/1534/1149 1274/1539/1187 1240/1540/1153
f 1269/1533/1182 1268/1532/1181 1275/1541/1188
f 1268/1532/1181 1273/1538/1186 1275/1541/1188
f 1269/1533/1182 1275/1541/1188 1274/1539/1187
f 1270/1535/1183 1271/1536/1184 1276/1542/1189
f 1276/1542/1189 1271/1536/1184 1277/1543/1190
f 1273/1538/1186 1262/1524/1175 1278/1544/1191
f 1262/1524/1175 1263/1525/1176 1278/1544/1191
f 1240/1540/1153 1274/1539/1187 1279/1545/1192
f 1240/1540/1153 1279/1545/1192 1245/1546/1158
f 1274/1539/1187 1275/1541/1188 1280/1547/1193
f 1274/1539/1187 1280/1547/1193 1279/1545/1192
f 1275/1541/1188 1273/1538/1186 1281/1548/1194
f 1273/1538/1186 1278/1544/1191 1281/1548/1194
f 1275/1541/1188 1281/1548/1194 1280/1547/1193
f 1278/1544/1191 1263/1525/1176 1282/1549/1195
f 1263/1525/1176 1264/1526/1177 1282/1549/1195
f 1282/1549/1195 1264/1526/1177 1272/1537/1185
f 1245/1546/1158 1279/1545/1192 1283/1550/1196
f 1245/1546/1158 1283/1550/1196 1251/1551/1164
f 1279/1545/1192 1280/1547/1193 1284/1552/1197
f 1279/1545/1192 1284/1552/1197 1283/1550/1196
f 1280/1547/1193 1281/1548/1194 1285/1553/1198
f 1280/1547/1193 1285/1553/1198 1284/1552/1197
f 1281/1548/1194 1278/1544/1191 1286/1554/1199
f 1278/1544/1191 1282/1549/1195 1286/1554/1199
f 1281/1548/1194 1286/1554/1199 1285/1553/1198
f 1282/1549/1195 1272/1537/1185 1287/1555/1200
f 1286/1554/1199 1282/1549/1195 1287/1555/1200
f 1251/1551/1164 1283/1550/1196 1288/1556/1201
f 1251/1551/1164 1288/1556/1201 1258/1557/1171
f 1283/1550/1196 1284/1552/1197 1289/1558/1202
f 1283/1550/1196 1289/1558/1202 1288/1556/1201
f 1284/1552/1197 1285/1553/1198 1290/1559/1203
f 1284/1552/1197 1290/1559/1203 1289/1558/1202
f 1285/1553/1198 1286/1554/1199 1291/1560/1204
f 1286/1554/1199 1287/1555/1200 1291/1560/1204
f 1285/1553/1198 1291/1560/1204 1290/1559/1203
f 1287/1555/1200 1272/1537/1185 1292/1561/1205
f 1272/1537/1185 1270/1535/1183 1292/1561/1205
f 1292/1561/1205 1270/1535/1183 1276/1542/1189
f 1258/1557/1171 1288/1556/1201 1293/1562/1206
f 1258/1557/1171 1293/1562/1206 1266/1563/1179
f 1288/1556/1201 1289/1558/1202 1294/1564/1207
f 1288/1556/1201 1294/1564/1207 1293/1562/1206
f 1289/1558/1202 1290/1559/1203 1295/1565/1208
f 1289/1558/1202 1295/1565/1208 1294/1564/1207
f 1290/1559/1203 1291/1560/1204 1296/1566/1209
f 1290/1559/1203 1296/1566/1209 1295/1565/1208
f 1291/1560/1204 1287/1555/1200 1297/1567/1210
f 1287/1555/1200 1292/1561/1205 1297/1567/1210
f 1291/1560/1204 1297/1567/1210 1296/1566/1209
f 1292/1561/1205 1276/1542/1189 1298/1568/1211
f 1297/1567/1210 1292/1561/1205 1298/1568/1211
f 1266/1563/1179 1293/1562/1206 1299/1569/1212
f 1266/1563/1179 1299/1569/1212 1271/1570/1184
f 1293/1562/1206 1294/1564/1207 1300/1571/1213
f 1293/1562/1206 1300/1571/1213 1299/1569/1212
f 1294/1564/1207 1295/1565/1208 1301/1572/1214
f 1294/1564/1207 1301/1572/1214 1300/1571/1213
f 1295/1565/1208 1296/1566/1209 1302/1573/1215
f 1295/1565/1208 1302/1573/1215 1301/1572/1214
f 1296/1566/1209 1297/1567/1210 1303/1574/1216
f 1297/1567/1210 1298/1568/1211 1303/1574/1216
f 1296/1566/1209 1303/1574/1216 1302/1573/1215
f 1298/1568/1211 1276/1542/1189 1304/1575/1217
f 1276/1542/1189 1277/1543/1190 1304/1575/1217
f 1304/1575/1217 1277/1543/1190 1305/1576/1218
f 1271/1570/1184 1299/1569/1212 1306/1577/1219
f 1271/1570/1184 1306/1577/1219 1277/1578/1190
f 1299/1569/1212 1300/1571/1213 1307/1579/1220
f 1299/1569/1212 1307/1579/1220 1306/1577/1219
f 1300/1571/1213 1301/1572/1214 1308/1580/1221
f 1300/1571/1213 1308/1580/1221 1307/1579/1220
f 1301/1572/1214 1302/1573/1215 1309/1581/1222
f 1301/1572/1214 1309/1581/1222 1308/1580/1221
f 1302/1573/1215 1303/1574/1216 1310/1582/1223
f 1302/1573/1215 1310/1582/1223 1309/1581/1222
f 1304/1575/1217 1305/1576/1218 1311/1583/1224
f 1311/1583/1224 1305/1576/1218 1312/1584/1225
f 1277/1578/1190 1306/1577/1219 1313/1585/1226
f 1277/1578/1190 1313/1585/1226 1305/1586/1218
f 1306/1577/1219 1307/1579/1220 1314/1587/1227
f 1306/1577/1219 1314/1587/1227 1313/1585/1226
f 1307/1579/1220 1308/1580/1221 1315/1588/1228
f 1307/1579/1220 1315/1588/1228 1314/1587/1227
f 1308/1580/1221 1309/1581/1222 1316/1589/1229
f 1308/1580/1221 1316/1589/1229 1315/1588/1228
f 1305/1586/1218 1313/1585/1226 1317/1590/1230
f 1305/1586/1218 1317/1590/1230 1312/1591/1225
f 1313/1585/1226 1314/1587/1227 1318/1592/1231
f 1313/1585/1226 1318/1592/1231 1317/1590/1230
f 1314/1587/1227 1315/1588/1228 1319/1593/1232
f 1314/1587/1227 1319/1593/1232 1318/1592/1231
f 1312/1591/1225 1317/1590/1230 1320/1594/1233
f 1312/1591/1225 1320/1594/1233 1321/1595/1234
f 1317/1590/1230 1318/1592/1231 1322/1596/1235
f 1317/1590/1230 1322/1596/1235 1320/1594/1233
f 1321/1595/1234 1320/1594/1233 1323/1597/1236
f 1321/1595/1234 1323/1597/1236 1324/1598/1237
f 1309/1581/1222 1325/1599/1238 1316/1589/1229
f 1309/1581/1222 1310/1582/1223 1325/1599/1238
f 1315/1588/1228 1316/1589/1229 1326/1600/1239
f 1315/1588/1228 1326/1600/1239 1319/1593/1232
f 1318/1592/1231 1319/1593/1232 1327/1601/1240
f 1318/1592/1231 1327/1601/1240 1322/1596/1235
f 1320/1594/1233 1322/1596/1235 1328/1602/1241
f 1320/1594/1233 1328/1602/1241 1323/1597/1236
f 1324/1598/1237 1323/1597/1236 1329/1603/1242
f 1324/1598/1237 1329/1603/1242 1330/1604/1243
f 1316/1589/1229 1325/1599/1238 1331/1605/1244
f 1316/1589/1229 1331/1605/1244 1326/1600/1239
f 1319/1593/1232 1326/1600/1239 1332/1606/1245
f 1319/1593/1232 1332/1606/1245 1327/1601/1240
f 1322/1596/1235 1327/1601/1240 1333/1607/1246
f 1322/1596/1235 1333/1607/1246 1328/1602/1241
f 1323/1597/1236 1328/1602/1241 1334/1608/1247
f 1323/1597/1236 1334/1608/1247 1329/1603/1242
f 1330/1604/1243 1329/1603/1242 1335/1609/1248
f 1330/1604/1243 1335/1609/1248 1336/1610/1249
f 1326/1600/1239 1331/1605/1244 1337/1611/1250
f 1326/1600/1239 1337/1611/1250 1332/1606/1245
f 1327/1601/1240 1332/1606/1245 1338/1612/1251
f 1327/1601/1240 1338/1612/1251 1333/1607/1246
f 1328/1602/1241 1333/1607/1246 1339/1613/1252
f 1328/1602/1241 1339/1613/1252 1334/1608/1247
f 1329/1603/1242 1334/1608/1247 1340/1614/1253
f 1329/1603/1242 1340/1614/1253 1335/1609/1248
f 1336/1610/1249 1335/1609/1248 1341/1615/1254
f 1336/1610/1249 1341/1615/1254 1342/1616/1255
f 1332/1606/1245 1337/1611/1250 1343/1617/1256
f 1332/1606/1245 1343/1617/1256 1338/1612/1251
f 1333/1607/1246 1338/1612/1251 1344/1618/1257
f 1333/1607/1246 1344/1618/1257 1339/1613/1252
f 1334/1608/1247 1339/1613/1252 1345/1619/1258
f 1334/1608/1247 1345/1619/1258 1340/1614/1253
f 1335/1609/1248 1340/1614/1253 1346/1620/1259
f 1335/1609/1248 1346/1620/1259 1341/1615/1254
f 1342/1616/1255 1341/1615/1254 1347/1621/1260
f 1342/1616/1255 1347/1621/1260 1348/1622/1261
f 1338/1612/1251 1343/1617/1256 1349/1623/1262
f 1338/1612/1251 1349/1623/1262 1344/1618/1257
f 1339/1613/1252 1344/1618/1257 1350/1624/1263
f 1339/1613/1252 1350/1624/1263 1345/1619/1258
f 1340/1614/1253 1345/1619/1258 1351/1625/1264
f 1340/1614/1253 1351/1625/1264 1346/1620/1259
f 1341/1615/1254 1346/1620/1259 1352/1626/1265
f 1341/1615/1254 1352/1626/1265 1347/1621/1260
f 1348/1622/1261 1347/1621/1260 1353/1627/1266
f 1348/1622/1261 1353/1627/1266 1354/1628/1267
f 1344/1618/1257 1349/1623/1262 1355/1629/1268
f 1344/1618/1257 1355/1629/1268 1350/1624/1263
f 1345/1619/1258 1350/1624/1263 1356/1630/1269
f 1345/1619/1258 1356/1630/1269 1351/1625/1264
f 1346/1620/1259 1351/1625/1264 1357/1631/1270
f 1346/1620/1259 1357/1631/1270 1352/1626/1265
f 1347/1621/1260 1352/1626/1265 1358/1632/1271
f 1347/1621/1260 1358/1632/1271 1353/1627/1266
f 1354/1628/1267 1353/1627/1266 1359/1633/1272
f 1354/1628/1267 1359/1633/1272 1360/1634/1273
f 1350/1624/1263 1355/1629/1268 1361/1635/1274
f 1350/1624/1263 1361/1635/1274 1356/1630/1269
f 1351/1625/1264 1356/1630/1269 1362/1636/1275
f 1351/1625/1264 1362/1636/1275 1357/1631/1270
f 1352/1626/1265 1357/1631/1270 1363/1637/1276
f 1352/1626/1265 1363/1637/1276 1358/1632/1271
f 1353/1627/1266 1358/1632/1271 1364/1638/1277
f 1353/1627/1266 1364/1638/1277 1359/1633/1272
f 1360/1634/1273 1359/1633/1272 1365/1639/1278
f 1360/1634/1273 1365/1639/1278 1366/1640/1279
f 1356/1630/1269 1361/1635/1274 1367/1641/1280
f 1356/1630/1269 1367/1641/1280 1362/1636/1275
f 1357/1631/1270 1362/1636/1275 1368/1642/1281
f 1357/1631/1270 1368/1642/1281 1363/1637/1276
f 1358/1632/1271 1363/1637/1276 1369/1643/1282
f 1358/1632/1271 1369/1643/1282 1364/1638/1277
f 1359/1633/1272 1364/1638/1277 1370/1644/1283
f 1359/1633/1272 1370/1644/1283 1365/1639/1278
f 1366/1640/1279 1365/1639/1278 1371/1645/1284
f 1366/1640/1279 1371/1645/1284 1372/1646/1285
f 1362/1636/1275 1367/1641/1280 1373/1647/1286
f 1362/1636/1275 1373/1647/1286 1368/1642/1281
f 1363/1637/1276 1368/1642/1281 1374/1648/1287
f 1363/1637/1276 1374/1648/1287 1369/1643/1282
f 1364/1638/1277 1369/1643/1282 1375/1649/1288
f 1364/1638/1277 1375/1649/1288 1370/1644/1283
f 1365/1639/1278 1370/1644/1283 1376/1650/1289
f 1365/1639/1278 1376/1650/1289 1371/1645/1284
f 1372/1646/1285 1371/1645/1284 1377/1651/1290
f 1372/1646/1285 1377/1651/1290 1378/1652/1291
f 1368/1642/1281 1373/1647/1286 1379/1653/1292
f 1368/1642/1281 1379/1653/1292 1374/1648/1287
f 1369/1643/1282 1374/1648/1287 1380/1654/1293
f 1369/1643/1282 1380/1654/1293 1375/1649/1288
f 1370/1644/1283 1375/1649/1288 1381/1655/1294
f 1370/1644/1283 1381/1655/1294 1376/1650/1289
f 1371/1645/1284 1376/1650/1289 1382/1656/1295
f 1371/1645/1284 1382/1656/1295 1377/1651/1290
f 1378/1652/1291 1377/1651/1290 1383/1657/1296
f 1378/1652/1291 1383/1657/1296 1384/1658/1297
f 1374/1648/1287 1379/1653/1292 1385/1659/1298
f 1374/1648/1287 1385/1659/1298 1380/1654/1293
f 1375/1649/1288 1380/1654/1293 1386/1660/1299
f 1375/1649/1288 1386/1660/1299 1381/1655/1294
f 1376/1650/1289 1381/1655/1294 1387/1661/1300
f 1376/1650/1289 1387/1661/1300 1382/1656/1295
f 1377/1651/1290 1382/1656/1295 1388/1662/1301
f 1377/1651/1290 1388/1662/1301 1383/1657/1296
f 1384/1658/1297 1383/1657/1296 1389/1663/1302
f 1384/1658/1297 1389/1663/1302 1390/1664/1303
f 1390/1664/1303 1389/1663/1302 1391/1665/1304
f 1390/1664/1303 1391/1665/1304 1392/1666/1305
f 1389/1663/1302 1393/1667/1306 1391/1665/1304
f 1383/1657/1296 1394/1668/1307 1389/1663/1302
f 1389/1663/1302 1394/1668/1307 1393/1667/1306
f 1383/1657/1296 1388/1662/1301 1394/1668/1307
f 1394/1668/1307 1395/1669/1308 1393/1667/1306
f 1394/1668/1307 1396/1670/1309 1395/1669/1308
f 1388/1662/1301 1396/1670/1309 1394/1668/1307
f 1396/1670/1309 1397/1671/1310 1395/1669/1308
f 1382/1656/1295 1398/1672/1311 1388/1662/1301
f 1388/1662/1301 1398/1672/1311 1396/1670/1309
f 1382/1656/1295 1387/1661/1300 1398/1672/1311
f 1396/1670/1309 1399/1673/1312 1397/1671/1310
f 1398/1672/1311 1399/1673/1312 1396/1670/1309
f 1399/1673/1312 1400/1674/1313 1397/1671/1310
f 1387/1661/1300 1401/1675/1314 1398/1672/1311
f 1398/1672/1311 1401/1675/1314 1399/1673/1312
f 1399/1673/1312 1402/1676/1315 1400/1674/1313
f 1401/1675/1314 1402/1676/1315 1399/1673/1312
f 1402/1676/1315 1403/1677/1316 1400/1674/1313
f 1387/1661/1300 1404/1678/1317 1401/1675/1314
f 1381/1655/1294 1404/1678/1317 1387/1661/1300
f 1381/1655/1294 1386/1660/1299 1404/1678/1317
f 1401/1675/1314 1405/1679/1318 1402/1676/1315
f 1404/1678/1317 1405/1679/1318 1401/1675/1314
f 1402/1676/1315 1406/1680/1319 1403/1677/1316
f 1405/1679/1318 1406/1680/1319 1402/1676/1315
f 1406/1680/1319 1407/1681/1320 1403/1677/1316
f 1386/1660/1299 1408/1682/1321 1404/1678/1317
f 1404/1678/1317 1408/1682/1321 1405/1679/1318
f 1405/1679/1318 1409/1683/1322 1406/1680/1319
f 1408/1682/1321 1409/1683/1322 1405/1679/1318
f 1406/1680/1319 1410/1684/1323 1407/1681/1320
f 1409/1683/1322 1410/1684/1323 1406/1680/1319
f 1410/1684/1323 1392/1685/1305 1407/1681/1320
f 1410/1684/1323 1390/1686/1303 1392/1685/1305
f 1411/1687/1324 1390/1686/1303 1410/1684/1323
f 1409/1683/1322 1411/1687/1324 1410/1684/1323
f 1411/1687/1324 1384/1688/1297 1390/1686/1303
f 1386/1660/1299 1412/1689/1325 1408/1682/1321
f 1380/1654/1293 1412/1689/1325 1386/1660/1299
f 1380/1654/1293 1385/1659/1298 1412/1689/1325
f 1408/1682/1321 1413/1690/1326 1409/1683/1322
f 1413/1690/1326 1411/1687/1324 1409/1683/1322
f 1412/1689/1325 1413/1690/1326 1408/1682/1321
f 1414/1691/1327 1384/1688/1297 1411/1687/1324
f 1413/1690/1326 1414/1691/1327 1411/1687/1324
f 1414/1691/1327 1378/1692/1291 1384/1688/1297
f 1412/1689/1325 1415/1693/1328 1413/1690/1326
f 1385/1659/1298 1415/1693/1328 1412/1689/1325
f 1415/1693/1328 1414/1691/1327 1413/1690/1326
f 1416/1694/1329 1378/1692/1291 1414/1691/1327
f 1415/1693/1328 1416/1694/1329 1414/1691/1327
f 1416/1694/1329 1372/1695/1285 1378/1692/1291
f 1385/1659/1298 1417/1696/1330 1415/1693/1328
f 1417/1696/1330 1416/1694/1329 1415/1693/1328
f 1379/1653/1292 1417/1696/1330 1385/1659/1298
f 1418/1697/1331 1372/1695/1285 1416/1694/1329
f 1417/1696/1330 1418/1697/1331 1416/1694/1329
f 1418/1697/1331 1366/1698/1279 1372/1695/1285
f 1379/1653/1292 1419/1699/1332 1417/1696/1330
f 1419/1699/1332 1418/1697/1331 1417/1696/1330
f 1373/1647/1286 1419/1699/1332 1379/1653/1292
f 1420/1700/1333 1366/1698/1279 1418/1697/1331
f 1419/1699/1332 1420/1700/1333 1418/1697/1331
f 1420/1700/1333 1360/1701/1273 1366/1698/1279
f 1373/1647/1286 1421/1702/1334 1419/1699/1332
f 1421/1702/1334 1420/1700/1333 1419/1699/1332
f 1367/1641/1280 1421/1702/1334 1373/1647/1286
f 1422/1703/1335 1360/1701/1273 1420/1700/1333
f 1421/1702/1334 1422/1703/1335 1420/1700/1333
f 1422/1703/1335 1354/1704/1267 1360/1701/1273
f 1367/1641/1280 1423/1705/1336 1421/1702/1334
f 1423/1705/1336 1422/1703/1335 1421/1702/1334
f 1361/1635/1274 1423/1705/1336 1367/1641/1280
f 1424/1706/1337 1354/1704/1267 1422/1703/1335
f 1423/1705/1336 1424/1706/1337 1422/1703/1335
f 1424/1706/1337 1348/1707/1261 1354/1704/1267
f 1361/1635/1274 1425/1708/1338 1423/1705/1336
f 1425/1708/1338 1424/1706/1337 1423/1705/1336
f 1355/1629/1268 1425/1708/1338 1361/1635/1274
f 1426/1709/1339 1348/1707/1261 1424/1706/1337
f 1425/1708/1338 1426/1709/1339 1424/1706/1337
f 1426/1709/1339 1342/1710/1255 1348/1707/1261
f 1355/1629/1268 1427/1711/1340 1425/1708/1338
f 1427/1711/1340 1426/1709/1339 1425/1708/1338
f 1349/1623/1262 1427/1711/1340 1355/1629/1268
f 1428/1712/1341 1342/1710/1255 1426/1709/1339
f 1427/1711/1340 1428/1712/1341 1426/1709/1339
f 1428/1712/1341 1336/1713/1249 1342/1710/1255
f 1349/1623/1262 1429/1714/1342 1427/1711/1340
f 1429/1714/1342 1428/1712/1341 1427/1711/1340
f 1343/1617/1256 1429/1714/1342 1349/1623/1262
f 1430/1715/1343 1336/1713/1249 1428/1712/1341
f 1429/1714/1342 1430/1715/1343 1428/1712/1341
f 1430/1715/1343 1330/1716/1243 1336/1713/1249
f 1343/1617/1256 1431/1717/1344 1429/1714/1342
f 1431/1717/1344 1430/1715/1343 1429/1714/1342
f 1337/1611/1250 1431/1717/1344 1343/1617/1256
f 1432/1718/1345 1330/1716/1243 1430/1715/1343
f 1431/1717/1344 1432/1718/1345 1430/1715/1343
f 1432/1718/1345 1324/1719/1237 1330/1716/1243
f 1337/1611/1250 1433/1720/1346 1431/1717/1344
f 1433/1720/1346 1432/1718/1345 1431/1717/1344
f 1331/1605/1244 1433/1720/1346 1337/1611/1250
f 1434/1721/1347 1324/1719/1237 1432/1718/1345
f 1433/1720/1346 1434/1721/1347 1432/1718/1345
f 1434/1721/1347 1321/1722/1234 1324/1719/1237
f 1331/1605/1244 1435/1723/1348 1433/1720/1346
f 1435/1723/1348 1434/1721/1347 1433/1720/1346
f 1325/1599/1238 1435/1723/1348 1331/1605/1244
f 1436/1724/1349 1321/1722/1234 1434/1721/1347
f 1435/1723/1348 1436/1724/1349 1434/1721/1347
f 1436/1724/1349 1312/1584/1225 1321/1722/1234
f 1311/1583/1224 1312/1584/1225 1436/1724/1349
f 1325/1599/1238 1437/1725/1350 1435/1723/1348
f 1437/1725/1350 1436/1724/1349 1435/1723/1348
f 1437/1725/1350 1311/1583/1224 1436/1724/1349
f 1310/1582/1223 1437/1725/1350 1325/1599/1238
f 1438/1726/1351 1311/1583/1224 1437/1725/1350
f 1310/1582/1223 1438/1726/1351 1437/1725/1350
f 1438/1726/1351 1304/1575/1217 1311/1583/1224
f 1303/1574/1216 1438/1726/1351 1310/1582/1223
f 1298/1568/1211 1304/1575/1217 1438/1726/1351
f 1303/1574/1216 1298/1568/1211 1438/1726/1351
f 1439/1727/1352 1441/1728/1353 1440/1729/1354
f 1441/1728/1353 1442/1730/1355 1440/1729/1354
f 1440/1729/1354 1442/1730/1355 1443/1731/1356
f 1443/1731/1356 1439/1732/1352 1440/1729/1354
f 1444/1733/1357 1446/1734/1358 1445/1735/1359
f 1447/1736/1360 1444/1733/1357 1445/1735/1359
f 1448/1737/1361 1447/1736/1360 1445/1735/1359
f 1445/1735/1359 1446/1738/1358 1448/1737/1361
f 1449/1739/1362 1451/1740/1363 1450/1741/1364
f 1451/1740/1363 1452/1742/1365 1450/1741/1364
f 1452/1742/1365 1453/1743/1366 1450/1741/1364
f 1450/1741/1364 1453/1743/1366 1449/1744/1362
f 1454/1745/1367 1456/1746/1368 1455/1747/1369
f 1456/1746/1368 1457/1748/1370 1455/1747/1369
f 1457/1748/1370 1458/1749/1371 1455/1747/1369
f 1455/1747/1369 1458/1749/1371 1454/1750/1367
f 1459/1751/1372 1461/1752/1373 1460/1753/1374
f 1462/1754/1375 1459/1751/1372 1460/1753/1374
f 1463/1755/1376 1462/1754/1375 1460/1753/1374
f 1460/1753/1374 1461/1756/1373 1463/1755/1376
f 1464/1757/1377 1466/1758/1378 1465/1759/1379
f 1467/1760/1380 1464/1757/1377 1465/1759/1379
f 1468/1761/1381 1467/1760/1380 1465/1759/1379
f 1465/1759/1379 1466/1762/1378 1468/1761/1381
f 1469/1763/1382 1471/1764/1383 1470/1765/1384
f 1471/1764/1383 1472/1766/1385 1470/1765/1384
f 1470/1765/1384 1472/1766/1385 1473/1767/1386
f 1473/1767/1386 1469/1768/1382 1470/1765/1384
f 1474/1769/1387 1476/1770/1388 1475/1771/1389
f 1476/1770/1388 1477/1772/1390 1475/1771/1389
f 1477/1772/1390 1478/1773/1391 1475/1771/1389
f 1475/1771/1389 1478/1773/1391 1474/1774/1387
f 1474/1775/1387 1479/1776/1392 1476/1777/1388
f 1479/1776/1392 1477/1778/1390 1476/1777/1388
f 1479/1776/1392 1474/1775/1387 1480/1779/1393
f 1481/1780/1394 1477/1778/1390 1479/1776/1392
f 1482/1781/1395 1479/1776/1392 1480/1779/1393
f 1483/1782/1396 1481/1780/1394 1479/1776/1392
f 1483/1782/1396 1479/1776/1392 1482/1781/1395
f 1480/1779/1393 1474/1775/1387 1484/1783/1397
f 1474/1775/1387 1485/1784/1398 1484/1783/1397
f 1474/1775/1387 1486/1785/1399 1485/1784/1398
f 1486/1785/1399 1474/1775/1387 1478/1786/1391
f 1477/1778/1390 1486/1785/1399 1478/1786/1391
f 1477/1778/1390 1481/1780/1394 1487/1787/1400
f 1477/1778/1390 1488/1788/1401 1486/1785/1399
f 1488/1788/1401 1477/1778/1390 1487/1787/1400
f 1489/1789/1402 1487/1787/1400 1481/1780/1394
f 1490/1790/1403 1481/1780/1394 1483/1782/1396
f 1490/1790/1403 1489/1789/1402 1481/1780/1394
f 1491/1791/1404 1488/1788/1401 1487/1787/1400
f 1489/1789/1402 1491/1791/1404 1487/1787/1400
f 1480/1779/1393 1484/1783/1397 1492/1792/1405
f 1484/1783/1397 1485/1784/1398 1493/1793/1406
f 1484/1783/1397 1493/1793/1406 1492/1792/1405
f 1486/1785/1399 1494/1794/1407 1485/1784/1398
f 1485/1784/1398 1495/1795/1408 1493/1793/1406
f 1485/1784/1398 1494/1794/1407 1495/1795/1408
f 1492/1792/1405 1493/1793/1406 1496/1796/351
f 1493/1793/1406 1495/1795/1408 1496/1796/351
f 1497/1797/1409 1492/1792/1405 1496/1796/351
f 1480/1779/1393 1492/1792/1405 1497/1797/1409
f 1495/1795/1408 1498/1798/1410 1496/1796/351
f 1494/1794/1407 1498/1798/1410 1495/1795/1408
f 1499/1799/1411 1497/1797/1409 1496/1796/351
f 1500/1800/1412 1480/1779/1393 1497/1797/1409
f 1500/1800/1412 1497/1797/1409 1499/1799/1411
f 1482/1781/1395 1480/1779/1393 1500/1800/1412
f 1486/1785/1399 1501/1801/1413 1494/1794/1407
f 1488/1788/1401 1501/1801/1413 1486/1785/1399
f 1488/1788/1401 1502/1802/1414 1501/1801/1413
f 1494/1794/1407 1503/1803/1415 1498/1798/1410
f 1501/1801/1413 1503/1803/1415 1494/1794/1407
f 1498/1798/1410 1504/1804/1416 1496/1796/351
f 1503/1803/1415 1504/1804/1416 1498/1798/1410
f 1501/1801/1413 1505/1805/1417 1503/1803/1415
f 1502/1802/1414 1505/1805/1417 1501/1801/1413
f 1503/1803/1415 1506/1806/1418 1504/1804/1416
f 1505/1805/1417 1506/1806/1418 1503/1803/1415
f 1507/1807/1419 1502/1802/1414 1488/1788/1401
f 1491/1791/1404 1507/1807/1419 1488/1788/1401
f 1504/1804/1416 1508/1808/1420 1496/1796/351
f 1506/1806/1418 1508/1808/1420 1504/1804/1416
f 1502/1802/1414 1509/1809/1421 1505/1805/1417
f 1505/1805/1417 1510/1810/1422 1506/1806/1418
f 1509/1809/1421 1510/1810/1422 1505/1805/1417
f 1506/1806/1418 1511/1811/1423 1508/1808/1420
f 1508/1808/1420 1512/1812/1424 1496/1796/351
f 1511/1811/1423 1512/1812/1424 1508/1808/1420
f 1462/1813/1375 1506/1806/1418 1510/1810/1422
f 1506/1806/1418 1462/1813/1375 1511/1811/1423
f 1511/1811/1423 1462/1813/1375 1463/1814/1376
f 1461/1815/1373 1511/1811/1423 1463/1814/1376
f 1511/1811/1423 1513/1816/1425 1512/1812/1424
f 1511/1811/1423 1461/1815/1373 1513/1816/1425
f 1510/1810/1422 1514/1817/1426 1462/1813/1375
f 1462/1813/1375 1514/1817/1426 1459/1818/1372
f 1459/1818/1372 1515/1819/1427 1461/1815/1373
f 1515/1819/1427 1459/1818/1372 1514/1817/1426
f 1509/1809/1421 1516/1820/1428 1510/1810/1422
f 1514/1817/1426 1510/1810/1422 1516/1820/1428
f 1512/1812/1424 1517/1821/1429 1496/1796/351
f 1513/1816/1425 1517/1821/1429 1512/1812/1424
f 1513/1816/1425 1461/1815/1373 1518/1822/1430
f 1461/1815/1373 1515/1819/1427 1518/1822/1430
f 1513/1816/1425 1519/1823/1431 1517/1821/1429
f 1518/1822/1430 1519/1823/1431 1513/1816/1425
f 1517/1821/1429 1520/1824/1432 1496/1796/351
f 1519/1823/1431 1520/1824/1432 1517/1821/1429
f 1518/1822/1430 1521/1825/1433 1519/1823/1431
f 1515/1819/1427 1521/1825/1433 1518/1822/1430
f 1520/1824/1432 1522/1826/1434 1496/1796/351
f 1522/1826/1434 1523/1827/1435 1496/1796/351
f 1523/1827/1435 1524/1828/1436 1496/1796/351
f 1519/1823/1431 1525/1829/1437 1520/1824/1432
f 1525/1829/1437 1522/1826/1434 1520/1824/1432
f 1521/1825/1433 1525/1829/1437 1519/1823/1431
f 1526/1830/1438 1523/1827/1435 1522/1826/1434
f 1525/1829/1437 1526/1830/1438 1522/1826/1434
f 1527/1831/1439 1524/1828/1436 1523/1827/1435
f 1526/1830/1438 1527/1831/1439 1523/1827/1435
f 1527/1831/1439 1528/1832/1440 1524/1828/1436
f 1527/1831/1439 1529/1833/1441 1528/1832/1440
f 1521/1825/1433 1530/1834/1442 1525/1829/1437
f 1530/1834/1442 1526/1830/1438 1525/1829/1437
f 1531/1835/1443 1527/1831/1439 1526/1830/1438
f 1530/1834/1442 1531/1835/1443 1526/1830/1438
f 1529/1833/1441 1527/1831/1439 1468/1836/1381
f 1527/1831/1439 1531/1835/1443 1468/1836/1381
f 1529/1833/1441 1468/1836/1381 1466/1837/1378
f 1466/1837/1378 1532/1838/1444 1529/1833/1441
f 1468/1836/1381 1531/1835/1443 1467/1839/1380
f 1533/1840/1445 1467/1839/1380 1531/1835/1443
f 1532/1838/1444 1466/1837/1378 1464/1841/1377
f 1467/1839/1380 1533/1840/1445 1464/1841/1377
f 1534/1842/1446 1530/1834/1442 1521/1825/1433
f 1515/1819/1427 1534/1842/1446 1521/1825/1433
f 1535/1843/1447 1531/1835/1443 1530/1834/1442
f 1535/1843/1447 1533/1840/1445 1531/1835/1443
f 1534/1842/1446 1535/1843/1447 1530/1834/1442
f 1532/1838/1444 1464/1841/1377 1536/1844/1448
f 1464/1841/1377 1533/1840/1445 1536/1844/1448
f 1537/1845/1449 1532/1838/1444 1536/1844/1448
f 1537/1845/1449 1538/1846/1450 1532/1838/1444
f 1539/1847/1451 1536/1844/1448 1533/1840/1445
f 1539/1847/1451 1537/1845/1449 1536/1844/1448
f 1540/1848/1452 1538/1846/1450 1537/1845/1449
f 1540/1848/1452 1541/1849/1453 1538/1846/1450
f 1542/1850/1454 1537/1845/1449 1539/1847/1451
f 1542/1850/1454 1540/1848/1452 1537/1845/1449
f 1533/1840/1445 1446/1851/1358 1539/1847/1451
f 1446/1851/1358 1542/1850/1454 1539/1847/1451
f 1533/1840/1445 1448/1852/1361 1446/1851/1358
f 1448/1852/1361 1533/1840/1445 1535/1843/1447
f 1535/1843/1447 1447/1853/1360 1448/1852/1361
f 1543/1854/1455 1535/1843/1447 1534/1842/1446
f 1535/1843/1447 1543/1854/1455 1447/1853/1360
f 1544/1855/1456 1541/1849/1453 1540/1848/1452
f 1544/1855/1456 1545/1856/1457 1541/1849/1453
f 1546/1857/1458 1540/1848/1452 1542/1850/1454
f 1546/1857/1458 1544/1855/1456 1540/1848/1452
f 1542/1850/1454 1446/1851/1358 1547/1858/1459
f 1547/1858/1459 1446/1851/1358 1444/1859/1357
f 1447/1853/1360 1547/1858/1459 1444/1859/1357
f 1548/1860/1460 1545/1856/1457 1544/1855/1456
f 1548/1860/1460 1549/1861/1461 1545/1856/1457
f 1550/1862/1462 1543/1854/1455 1534/1842/1446
f 1550/1862/1462 1534/1842/1446 1515/1819/1427
f 1551/1863/1463 1447/1853/1360 1543/1854/1455
f 1447/1853/1360 1551/1863/1463 1547/1858/1459
f 1552/1864/1464 1542/1850/1454 1547/1858/1459
f 1552/1864/1464 1546/1857/1458 1542/1850/1454
f 1553/1865/1465 1544/1855/1456 1546/1857/1458
f 1553/1865/1465 1548/1860/1460 1544/1855/1456
f 1554/1866/1466 1549/1861/1461 1548/1860/1460
f 1554/1866/1466 1555/1867/1467 1549/1861/1461
f 1556/1868/1468 1543/1854/1455 1550/1862/1462
f 1556/1868/1468 1551/1863/1463 1543/1854/1455
f 1557/1869/1469 1547/1858/1459 1551/1863/1463
f 1557/1869/1469 1552/1864/1464 1547/1858/1459
f 1558/1870/1470 1546/1857/1458 1552/1864/1464
f 1558/1870/1470 1553/1865/1465 1546/1857/1458
f 1559/1871/1471 1548/1860/1460 1553/1865/1465
f 1559/1871/1471 1554/1866/1466 1548/1860/1460
f 1560/1872/1472 1555/1867/1467 1554/1866/1466
f 1560/1872/1472 1561/1873/1473 1555/1867/1467
f 1562/1874/1474 1551/1863/1463 1556/1868/1468
f 1562/1874/1474 1557/1869/1469 1551/1863/1463
f 1563/1875/1475 1552/1864/1464 1557/1869/1469
f 1563/1875/1475 1558/1870/1470 1552/1864/1464
f 1564/1876/1476 1553/1865/1465 1558/1870/1470
f 1564/1876/1476 1559/1871/1471 1553/1865/1465
f 1565/1877/1477 1554/1866/1466 1559/1871/1471
f 1565/1877/1477 1560/1872/1472 1554/1866/1466
f 1566/1878/1478 1561/1873/1473 1560/1872/1472
f 1566/1878/1478 1567/1879/1479 1561/1873/1473
f 1568/1880/1480 1557/1869/1469 1562/1874/1474
f 1568/1880/1480 1563/1875/1475 1557/1869/1469
f 1569/1881/1481 1558/1870/1470 1563/1875/1475
f 1569/1881/1481 1564/1876/1476 1558/1870/1470
f 1570/1882/1482 1559/1871/1471 1564/1876/1476
f 1570/1882/1482 1565/1877/1477 1559/1871/1471
f 1571/1883/1483 1560/1872/1472 1565/1877/1477
f 1571/1883/1483 1566/1878/1478 1560/1872/1472
f 1572/1884/1484 1567/1879/1479 1566/1878/1478
f 1572/1884/1484 1573/1885/1485 1567/1879/1479
f 1574/1886/1486 1563/1875/1475 1568/1880/1480
f 1574/1886/1486 1569/1881/1481 1563/1875/1475
f 1575/1887/1487 1564/1876/1476 1569/1881/1481
f 1575/1887/1487 1570/1882/1482 1564/1876/1476
f 1576/1888/1488 1565/1877/1477 1570/1882/1482
f 1576/1888/1488 1571/1883/1483 1565/1877/1477
f 1577/1889/1489 1566/1878/1478 1571/1883/1483
f 1577/1889/1489 1572/1884/1484 1566/1878/1478
f 1578/1890/1490 1573/1885/1485 1572/1884/1484
f 1578/1890/1490 1579/1891/1491 1573/1885/1485
f 1580/1892/1492 1569/1881/1481 1574/1886/1486
f 1580/1892/1492 1575/1887/1487 1569/1881/1481
f 1581/1893/1493 1570/1882/1482 1575/1887/1487
f 1581/1893/1493 1576/1888/1488 1570/1882/1482
f 1582/1894/1494 1571/1883/1483 1576/1888/1488
f 1582/1894/1494 1577/1889/1489 1571/1883/1483
f 1583/1895/1495 1572/1884/1484 1577/1889/1489
f 1583/1895/1495 1578/1890/1490 1572/1884/1484
f 1584/1896/1496 1579/1891/1491 1578/1890/1490
f 1584/1896/1496 1585/1897/1497 1579/1891/1491
f 1586/1898/1498 1575/1887/1487 1580/1892/1492
f 1586/1898/1498 1581/1893/1493 1575/1887/1487
f 1587/1899/1499 1576/1888/1488 1581/1893/1493
f 1587/1899/1499 1582/1894/1494 1576/1888/1488
f 1588/1900/1500 1577/1889/1489 1582/1894/1494
f 1588/1900/1500 1583/1895/1495 1577/1889/1489
f 1589/1901/1501 1578/1890/1490 1583/1895/1495
f 1589/1901/1501 1584/1896/1496 1578/1890/1490
f 1590/1902/1502 1585/1897/1497 1584/1896/1496
f 1590/1902/1502 1591/1903/1503 1585/1897/1497
f 1592/1904/1504 1581/1893/1493 1586/1898/1498
f 1592/1904/1504 1587/1899/1499 1581/1893/1493
f 1593/1905/1505 1582/1894/1494 1587/1899/1499
f 1593/1905/1505 1588/1900/1500 1582/1894/1494
f 1594/1906/1506 1583/1895/1495 1588/1900/1500
f 1594/1906/1506 1589/1901/1501 1583/1895/1495
f 1595/1907/1507 1584/1896/1496 1589/1901/1501
f 1595/1907/1507 1590/1902/1502 1584/1896/1496
f 1596/1908/1508 1591/1903/1503 1590/1902/1502
f 1596/1908/1508 1597/1909/1509 1591/1903/1503
f 1598/1910/1510 1587/1899/1499 1592/1904/1504
f 1598/1910/1510 1593/1905/1505 1587/1899/1499
f 1599/1911/1511 1588/1900/1500 1593/1905/1505
f 1599/1911/1511 1594/1906/1506 1588/1900/1500
f 1600/1912/1512 1589/1901/1501 1594/1906/1506
f 1600/1912/1512 1595/1907/1507 1589/1901/1501
f 1601/1913/1513 1590/1902/1502 1595/1907/1507
f 1601/1913/1513 1596/1908/1508 1590/1902/1502
f 1602/1914/1514 1597/1909/1509 1596/1908/1508
f 1602/1914/1514 1603/1915/1515 1597/1909/1509
f 1604/1916/1516 1593/1905/1505 1598/1910/1510
f 1604/1916/1516 1599/1911/1511 1593/1905/1505
f 1605/1917/1517 1594/1906/1506 1599/1911/1511
f 1605/1917/1517 1600/1912/1512 1594/1906/1506
f 1606/1918/1518 1595/1907/1507 1600/1912/1512
f 1606/1918/1518 1601/1913/1513 1595/1907/1507
f 1607/1919/1519 1596/1908/1508 1601/1913/1513
f 1607/1919/1519 1602/1914/1514 1596/1908/1508
f 1608/1920/1520 1603/1915/1515 1602/1914/1514
f 1608/1920/1520 1609/1921/1521 1603/1915/1515
f 1610/1922/1522 1599/1911/1511 1604/1916/1516
f 1610/1922/1522 1605/1917/1517 1599/1911/1511
f 1611/1923/1523 1600/1912/1512 1605/1917/1517
f 1611/1923/1523 1606/1918/1518 1600/1912/1512
f 1612/1924/1524 1601/1913/1513 1606/1918/1518
f 1612/1924/1524 1607/1919/1519 1601/1913/1513
f 1613/1925/1525 1602/1914/1514 1607/1919/1519
f 1613/1925/1525 1608/1920/1520 1602/1914/1514
f 1614/1926/1526 1609/1921/1521 1608/1920/1520
f 1614/1926/1526 1615/1927/1527 1609/1921/1521
f 1615/1927/1527 1614/1926/1526 1616/1928/311
f 1617/1929/1528 1614/1926/1526 1608/1920/1520
f 1614/1926/1526 1617/1929/1528 1616/1928/311
f 1617/1929/1528 1608/1920/1520 1613/1925/1525
f 1617/1929/1528 1618/1930/1529 1616/1928/311
f 1618/1930/1529 1617/1929/1528 1613/1925/1525
f 1618/1930/1529 1619/1931/1530 1616/1928/311
f 1619/1931/1530 1620/1932/1531 1616/1928/311
f 1621/1933/1532 1613/1925/1525 1607/1919/1519
f 1618/1930/1529 1613/1925/1525 1621/1933/1532
f 1619/1931/1530 1618/1930/1529 1621/1933/1532
f 1621/1933/1532 1607/1919/1519 1612/1924/1524
f 1619/1931/1530 1621/1933/1532 1622/1934/1533
f 1622/1934/1533 1621/1933/1532 1612/1924/1524
f 1620/1932/1531 1619/1931/1530 1622/1934/1533
f 1622/1934/1533 1612/1924/1524 1623/1935/1534
f 1623/1935/1534 1612/1924/1524 1606/1918/1518
f 1623/1935/1534 1606/1918/1518 1611/1923/1523
f 1620/1932/1531 1622/1934/1533 1624/1936/1535
f 1624/1936/1535 1622/1934/1533 1623/1935/1534
f 1625/1937/1536 1623/1935/1534 1611/1923/1523
f 1624/1936/1535 1623/1935/1534 1625/1937/1536
f 1626/1938/1537 1620/1932/1531 1624/1936/1535
f 1620/1932/1531 1626/1938/1537 1616/1928/311
f 1626/1938/1537 1624/1936/1535 1627/1939/1538
f 1627/1939/1538 1624/1936/1535 1625/1937/1536
f 1625/1937/1536 1611/1923/1523 1628/1940/1539
f 1628/1940/1539 1611/1923/1523 1605/1917/1517
f 1628/1940/1539 1605/1917/1517 1610/1922/1522
f 1629/1941/1540 1625/1937/1536 1628/1940/1539
f 1627/1939/1538 1625/1937/1536 1629/1941/1540
f 1630/1942/1541 1626/1938/1537 1627/1939/1538
f 1626/1938/1537 1630/1942/1541 1616/1928/311
f 1631/1943/1542 1628/1940/1539 1610/1922/1522
f 1629/1941/1540 1628/1940/1539 1631/1943/1542
f 1630/1942/1541 1627/1939/1538 1632/1944/1543
f 1632/1944/1543 1627/1939/1538 1629/1941/1540
f 1630/1942/1541 1633/1945/1544 1616/1928/311
f 1633/1945/1544 1630/1942/1541 1632/1944/1543
f 1632/1944/1543 1629/1941/1540 1634/1946/1545
f 1634/1946/1545 1629/1941/1540 1631/1943/1542
f 1631/1943/1542 1610/1922/1522 1635/1947/1546
f 1635/1947/1546 1610/1922/1522 1604/1916/1516
f 1633/1945/1544 1632/1944/1543 1636/1948/1547
f 1636/1948/1547 1632/1944/1543 1634/1946/1545
f 1634/1946/1545 1631/1943/1542 1637/1949/1548
f 1637/1949/1548 1631/1943/1542 1635/1947/1546
f 1635/1947/1546 1604/1916/1516 1638/1950/1549
f 1638/1950/1549 1604/1916/1516 1598/1910/1510
f 1633/1945/1544 1639/1951/1550 1616/1928/311
f 1639/1951/1550 1633/1945/1544 1636/1948/1547
f 1636/1948/1547 1634/1946/1545 1640/1952/1551
f 1640/1952/1551 1634/1946/1545 1637/1949/1548
f 1637/1949/1548 1635/1947/1546 1641/1953/1552
f 1641/1953/1552 1635/1947/1546 1638/1950/1549
f 1638/1950/1549 1598/1910/1510 1642/1954/1553
f 1642/1954/1553 1598/1910/1510 1592/1904/1504
f 1639/1951/1550 1636/1948/1547 1643/1955/1554
f 1643/1955/1554 1636/1948/1547 1640/1952/1551
f 1639/1951/1550 1644/1956/1555 1616/1928/311
f 1644/1956/1555 1639/1951/1550 1643/1955/1554
f 1640/1952/1551 1637/1949/1548 1645/1957/1556
f 1645/1957/1556 1637/1949/1548 1641/1953/1552
f 1641/1953/1552 1638/1950/1549 1646/1958/1557
f 1646/1958/1557 1638/1950/1549 1642/1954/1553
f 1642/1954/1553 1592/1904/1504 1647/1959/1558
f 1647/1959/1558 1592/1904/1504 1586/1898/1498
f 1644/1956/1555 1648/1960/1559 1616/1928/311
f 1648/1960/1559 1649/1961/1560 1616/1928/311
f 1649/1961/1560 1650/1962/1561 1616/1928/311
f 1648/1960/1559 1644/1956/1555 1651/1963/1562
f 1644/1956/1555 1643/1955/1554 1651/1963/1562
f 1649/1961/1560 1648/1960/1559 1652/1964/1563
f 1648/1960/1559 1651/1963/1562 1652/1964/1563
f 1651/1963/1562 1643/1955/1554 1653/1965/1564
f 1643/1955/1554 1640/1952/1551 1653/1965/1564
f 1653/1965/1564 1640/1952/1551 1645/1957/1556
f 1651/1963/1562 1653/1965/1564 1654/1966/1565
f 1652/1964/1563 1651/1963/1562 1654/1966/1565
f 1649/1961/1560 1652/1964/1563 1655/1967/1566
f 1650/1962/1561 1649/1961/1560 1655/1967/1566
f 1653/1965/1564 1645/1957/1556 1656/1968/1567
f 1654/1966/1565 1653/1965/1564 1656/1968/1567
f 1652/1964/1563 1654/1966/1565 1657/1969/1568
f 1655/1967/1566 1652/1964/1563 1657/1969/1568
f 1656/1968/1567 1645/1957/1556 1658/1970/1569
f 1645/1957/1556 1641/1953/1552 1658/1970/1569
f 1658/1970/1569 1641/1953/1552 1646/1958/1557
f 1654/1966/1565 1656/1968/1567 1659/1971/1570
f 1657/1969/1568 1654/1966/1565 1659/1971/1570
f 1656/1968/1567 1658/1970/1569 1660/1972/1571
f 1659/1971/1570 1656/1968/1567 1660/1972/1571
f 1658/1970/1569 1646/1958/1557 1661/1973/1572
f 1660/1972/1571 1658/1970/1569 1661/1973/1572
f 1661/1973/1572 1646/1958/1557 1662/1974/1573
f 1646/1958/1557 1642/1954/1553 1662/1974/1573
f 1662/1974/1573 1642/1954/1553 1647/1959/1558
f 1655/1967/1566 1657/1969/1568 1663/1975/1574
f 1657/1969/1568 1659/1971/1570 1664/1976/1575
f 1663/1975/1574 1657/1969/1568 1664/1976/1575
f 1659/1971/1570 1660/1972/1571 1665/1977/1576
f 1664/1976/1575 1659/1971/1570 1665/1977/1576
f 1660/1972/1571 1661/1973/1572 1666/1978/1577
f 1665/1977/1576 1660/1972/1571 1666/1978/1577
f 1661/1973/1572 1662/1974/1573 1667/1979/1578
f 1666/1978/1577 1661/1973/1572 1667/1979/1578
f 1662/1974/1573 1647/1959/1558 1668/1980/1579
f 1667/1979/1578 1662/1974/1573 1668/1980/1579
f 1669/1981/1580 1655/1967/1566 1663/1975/1574
f 1650/1962/1561 1655/1967/1566 1669/1981/1580
f 1668/1980/1579 1647/1959/1558 1670/1982/1581
f 1647/1959/1558 1586/1898/1498 1670/1982/1581
f 1670/1982/1581 1586/1898/1498 1580/1892/1492
f 1670/1982/1581 1580/1892/1492 1671/1983/1582
f 1671/1983/1582 1580/1892/1492 1574/1886/1486
f 1668/1980/1579 1670/1982/1581 1672/1984/1583
f 1672/1984/1583 1670/1982/1581 1671/1983/1582
f 1667/1979/1578 1668/1980/1579 1673/1985/1584
f 1673/1985/1584 1668/1980/1579 1672/1984/1583
f 1671/1983/1582 1574/1886/1486 1674/1986/1585
f 1674/1986/1585 1574/1886/1486 1568/1880/1480
f 1672/1984/1583 1671/1983/1582 1675/1987/1586
f 1675/1987/1586 1671/1983/1582 1674/1986/1585
f 1674/1986/1585 1568/1880/1480 1676/1988/1587
f 1676/1988/1587 1568/1880/1480 1562/1874/1474
f 1677/1989/1588 1667/1979/1578 1673/1985/1584
f 1666/1978/1577 1667/1979/1578 1677/1989/1588
f 1673/1985/1584 1672/1984/1583 1678/1990/1589
f 1678/1990/1589 1672/1984/1583 1675/1987/1586
f 1675/1987/1586 1674/1986/1585 1679/1991/1590
f 1679/1991/1590 1674/1986/1585 1676/1988/1587
f 1676/1988/1587 1562/1874/1474 1680/1992/1591
f 1680/1992/1591 1562/1874/1474 1556/1868/1468
f 1681/1993/1592 1666/1978/1577 1677/1989/1588
f 1665/1977/1576 1666/1978/1577 1681/1993/1592
f 1677/1989/1588 1673/1985/1584 1682/1994/1593
f 1682/1994/1593 1673/1985/1584 1678/1990/1589
f 1678/1990/1589 1675/1987/1586 1683/1995/1594
f 1683/1995/1594 1675/1987/1586 1679/1991/1590
f 1679/1991/1590 1676/1988/1587 1684/1996/1595
f 1684/1996/1595 1676/1988/1587 1680/1992/1591
f 1680/1992/1591 1556/1868/1468 1685/1997/1596
f 1685/1997/1596 1556/1868/1468 1550/1862/1462
f 1686/1998/1597 1665/1977/1576 1681/1993/1592
f 1664/1976/1575 1665/1977/1576 1686/1998/1597
f 1682/1994/1593 1678/1990/1589 1687/1999/1598
f 1687/1999/1598 1678/1990/1589 1683/1995/1594
f 1683/1995/1594 1679/1991/1590 1688/2000/1599
f 1688/2000/1599 1679/1991/1590 1684/1996/1595
f 1684/1996/1595 1680/1992/1591 1689/2001/1600
f 1689/2001/1600 1680/1992/1591 1685/1997/1596
f 1685/1997/1596 1550/1862/1462 1690/2002/1601
f 1690/2002/1601 1550/1862/1462 1515/1819/1427
f 1690/2002/1601 1515/1819/1427 1514/1817/1426
f 1691/2003/1602 1685/1997/1596 1690/2002/1601
f 1689/2001/1600 1685/1997/1596 1691/2003/1602
f 1692/2004/1603 1690/2002/1601 1514/1817/1426
f 1691/2003/1602 1690/2002/1601 1692/2004/1603
f 1692/2004/1603 1693/2005/1604 1691/2003/1602
f 1692/2004/1603 1514/1817/1426 1516/1820/1428
f 1694/2006/1605 1684/1996/1595 1689/2001/1600
f 1688/2000/1599 1684/1996/1595 1694/2006/1605
f 1695/2007/1606 1689/2001/1600 1691/2003/1602
f 1695/2007/1606 1691/2003/1602 1693/2005/1604
f 1694/2006/1605 1689/2001/1600 1695/2007/1606
f 1516/1820/1428 1453/2008/1366 1692/2004/1603
f 1509/1809/1421 1453/2008/1366 1516/1820/1428
f 1452/2009/1365 1692/2004/1603 1453/2008/1366
f 1693/2005/1604 1692/2004/1603 1452/2009/1365
f 1453/2008/1366 1509/1809/1421 1449/2010/1362
f 1502/1802/1414 1449/2010/1362 1509/1809/1421
f 1502/1802/1414 1451/2011/1363 1449/2010/1362
f 1451/2011/1363 1693/2005/1604 1452/2009/1365
f 1451/2011/1363 1502/1802/1414 1696/2012/1607
f 1696/2012/1607 1693/2005/1604 1451/2011/1363
f 1507/1807/1419 1696/2012/1607 1502/1802/1414
f 1697/2013/1608 1694/2006/1605 1695/2007/1606
f 1698/2014/1609 1695/2007/1606 1693/2005/1604
f 1697/2013/1608 1695/2007/1606 1698/2014/1609
f 1693/2005/1604 1696/2012/1607 1699/2015/1610
f 1698/2014/1609 1693/2005/1604 1699/2015/1610
f 1700/2016/1611 1696/2012/1607 1507/1807/1419
f 1700/2016/1611 1699/2015/1610 1696/2012/1607
f 1701/2017/1612 1698/2014/1609 1699/2015/1610
f 1701/2017/1612 1699/2015/1610 1700/2016/1611
f 1702/2018/1613 1700/2016/1611 1507/1807/1419
f 1702/2018/1613 1507/1807/1419 1491/1791/1404
f 1703/2019/1614 1694/2006/1605 1697/2013/1608
f 1703/2019/1614 1688/2000/1599 1694/2006/1605
f 1704/2020/1615 1697/2013/1608 1698/2014/1609
f 1704/2020/1615 1698/2014/1609 1701/2017/1612
f 1705/2021/1616 1701/2017/1612 1700/2016/1611
f 1705/2021/1616 1700/2016/1611 1702/2018/1613
f 1706/2022/1617 1702/2018/1613 1491/1791/1404
f 1706/2022/1617 1491/1791/1404 1489/1789/1402
f 1707/2023/1618 1688/2000/1599 1703/2019/1614
f 1707/2023/1618 1683/1995/1594 1688/2000/1599
f 1687/1999/1598 1683/1995/1594 1707/2023/1618
f 1708/2024/1619 1703/2019/1614 1697/2013/1608
f 1708/2024/1619 1697/2013/1608 1704/2020/1615
f 1709/2025/1620 1704/2020/1615 1701/2017/1612
f 1709/2025/1620 1701/2017/1612 1705/2021/1616
f 1710/2026/1621 1705/2021/1616 1702/2018/1613
f 1710/2026/1621 1702/2018/1613 1706/2022/1617
f 1711/2027/1622 1706/2022/1617 1489/1789/1402
f 1711/2027/1622 1489/1789/1402 1490/1790/1403
f 1712/2028/1623 1707/2023/1618 1703/2019/1614
f 1712/2028/1623 1703/2019/1614 1708/2024/1619
f 1713/2029/1624 1708/2024/1619 1704/2020/1615
f 1713/2029/1624 1704/2020/1615 1709/2025/1620
f 1714/2030/1625 1709/2025/1620 1705/2021/1616
f 1714/2030/1625 1705/2021/1616 1710/2026/1621
f 1715/2031/1626 1710/2026/1621 1706/2022/1617
f 1715/2031/1626 1706/2022/1617 1711/2027/1622
f 1716/2032/1627 1707/2023/1618 1712/2028/1623
f 1716/2032/1627 1687/1999/1598 1707/2023/1618
f 1717/2033/1628 1712/2028/1623 1708/2024/1619
f 1717/2033/1628 1708/2024/1619 1713/2029/1624
f 1718/2034/1629 1713/2029/1624 1709/2025/1620
f 1718/2034/1629 1709/2025/1620 1714/2030/1625
f 1719/2035/1630 1714/2030/1625 1710/2026/1621
f 1719/2035/1630 1710/2026/1621 1715/2031/1626
f 1720/2036/1631 1687/1999/1598 1716/2032/1627
f 1720/2036/1631 1682/1994/1593 1687/1999/1598
f 1721/2037/1632 1716/2032/1627 1712/2028/1623
f 1721/2037/1632 1712/2028/1623 1717/2033/1628
f 1722/2038/1633 1717/2033/1628 1713/2029/1624
f 1722/2038/1633 1713/2029/1624 1718/2034/1629
f 1723/2039/1634 1718/2034/1629 1714/2030/1625
f 1723/2039/1634 1714/2030/1625 1719/2035/1630
f 1724/2040/1635 1682/1994/1593 1720/2036/1631
f 1724/2040/1635 1677/1989/1588 1682/1994/1593
f 1681/1993/1592 1677/1989/1588 1724/2040/1635
f 1725/2041/1636 1720/2036/1631 1716/2032/1627
f 1725/2041/1636 1716/2032/1627 1721/2037/1632
f 1726/2042/1637 1721/2037/1632 1717/2033/1628
f 1726/2042/1637 1717/2033/1628 1722/2038/1633
f 1727/2043/1638 1722/2038/1633 1718/2034/1629
f 1727/2043/1638 1718/2034/1629 1723/2039/1634
f 1728/2044/1639 1681/1993/1592 1724/2040/1635
f 1686/1998/1597 1681/1993/1592 1728/2044/1639
f 1729/2045/1640 1724/2040/1635 1720/2036/1631
f 1729/2045/1640 1720/2036/1631 1725/2041/1636
f 1728/2044/1639 1724/2040/1635 1729/2045/1640
f 1730/2046/1641 1725/2041/1636 1721/2037/1632
f 1730/2046/1641 1721/2037/1632 1726/2042/1637
f 1731/2047/1642 1726/2042/1637 1722/2038/1633
f 1731/2047/1642 1722/2038/1633 1727/2043/1638
f 1732/2048/1643 1729/2045/1640 1725/2041/1636
f 1732/2048/1643 1725/2041/1636 1730/2046/1641
f 1733/2049/1644 1728/2044/1639 1729/2045/1640
f 1733/2049/1644 1729/2045/1640 1732/2048/1643
f 1734/2050/1645 1686/1998/1597 1728/2044/1639
f 1734/2050/1645 1728/2044/1639 1733/2049/1644
f 1735/2051/1646 1730/2046/1641 1726/2042/1637
f 1735/2051/1646 1726/2042/1637 1731/2047/1642
f 1736/2052/1647 1732/2048/1643 1730/2046/1641
f 1736/2052/1647 1730/2046/1641 1735/2051/1646
f 1737/2053/1648 1733/2049/1644 1732/2048/1643
f 1737/2053/1648 1732/2048/1643 1736/2052/1647
f 1738/2054/1649 1686/1998/1597 1734/2050/1645
f 1738/2054/1649 1664/1976/1575 1686/1998/1597
f 1663/1975/1574 1664/1976/1575 1738/2054/1649
f 1739/2055/1650 1734/2050/1645 1733/2049/1644
f 1739/2055/1650 1733/2049/1644 1737/2053/1648
f 1740/2056/1651 1663/1975/1574 1738/2054/1649
f 1669/1981/1580 1663/1975/1574 1740/2056/1651
f 1741/2057/1652 1738/2054/1649 1734/2050/1645
f 1741/2057/1652 1734/2050/1645 1739/2055/1650
f 1740/2056/1651 1738/2054/1649 1741/2057/1652
f 1742/2058/1653 1736/2052/1647 1735/2051/1646
f 1743/2059/1654 1737/2053/1648 1736/2052/1647
f 1743/2059/1654 1736/2052/1647 1742/2058/1653
f 1744/2060/1655 1739/2055/1650 1737/2053/1648
f 1744/2060/1655 1737/2053/1648 1743/2059/1654
f 1745/2061/1656 1741/2057/1652 1739/2055/1650
f 1745/2061/1656 1739/2055/1650 1744/2060/1655
f 1746/2062/1657 1740/2056/1651 1741/2057/1652
f 1746/2062/1657 1741/2057/1652 1745/2061/1656
f 1747/2063/1658 1669/1981/1580 1740/2056/1651
f 1747/2063/1658 1740/2056/1651 1746/2062/1657
f 1742/2058/1653 1735/2051/1646 1748/2064/1659
f 1748/2064/1659 1735/2051/1646 1731/2047/1642
f 1749/2065/1660 1669/1981/1580 1747/2063/1658
f 1749/2065/1660 1650/1962/1561 1669/1981/1580
f 1650/1962/1561 1749/2065/1660 1616/1928/311
f 1750/2066/1661 1749/2065/1660 1747/2063/1658
f 1749/2065/1660 1750/2066/1661 1616/1928/311
f 1751/2067/1662 1747/2063/1658 1746/2062/1657
f 1750/2066/1661 1747/2063/1658 1751/2067/1662
f 1752/2068/1663 1746/2062/1657 1745/2061/1656
f 1751/2067/1662 1746/2062/1657 1752/2068/1663
f 1753/2069/1664 1750/2066/1661 1751/2067/1662
f 1750/2066/1661 1753/2069/1664 1616/1928/311
f 1753/2069/1664 1751/2067/1662 1754/2070/1665
f 1754/2070/1665 1751/2067/1662 1752/2068/1663
f 1752/2068/1663 1745/2061/1656 1755/2071/1666
f 1755/2071/1666 1745/2061/1656 1744/2060/1655
f 1753/2069/1664 1756/2072/1667 1616/1928/311
f 1756/2072/1667 1753/2069/1664 1754/2070/1665
f 1754/2070/1665 1752/2068/1663 1757/2073/1668
f 1757/2073/1668 1752/2068/1663 1755/2071/1666
f 1755/2071/1666 1744/2060/1655 1758/2074/1669
f 1758/2074/1669 1744/2060/1655 1743/2059/1654
f 1756/2072/1667 1754/2070/1665 1759/2075/1670
f 1759/2075/1670 1754/2070/1665 1757/2073/1668
f 1756/2072/1667 1760/2076/1671 1616/1928/311
f 1760/2076/1671 1756/2072/1667 1759/2075/1670
f 1757/2073/1668 1755/2071/1666 1761/2077/1672
f 1761/2077/1672 1755/2071/1666 1758/2074/1669
f 1758/2074/1669 1743/2059/1654 1762/2078/1673
f 1762/2078/1673 1743/2059/1654 1742/2058/1653
f 1760/2076/1671 1763/2079/1674 1616/1928/311
f 1763/2079/1674 1615/2080/1527 1616/1928/311
f 1760/2076/1671 1759/2075/1670 1764/2081/1675
f 1763/2079/1674 1760/2076/1671 1764/2081/1675
f 1759/2075/1670 1757/2073/1668 1765/2082/1676
f 1765/2082/1676 1757/2073/1668 1761/2077/1672
f 1764/2081/1675 1759/2075/1670 1765/2082/1676
f 1615/2080/1527 1763/2079/1674 1766/2083/1677
f 1763/2079/1674 1764/2081/1675 1766/2083/1677
f 1615/2080/1527 1766/2083/1677 1609/2084/1521
f 1761/2077/1672 1758/2074/1669 1767/2085/1678
f 1767/2085/1678 1758/2074/1669 1762/2078/1673
f 1762/2078/1673 1742/2058/1653 1768/2086/1679
f 1768/2086/1679 1742/2058/1653 1748/2064/1659
f 1764/2081/1675 1765/2082/1676 1769/2087/1680
f 1766/2083/1677 1764/2081/1675 1769/2087/1680
f 1609/2084/1521 1766/2083/1677 1770/2088/1681
f 1766/2083/1677 1769/2087/1680 1770/2088/1681
f 1609/2084/1521 1770/2088/1681 1603/2089/1515
f 1765/2082/1676 1761/2077/1672 1771/2090/1682
f 1769/2087/1680 1765/2082/1676 1771/2090/1682
f 1771/2090/1682 1761/2077/1672 1767/2085/1678
f 1767/2085/1678 1762/2078/1673 1772/2091/1683
f 1772/2091/1683 1762/2078/1673 1768/2086/1679
f 1603/2089/1515 1770/2088/1681 1773/2092/1684
f 1603/2089/1515 1773/2092/1684 1597/2093/1509
f 1770/2088/1681 1769/2087/1680 1774/2094/1685
f 1769/2087/1680 1771/2090/1682 1774/2094/1685
f 1770/2088/1681 1774/2094/1685 1773/2092/1684
f 1771/2090/1682 1767/2085/1678 1775/2095/1686
f 1774/2094/1685 1771/2090/1682 1775/2095/1686
f 1775/2095/1686 1767/2085/1678 1772/2091/1683
f 1597/2093/1509 1773/2092/1684 1776/2096/1687
f 1597/2093/1509 1776/2096/1687 1591/2097/1503
f 1773/2092/1684 1774/2094/1685 1777/2098/1688
f 1774/2094/1685 1775/2095/1686 1777/2098/1688
f 1773/2092/1684 1777/2098/1688 1776/2096/1687
f 1775/2095/1686 1772/2091/1683 1778/2099/1689
f 1777/2098/1688 1775/2095/1686 1778/2099/1689
f 1772/2091/1683 1768/2086/1679 1779/2100/1690
f 1778/2099/1689 1772/2091/1683 1779/2100/1690
f 1591/2097/1503 1776/2096/1687 1780/2101/1691
f 1591/2097/1503 1780/2101/1691 1585/2102/1497
f 1776/2096/1687 1777/2098/1688 1781/2103/1692
f 1777/2098/1688 1778/2099/1689 1781/2103/1692
f 1776/2096/1687 1781/2103/1692 1780/2101/1691
f 1585/2102/1497 1780/2101/1691 1782/2104/1693
f 1585/2102/1497 1782/2104/1693 1579/2105/1491
f 1781/2103/1692 1778/2099/1689 1783/2106/1694
f 1778/2099/1689 1779/2100/1690 1783/2106/1694
f 1780/2101/1691 1781/2103/1692 1784/2107/1695
f 1780/2101/1691 1784/2107/1695 1782/2104/1693
f 1781/2103/1692 1783/2106/1694 1784/2107/1695
f 1779/2100/1690 1768/2086/1679 1785/2108/1696
f 1768/2086/1679 1748/2064/1659 1785/2108/1696
f 1579/2105/1491 1782/2104/1693 1786/2109/1697
f 1579/2105/1491 1786/2109/1697 1573/2110/1485
f 1782/2104/1693 1784/2107/1695 1787/2111/1698
f 1782/2104/1693 1787/2111/1698 1786/2109/1697
f 1784/2107/1695 1783/2106/1694 1788/2112/1699
f 1784/2107/1695 1788/2112/1699 1787/2111/1698
f 1783/2106/1694 1779/2100/1690 1789/2113/1700
f 1779/2100/1690 1785/2108/1696 1789/2113/1700
f 1783/2106/1694 1789/2113/1700 1788/2112/1699
f 1785/2108/1696 1748/2064/1659 1790/2114/1701
f 1748/2064/1659 1731/2047/1642 1790/2114/1701
f 1790/2114/1701 1731/2047/1642 1727/2043/1638
f 1573/2110/1485 1786/2109/1697 1791/2115/1702
f 1573/2110/1485 1791/2115/1702 1567/2116/1479
f 1786/2109/1697 1787/2111/1698 1792/2117/1703
f 1786/2109/1697 1792/2117/1703 1791/2115/1702
f 1787/2111/1698 1788/2112/1699 1793/2118/1704
f 1787/2111/1698 1793/2118/1704 1792/2117/1703
f 1788/2112/1699 1789/2113/1700 1794/2119/1705
f 1788/2112/1699 1794/2119/1705 1793/2118/1704
f 1789/2113/1700 1785/2108/1696 1795/2120/1706
f 1785/2108/1696 1790/2114/1701 1795/2120/1706
f 1789/2113/1700 1795/2120/1706 1794/2119/1705
f 1790/2114/1701 1727/2043/1638 1796/2121/1707
f 1795/2120/1706 1790/2114/1701 1796/2121/1707
f 1796/2121/1707 1727/2043/1638 1723/2039/1634
f 1567/2116/1479 1791/2115/1702 1797/2122/1708
f 1567/2116/1479 1797/2122/1708 1561/2123/1473
f 1791/2115/1702 1792/2117/1703 1798/2124/1709
f 1791/2115/1702 1798/2124/1709 1797/2122/1708
f 1792/2117/1703 1793/2118/1704 1799/2125/1710
f 1792/2117/1703 1799/2125/1710 1798/2124/1709
f 1793/2118/1704 1794/2119/1705 1800/2126/1711
f 1793/2118/1704 1800/2126/1711 1799/2125/1710
f 1794/2119/1705 1795/2120/1706 1801/2127/1712
f 1795/2120/1706 1796/2121/1707 1801/2127/1712
f 1794/2119/1705 1801/2127/1712 1800/2126/1711
f 1796/2121/1707 1723/2039/1634 1802/2128/1713
f 1801/2127/1712 1796/2121/1707 1802/2128/1713
f 1802/2128/1713 1723/2039/1634 1719/2035/1630
f 1561/2123/1473 1797/2122/1708 1803/2129/1714
f 1561/2123/1473 1803/2129/1714 1555/2130/1467
f 1797/2122/1708 1798/2124/1709 1804/2131/1715
f 1797/2122/1708 1804/2131/1715 1803/2129/1714
f 1798/2124/1709 1799/2125/1710 1805/2132/1716
f 1798/2124/1709 1805/2132/1716 1804/2131/1715
f 1799/2125/1710 1800/2126/1711 1806/2133/1717
f 1799/2125/1710 1806/2133/1717 1805/2132/1716
f 1800/2126/1711 1801/2127/1712 1807/2134/1718
f 1801/2127/1712 1802/2128/1713 1807/2134/1718
f 1800/2126/1711 1807/2134/1718 1806/2133/1717
f 1802/2128/1713 1719/2035/1630 1808/2135/1719
f 1807/2134/1718 1802/2128/1713 1808/2135/1719
f 1808/2135/1719 1719/2035/1630 1715/2031/1626
f 1555/2130/1467 1803/2129/1714 1809/2136/1720
f 1555/2130/1467 1809/2136/1720 1549/2137/1461
f 1803/2129/1714 1804/2131/1715 1810/2138/1721
f 1803/2129/1714 1810/2138/1721 1809/2136/1720
f 1804/2131/1715 1805/2132/1716 1811/2139/1722
f 1804/2131/1715 1811/2139/1722 1810/2138/1721
f 1805/2132/1716 1806/2133/1717 1812/2140/1723
f 1805/2132/1716 1812/2140/1723 1811/2139/1722
f 1806/2133/1717 1807/2134/1718 1813/2141/1724
f 1807/2134/1718 1808/2135/1719 1813/2141/1724
f 1806/2133/1717 1813/2141/1724 1812/2140/1723
f 1808/2135/1719 1715/2031/1626 1814/2142/1725
f 1813/2141/1724 1808/2135/1719 1814/2142/1725
f 1814/2142/1725 1715/2031/1626 1711/2027/1622
f 1549/2137/1461 1809/2136/1720 1815/2143/1726
f 1549/2137/1461 1815/2143/1726 1545/2144/1457
f 1809/2136/1720 1810/2138/1721 1816/2145/1727
f 1809/2136/1720 1816/2145/1727 1815/2143/1726
f 1810/2138/1721 1811/2139/1722 1817/2146/1728
f 1810/2138/1721 1817/2146/1728 1816/2145/1727
f 1811/2139/1722 1812/2140/1723 1818/2147/1729
f 1811/2139/1722 1818/2147/1729 1817/2146/1728
f 1812/2140/1723 1813/2141/1724 1819/2148/1730
f 1813/2141/1724 1814/2142/1725 1819/2148/1730
f 1812/2140/1723 1819/2148/1730 1818/2147/1729
f 1814/2142/1725 1711/2027/1622 1820/2149/1731
f 1819/2148/1730 1814/2142/1725 1820/2149/1731
f 1490/1790/1403 1820/2149/1731 1711/2027/1622
f 1545/2144/1457 1815/2143/1726 1821/2150/1732
f 1545/2144/1457 1821/2150/1732 1541/2151/1453
f 1815/2143/1726 1816/2145/1727 1822/2152/1733
f 1815/2143/1726 1822/2152/1733 1821/2150/1732
f 1816/2145/1727 1817/2146/1728 1823/2153/1734
f 1816/2145/1727 1823/2153/1734 1822/2152/1733
f 1817/2146/1728 1818/2147/1729 1824/2154/1735
f 1817/2146/1728 1824/2154/1735 1823/2153/1734
f 1818/2147/1729 1819/2148/1730 1825/2155/1736
f 1819/2148/1730 1820/2149/1731 1825/2155/1736
f 1818/2147/1729 1825/2155/1736 1824/2154/1735
f 1820/2149/1731 1490/1790/1403 1442/2156/1355
f 1483/1782/1396 1442/2156/1355 1490/1790/1403
f 1820/2149/1731 1442/2156/1355 1441/2157/1353
f 1441/2157/1353 1825/2155/1736 1820/2149/1731
f 1442/2156/1355 1483/1782/1396 1443/2158/1356
f 1825/2155/1736 1441/2157/1353 1826/2159/1737
f 1824/2154/1735 1825/2155/1736 1826/2159/1737
f 1826/2159/1737 1441/2157/1353 1439/2160/1352
f 1443/2158/1356 1483/1782/1396 1827/2161/1738
f 1827/2161/1738 1439/2160/1352 1443/2158/1356
f 1827/2161/1738 1483/1782/1396 1482/1781/1395
f 1823/2153/1734 1824/2154/1735 1828/2162/1739
f 1824/2154/1735 1826/2159/1737 1828/2162/1739
f 1439/2160/1352 1829/2163/1740 1826/2159/1737
f 1439/2160/1352 1827/2161/1738 1829/2163/1740
f 1828/2162/1739 1826/2159/1737 1829/2163/1740
f 1828/2162/1739 1829/2163/1740 1830/2164/1741
f 1827/2161/1738 1482/1781/1395 1831/2165/1742
f 1829/2163/1740 1827/2161/1738 1831/2165/1742
f 1831/2165/1742 1482/1781/1395 1500/1800/1412
f 1823/2153/1734 1828/2162/1739 1832/2166/1743
f 1832/2166/1743 1828/2162/1739 1830/2164/1741
f 1822/2152/1733 1823/2153/1734 1832/2166/1743
f 1829/2163/1740 1831/2165/1742 1833/2167/1744
f 1833/2167/1744 1830/2164/1741 1829/2163/1740
f 1831/2165/1742 1500/1800/1412 1834/2168/1745
f 1833/2167/1744 1831/2165/1742 1834/2168/1745
f 1834/2168/1745 1500/1800/1412 1499/1799/1411
f 1834/2168/1745 1499/1799/1411 1835/2169/1746
f 1835/2169/1746 1499/1799/1411 1496/1796/351
f 1833/2167/1744 1834/2168/1745 1836/2170/1747
f 1836/2170/1747 1834/2168/1745 1835/2169/1746
f 1830/2164/1741 1833/2167/1744 1472/2171/1385
f 1836/2170/1747 1472/2171/1385 1833/2167/1744
f 1836/2170/1747 1835/2169/1746 1837/2172/1748
f 1837/2172/1748 1835/2169/1746 1496/1796/351
f 1830/2164/1741 1472/2171/1385 1471/2173/1383
f 1469/2174/1382 1830/2164/1741 1471/2173/1383
f 1472/2171/1385 1836/2170/1747 1838/2175/1749
f 1838/2175/1749 1836/2170/1747 1837/2172/1748
f 1472/2171/1385 1838/2175/1749 1473/2176/1386
f 1839/2177/1750 1473/2176/1386 1838/2175/1749
f 1473/2176/1386 1839/2177/1750 1469/2174/1382
f 1838/2175/1749 1837/2172/1748 1840/2178/1751
f 1840/2178/1751 1837/2172/1748 1496/1796/351
f 1839/2177/1750 1838/2175/1749 1840/2178/1751
f 1830/2164/1741 1469/2174/1382 1841/2179/1752
f 1832/2166/1743 1830/2164/1741 1841/2179/1752
f 1842/2180/1753 1840/2178/1751 1496/1796/351
f 1839/2177/1750 1840/2178/1751 1842/2180/1753
f 1469/2174/1382 1839/2177/1750 1843/2181/1754
f 1841/2179/1752 1469/2174/1382 1843/2181/1754
f 1844/2182/1755 1832/2166/1743 1841/2179/1752
f 1822/2152/1733 1832/2166/1743 1844/2182/1755
f 1845/2183/1756 1841/2179/1752 1843/2181/1754
f 1844/2182/1755 1841/2179/1752 1845/2183/1756
f 1846/2184/1757 1843/2181/1754 1839/2177/1750
f 1845/2183/1756 1843/2181/1754 1846/2184/1757
f 1847/2185/1758 1839/2177/1750 1842/2180/1753
f 1846/2184/1757 1839/2177/1750 1847/2185/1758
f 1848/2186/1759 1842/2180/1753 1496/1796/351
f 1847/2185/1758 1842/2180/1753 1848/2186/1759
f 1458/2187/1371 1822/2152/1733 1844/2182/1755
f 1822/2152/1733 1458/2187/1371 1821/2150/1732
f 1849/2188/1760 1844/2182/1755 1845/2183/1756
f 1849/2188/1760 1845/2183/1756 1846/2184/1757
f 1844/2182/1755 1849/2188/1760 1458/2187/1371
f 1821/2150/1732 1458/2187/1371 1457/2189/1370
f 1457/2189/1370 1541/2151/1453 1821/2150/1732
f 1541/2151/1453 1457/2189/1370 1456/2190/1368
f 1541/2151/1453 1456/2190/1368 1538/2191/1450
f 1456/2190/1368 1532/2192/1444 1538/2191/1450
f 1458/2187/1371 1849/2188/1760 1454/2193/1367
f 1454/2193/1367 1532/2192/1444 1456/2190/1368
f 1532/2192/1444 1454/2193/1367 1849/2188/1760
f 1849/2188/1760 1846/2184/1757 1850/2194/1761
f 1532/2192/1444 1849/2188/1760 1850/2194/1761
f 1850/2194/1761 1846/2184/1757 1847/2185/1758
f 1532/2192/1444 1850/2194/1761 1529/2195/1441
f 1850/2194/1761 1847/2185/1758 1851/2196/1762
f 1529/2195/1441 1850/2194/1761 1851/2196/1762
f 1851/2196/1762 1847/2185/1758 1848/2186/1759
f 1529/2195/1441 1851/2196/1762 1528/2197/1440
f 1851/2196/1762 1848/2186/1759 1852/2198/1763
f 1528/2197/1440 1851/2196/1762 1852/2198/1763
f 1852/2198/1763 1848/2186/1759 1496/1796/351
f 1528/2197/1440 1852/2198/1763 1524/2199/1436
f 1524/2199/1436 1852/2198/1763 1496/1796/351
f 1853/2200/1764 1855/2201/1765 1854/2202/1766
f 1853/2200/1764 1854/2202/1766 1856/2203/1767
f 1857/2204/1768 1853/2200/1764 1856/2203/1767
f 1856/2203/1767 1854/2202/1766 1858/2205/1769
f 1857/2204/1768 1856/2203/1767 1859/2206/1770
f 1860/2207/1771 1857/2204/1768 1859/2206/1770
f 1856/2203/1767 1858/2205/1769 1861/2208/1772
f 1859/2206/1770 1856/2203/1767 1861/2208/1772
f 1861/2208/1772 1858/2205/1769 1862/2209/1773
f 1860/2207/1771 1859/2206/1770 1863/2210/1774
f 1864/2211/1775 1860/2207/1771 1863/2210/1774
f 1859/2206/1770 1861/2208/1772 1865/2212/1776
f 1863/2210/1774 1859/2206/1770 1865/2212/1776
f 1861/2208/1772 1862/2209/1773 1866/2213/1777
f 1865/2212/1776 1861/2208/1772 1866/2213/1777
f 1866/2213/1777 1862/2209/1773 1867/2214/1778
f 1864/2211/1775 1863/2210/1774 1868/2215/1779
f 1869/2216/1780 1864/2211/1775 1868/2215/1779
f 1863/2210/1774 1865/2212/1776 1870/2217/1781
f 1868/2215/1779 1863/2210/1774 1870/2217/1781
f 1865/2212/1776 1866/2213/1777 1871/2218/1782
f 1870/2217/1781 1865/2212/1776 1871/2218/1782
f 1866/2213/1777 1867/2214/1778 1872/2219/1783
f 1871/2218/1782 1866/2213/1777 1872/2219/1783
f 1872/2219/1783 1867/2214/1778 1873/2220/1784
f 1869/2216/1780 1868/2215/1779 1874/2221/1785
f 1875/2222/1786 1869/2216/1780 1874/2221/1785
f 1868/2215/1779 1870/2217/1781 1876/2223/1787
f 1874/2221/1785 1868/2215/1779 1876/2223/1787
f 1870/2217/1781 1871/2218/1782 1877/2224/1788
f 1876/2223/1787 1870/2217/1781 1877/2224/1788
f 1871/2218/1782 1872/2219/1783 1878/2225/1789
f 1877/2224/1788 1871/2218/1782 1878/2225/1789
f 1872/2219/1783 1873/2220/1784 1879/2226/1790
f 1878/2225/1789 1872/2219/1783 1879/2226/1790
f 1879/2226/1790 1873/2220/1784 1880/2227/1791
f 1875/2222/1786 1874/2221/1785 1881/2228/1792
f 1882/2229/1793 1875/2222/1786 1881/2228/1792
f 1874/2221/1785 1876/2223/1787 1883/2230/1794
f 1881/2228/1792 1874/2221/1785 1883/2230/1794
f 1876/2223/1787 1877/2224/1788 1884/2231/1795
f 1883/2230/1794 1876/2223/1787 1884/2231/1795
f 1877/2224/1788 1878/2225/1789 1885/2232/1796
f 1884/2231/1795 1877/2224/1788 1885/2232/1796
f 1878/2225/1789 1879/2226/1790 1886/2233/1797
f 1885/2232/1796 1878/2225/1789 1886/2233/1797
f 1879/2226/1790 1880/2227/1791 1887/2234/1798
f 1886/2233/1797 1879/2226/1790 1887/2234/1798
f 1887/2234/1798 1880/2227/1791 1888/2235/1799
f 1882/2229/1793 1881/2228/1792 1889/2236/1800
f 1855/2237/1765 1882/2229/1793 1889/2236/1800
f 1855/2237/1765 1889/2236/1800 1854/2238/1766
f 1881/2228/1792 1883/2230/1794 1890/2239/1801
f 1889/2236/1800 1881/2228/1792 1890/2239/1801
f 1854/2238/1766 1889/2236/1800 1891/2240/1802
f 1889/2236/1800 1890/2239/1801 1891/2240/1802
f 1854/2238/1766 1891/2240/1802 1858/2241/1769
f 1887/2234/1798 1888/2235/1799 1892/2242/1803
f 1892/2242/1803 1888/2235/1799 1893/2243/1804
f 1886/2233/1797 1887/2234/1798 1894/2244/1805
f 1894/2244/1805 1887/2234/1798 1892/2242/1803
f 1890/2239/1801 1883/2230/1794 1895/2245/1806
f 1883/2230/1794 1884/2231/1795 1895/2245/1806
f 1858/2241/1769 1891/2240/1802 1896/2246/1807
f 1858/2241/1769 1896/2246/1807 1862/2247/1773
f 1891/2240/1802 1890/2239/1801 1897/2248/1808
f 1890/2239/1801 1895/2245/1806 1897/2248/1808
f 1891/2240/1802 1897/2248/1808 1896/2246/1807
f 1892/2242/1803 1893/2243/1804 1898/2249/1809
f 1898/2249/1809 1893/2243/1804 1899/2250/1810
f 1895/2245/1806 1884/2231/1795 1900/2251/1811
f 1884/2231/1795 1885/2232/1796 1900/2251/1811
f 1862/2247/1773 1896/2246/1807 1901/2252/1812
f 1862/2247/1773 1901/2252/1812 1867/2253/1778
f 1896/2246/1807 1897/2248/1808 1902/2254/1813
f 1896/2246/1807 1902/2254/1813 1901/2252/1812
f 1897/2248/1808 1895/2245/1806 1903/2255/1814
f 1895/2245/1806 1900/2251/1811 1903/2255/1814
f 1897/2248/1808 1903/2255/1814 1902/2254/1813
f 1900/2251/1811 1885/2232/1796 1904/2256/1815
f 1885/2232/1796 1886/2233/1797 1904/2256/1815
f 1904/2256/1815 1886/2233/1797 1894/2244/1805
f 1867/2253/1778 1901/2252/1812 1905/2257/1816
f 1867/2253/1778 1905/2257/1816 1873/2258/1784
f 1901/2252/1812 1902/2254/1813 1906/2259/1817
f 1901/2252/1812 1906/2259/1817 1905/2257/1816
f 1902/2254/1813 1903/2255/1814 1907/2260/1818
f 1902/2254/1813 1907/2260/1818 1906/2259/1817
f 1903/2255/1814 1900/2251/1811 1908/2261/1819
f 1900/2251/1811 1904/2256/1815 1908/2261/1819
f 1903/2255/1814 1908/2261/1819 1907/2260/1818
f 1904/2256/1815 1894/2244/1805 1909/2262/1820
f 1908/2261/1819 1904/2256/1815 1909/2262/1820
f 1873/2258/1784 1905/2257/1816 1910/2263/1821
f 1873/2258/1784 1910/2263/1821 1880/2264/1791
f 1905/2257/1816 1906/2259/1817 1911/2265/1822
f 1905/2257/1816 1911/2265/1822 1910/2263/1821
f 1906/2259/1817 1907/2260/1818 1912/2266/1823
f 1906/2259/1817 1912/2266/1823 1911/2265/1822
f 1907/2260/1818 1908/2261/1819 1913/2267/1824
f 1908/2261/1819 1909/2262/1820 1913/2267/1824
f 1907/2260/1818 1913/2267/1824 1912/2266/1823
f 1909/2262/1820 1894/2244/1805 1914/2268/1825
f 1894/2244/1805 1892/2242/1803 1914/2268/1825
f 1914/2268/1825 1892/2242/1803 1898/2249/1809
f 1880/2264/1791 1910/2263/1821 1915/2269/1826
f 1880/2264/1791 1915/2269/1826 1888/2270/1799
f 1910/2263/1821 1911/2265/1822 1916/2271/1827
f 1910/2263/1821 1916/2271/1827 1915/2269/1826
f 1911/2265/1822 1912/2266/1823 1917/2272/1828
f 1911/2265/1822 1917/2272/1828 1916/2271/1827
f 1912/2266/1823 1913/2267/1824 1918/2273/1829
f 1912/2266/1823 1918/2273/1829 1917/2272/1828
f 1913/2267/1824 1909/2262/1820 1919/2274/1830
f 1909/2262/1820 1914/2268/1825 1919/2274/1830
f 1913/2267/1824 1919/2274/1830 1918/2273/1829
f 1914/2268/1825 1898/2249/1809 1920/2275/1831
f 1919/2274/1830 1914/2268/1825 1920/2275/1831
f 1888/2270/1799 1915/2269/1826 1921/2276/1832
f 1888/2270/1799 1921/2276/1832 1893/2277/1804
f 1915/2269/1826 1916/2271/1827 1922/2278/1833
f 1915/2269/1826 1922/2278/1833 1921/2276/1832
f 1916/2271/1827 1917/2272/1828 1923/2279/1834
f 1916/2271/1827 1923/2279/1834 1922/2278/1833
f 1917/2272/1828 1918/2273/1829 1924/2280/1835
f 1917/2272/1828 1924/2280/1835 1923/2279/1834
f 1918/2273/1829 1919/2274/1830 1925/2281/1836
f 1919/2274/1830 1920/2275/1831 1925/2281/1836
f 1918/2273/1829 1925/2281/1836 1924/2280/1835
f 1920/2275/1831 1898/2249/1809 1926/2282/1837
f 1898/2249/1809 1899/2250/1810 1926/2282/1837
f 1926/2282/1837 1899/2250/1810 1927/2283/1838
f 1893/2277/1804 1921/2276/1832 1928/2284/1839
f 1893/2277/1804 1928/2284/1839 1899/2285/1810
f 1921/2276/1832 1922/2278/1833 1929/2286/1840
f 1921/2276/1832 1929/2286/1840 1928/2284/1839
f 1922/2278/1833 1923/2279/1834 1930/2287/1841
f 1922/2278/1833 1930/2287/1841 1929/2286/1840
f 1923/2279/1834 1924/2280/1835 1931/2288/1842
f 1923/2279/1834 1931/2288/1842 1930/2287/1841
f 1924/2280/1835 1925/2281/1836 1932/2289/1843
f 1924/2280/1835 1932/2289/1843 1931/2288/1842
f 1926/2282/1837 1927/2283/1838 1933/2290/1844
f 1933/2290/1844 1927/2283/1838 1934/2291/1845
f 1899/2285/1810 1928/2284/1839 1935/2292/1846
f 1899/2285/1810 1935/2292/1846 1927/2293/1838
f 1928/2284/1839 1929/2286/1840 1936/2294/1847
f 1928/2284/1839 1936/2294/1847 1935/2292/1846
f 1929/2286/1840 1930/2287/1841 1937/2295/1848
f 1929/2286/1840 1937/2295/1848 1936/2294/1847
f 1930/2287/1841 1931/2288/1842 1938/2296/1849
f 1930/2287/1841 1938/2296/1849 1937/2295/1848
f 1927/2293/1838 1935/2292/1846 1939/2297/1850
f 1927/2293/1838 1939/2297/1850 1934/2298/1845
f 1935/2292/1846 1936/2294/1847 1940/2299/1851
f 1935/2292/1846 1940/2299/1851 1939/2297/1850
f 1936/2294/1847 1937/2295/1848 1941/2300/1852
f 1936/2294/1847 1941/2300/1852 1940/2299/1851
f 1934/2298/1845 1939/2297/1850 1942/2301/1853
f 1934/2298/1845 1942/2301/1853 1943/2302/1854
f 1939/2297/1850 1940/2299/1851 1944/2303/1855
f 1939/2297/1850 1944/2303/1855 1942/2301/1853
f 1943/2302/1854 1942/2301/1853 1945/2304/1856
f 1943/2302/1854 1945/2304/1856 1946/2305/1857
f 1931/2288/1842 1947/2306/1858 1938/2296/1849
f 1931/2288/1842 1932/2289/1843 1947/2306/1858
f 1937/2295/1848 1938/2296/1849 1948/2307/1859
f 1937/2295/1848 1948/2307/1859 1941/2300/1852
f 1940/2299/1851 1941/2300/1852 1949/2308/1860
f 1940/2299/1851 1949/2308/1860 1944/2303/1855
f 1942/2301/1853 1944/2303/1855 1950/2309/1861
f 1942/2301/1853 1950/2309/1861 1945/2304/1856
f 1946/2305/1857 1945/2304/1856 1951/2310/1862
f 1946/2305/1857 1951/2310/1862 1952/2311/1863
f 1938/2296/1849 1947/2306/1858 1953/2312/1864
f 1938/2296/1849 1953/2312/1864 1948/2307/1859
f 1941/2300/1852 1948/2307/1859 1954/2313/1865
f 1941/2300/1852 1954/2313/1865 1949/2308/1860
f 1944/2303/1855 1949/2308/1860 1955/2314/1866
f 1944/2303/1855 1955/2314/1866 1950/2309/1861
f 1945/2304/1856 1950/2309/1861 1956/2315/1867
f 1945/2304/1856 1956/2315/1867 1951/2310/1862
f 1952/2311/1863 1951/2310/1862 1957/2316/1868
f 1952/2311/1863 1957/2316/1868 1958/2317/1869
f 1948/2307/1859 1953/2312/1864 1959/2318/1870
f 1948/2307/1859 1959/2318/1870 1954/2313/1865
f 1949/2308/1860 1954/2313/1865 1960/2319/1871
f 1949/2308/1860 1960/2319/1871 1955/2314/1866
f 1950/2309/1861 1955/2314/1866 1961/2320/1872
f 1950/2309/1861 1961/2320/1872 1956/2315/1867
f 1951/2310/1862 1956/2315/1867 1962/2321/1873
f 1951/2310/1862 1962/2321/1873 1957/2316/1868
f 1958/2317/1869 1957/2316/1868 1963/2322/1874
f 1958/2317/1869 1963/2322/1874 1964/2323/1875
f 1954/2313/1865 1959/2318/1870 1965/2324/1876
f 1954/2313/1865 1965/2324/1876 1960/2319/1871
f 1955/2314/1866 1960/2319/1871 1966/2325/1877
f 1955/2314/1866 1966/2325/1877 1961/2320/1872
f 1956/2315/1867 1961/2320/1872 1967/2326/1878
f 1956/2315/1867 1967/2326/1878 1962/2321/1873
f 1957/2316/1868 1962/2321/1873 1968/2327/1879
f 1957/2316/1868 1968/2327/1879 1963/2322/1874
f 1964/2323/1875 1963/2322/1874 1969/2328/1880
f 1964/2323/1875 1969/2328/1880 1970/2329/1881
f 1960/2319/1871 1965/2324/1876 1971/2330/1882
f 1960/2319/1871 1971/2330/1882 1966/2325/1877
f 1961/2320/1872 1966/2325/1877 1972/2331/1883
f 1961/2320/1872 1972/2331/1883 1967/2326/1878
f 1962/2321/1873 1967/2326/1878 1973/2332/1884
f 1962/2321/1873 1973/2332/1884 1968/2327/1879
f 1963/2322/1874 1968/2327/1879 1974/2333/1885
f 1963/2322/1874 1974/2333/1885 1969/2328/1880
f 1970/2329/1881 1969/2328/1880 1975/2334/1886
f 1970/2329/1881 1975/2334/1886 1976/2335/1887
f 1966/2325/1877 1971/2330/1882 1977/2336/1888
f 1966/2325/1877 1977/2336/1888 1972/2331/1883
f 1967/2326/1878 1972/2331/1883 1978/2337/1889
f 1967/2326/1878 1978/2337/1889 1973/2332/1884
f 1968/2327/1879 1973/2332/1884 1979/2338/1890
f 1968/2327/1879 1979/2338/1890 1974/2333/1885
f 1969/2328/1880 1974/2333/1885 1980/2339/1891
f 1969/2328/1880 1980/2339/1891 1975/2334/1886
f 1976/2335/1887 1975/2334/1886 1981/2340/1892
f 1976/2335/1887 1981/2340/1892 1982/2341/1893
f 1972/2331/1883 1977/2336/1888 1983/2342/1894
f 1972/2331/1883 1983/2342/1894 1978/2337/1889
f 1973/2332/1884 1978/2337/1889 1984/2343/1895
f 1973/2332/1884 1984/2343/1895 1979/2338/1890
f 1974/2333/1885 1979/2338/1890 1985/2344/1896
f 1974/2333/1885 1985/2344/1896 1980/2339/1891
f 1975/2334/1886 1980/2339/1891 1986/2345/1897
f 1975/2334/1886 1986/2345/1897 1981/2340/1892
f 1982/2341/1893 1981/2340/1892 1987/2346/1898
f 1982/2341/1893 1987/2346/1898 1988/2347/1899
f 1978/2337/1889 1983/2342/1894 1989/2348/1900
f 1978/2337/1889 1989/2348/1900 1984/2343/1895
f 1979/2338/1890 1984/2343/1895 1990/2349/1901
f 1979/2338/1890 1990/2349/1901 1985/2344/1896
f 1980/2339/1891 1985/2344/1896 1991/2350/1902
f 1980/2339/1891 1991/2350/1902 1986/2345/1897
f 1981/2340/1892 1986/2345/1897 1992/2351/1903
f 1981/2340/1892 1992/2351/1903 1987/2346/1898
f 1988/2347/1899 1987/2346/1898 1993/2352/1904
f 1988/2347/1899 1993/2352/1904 1994/2353/1905
f 1984/2343/1895 1989/2348/1900 1995/2354/1906
f 1984/2343/1895 1995/2354/1906 1990/2349/1901
f 1985/2344/1896 1990/2349/1901 1996/2355/1907
f 1985/2344/1896 1996/2355/1907 1991/2350/1902
f 1986/2345/1897 1991/2350/1902 1997/2356/1908
f 1986/2345/1897 1997/2356/1908 1992/2351/1903
f 1987/2346/1898 1992/2351/1903 1998/2357/1909
f 1987/2346/1898 1998/2357/1909 1993/2352/1904
f 1994/2353/1905 1993/2352/1904 1999/2358/1910
f 1994/2353/1905 1999/2358/1910 2000/2359/1911
f 1990/2349/1901 1995/2354/1906 2001/2360/1912
f 1990/2349/1901 2001/2360/1912 1996/2355/1907
f 1991/2350/1902 1996/2355/1907 2002/2361/1913
f 1991/2350/1902 2002/2361/1913 1997/2356/1908
f 1992/2351/1903 1997/2356/1908 2003/2362/1914
f 1992/2351/1903 2003/2362/1914 1998/2357/1909
f 1993/2352/1904 1998/2357/1909 2004/2363/1915
f 1993/2352/1904 2004/2363/1915 1999/2358/1910
f 2000/2359/1911 1999/2358/1910 2005/2364/1916
f 2000/2359/1911 2005/2364/1916 2006/2365/1917
f 1996/2355/1907 2001/2360/1912 2007/2366/1918
f 1996/2355/1907 2007/2366/1918 2002/2361/1913
f 1997/2356/1908 2002/2361/1913 2008/2367/1919
f 1997/2356/1908 2008/2367/1919 2003/2362/1914
f 1998/2357/1909 2003/2362/1914 2009/2368/1920
f 1998/2357/1909 2009/2368/1920 2004/2363/1915
f 1999/2358/1910 2004/2363/1915 2010/2369/1921
f 1999/2358/1910 2010/2369/1921 2005/2364/1916
f 2006/2365/1917 2005/2364/1916 2011/2370/1922
f 2006/2365/1917 2011/2370/1922 2012/2371/1923
f 2012/2371/1923 2011/2370/1922 2013/2372/1924
f 2012/2371/1923 2013/2372/1924 2014/2373/1925
f 2011/2370/1922 2015/2374/1926 2013/2372/1924
f 2005/2364/1916 2016/2375/1927 2011/2370/1922
f 2011/2370/1922 2016/2375/1927 2015/2374/1926
f 2005/2364/1916 2010/2369/1921 2016/2375/1927
f 2016/2375/1927 2017/2376/1928 2015/2374/1926
f 2016/2375/1927 2018/2377/1929 2017/2376/1928
f 2010/2369/1921 2018/2377/1929 2016/2375/1927
f 2018/2377/1929 2019/2378/1930 2017/2376/1928
f 2004/2363/1915 2020/2379/1931 2010/2369/1921
f 2010/2369/1921 2020/2379/1931 2018/2377/1929
f 2004/2363/1915 2009/2368/1920 2020/2379/1931
f 2018/2377/1929 2021/2380/1932 2019/2378/1930
f 2020/2379/1931 2021/2380/1932 2018/2377/1929
f 2021/2380/1932 2022/2381/1933 2019/2378/1930
f 2009/2368/1920 2023/2382/1934 2020/2379/1931
f 2020/2379/1931 2023/2382/1934 2021/2380/1932
f 2021/2380/1932 2024/2383/1935 2022/2381/1933
f 2023/2382/1934 2024/2383/1935 2021/2380/1932
f 2024/2383/1935 2025/2384/1936 2022/2381/1933
f 2009/2368/1920 2026/2385/1937 2023/2382/1934
f 2003/2362/1914 2026/2385/1937 2009/2368/1920
f 2003/2362/1914 2008/2367/1919 2026/2385/1937
f 2023/2382/1934 2027/2386/1938 2024/2383/1935
f 2026/2385/1937 2027/2386/1938 2023/2382/1934
f 2024/2383/1935 2028/2387/1939 2025/2384/1936
f 2027/2386/1938 2028/2387/1939 2024/2383/1935
f 2028/2387/1939 2029/2388/1940 2025/2384/1936
f 2008/2367/1919 2030/2389/1941 2026/2385/1937
f 2026/2385/1937 2030/2389/1941 2027/2386/1938
f 2027/2386/1938 2031/2390/1942 2028/2387/1939
f 2030/2389/1941 2031/2390/1942 2027/2386/1938
f 2028/2387/1939 2032/2391/1943 2029/2388/1940
f 2031/2390/1942 2032/2391/1943 2028/2387/1939
f 2032/2391/1943 2014/2392/1925 2029/2388/1940
f 2032/2391/1943 2012/2393/1923 2014/2392/1925
f 2033/2394/1944 2012/2393/1923 2032/2391/1943
f 2031/2390/1942 2033/2394/1944 2032/2391/1943
f 2033/2394/1944 2006/2395/1917 2012/2393/1923
f 2008/2367/1919 2034/2396/1945 2030/2389/1941
f 2002/2361/1913 2034/2396/1945 2008/2367/1919
f 2002/2361/1913 2007/2366/1918 2034/2396/1945
f 2030/2389/1941 2035/2397/1946 2031/2390/1942
f 2035/2397/1946 2033/2394/1944 2031/2390/1942
f 2034/2396/1945 2035/2397/1946 2030/2389/1941
f 2036/2398/1947 2006/2395/1917 2033/2394/1944
f 2035/2397/1946 2036/2398/1947 2033/2394/1944
f 2036/2398/1947 2000/2399/1911 2006/2395/1917
f 2034/2396/1945 2037/2400/1948 2035/2397/1946
f 2007/2366/1918 2037/2400/1948 2034/2396/1945
f 2037/2400/1948 2036/2398/1947 2035/2397/1946
f 2038/2401/1949 2000/2399/1911 2036/2398/1947
f 2037/2400/1948 2038/2401/1949 2036/2398/1947
f 2038/2401/1949 1994/2402/1905 2000/2399/1911
f 2007/2366/1918 2039/2403/1950 2037/2400/1948
f 2039/2403/1950 2038/2401/1949 2037/2400/1948
f 2001/2360/1912 2039/2403/1950 2007/2366/1918
f 2040/2404/1951 1994/2402/1905 2038/2401/1949
f 2039/2403/1950 2040/2404/1951 2038/2401/1949
f 2040/2404/1951 1988/2405/1899 1994/2402/1905
f 2001/2360/1912 2041/2406/1952 2039/2403/1950
f 2041/2406/1952 2040/2404/1951 2039/2403/1950
f 1995/2354/1906 2041/2406/1952 2001/2360/1912
f 2042/2407/1953 1988/2405/1899 2040/2404/1951
f 2041/2406/1952 2042/2407/1953 2040/2404/1951
f 2042/2407/1953 1982/2408/1893 1988/2405/1899
f 1995/2354/1906 2043/2409/1954 2041/2406/1952
f 2043/2409/1954 2042/2407/1953 2041/2406/1952
f 1989/2348/1900 2043/2409/1954 1995/2354/1906
f 2044/2410/1955 1982/2408/1893 2042/2407/1953
f 2043/2409/1954 2044/2410/1955 2042/2407/1953
f 2044/2410/1955 1976/2411/1887 1982/2408/1893
f 1989/2348/1900 2045/2412/1956 2043/2409/1954
f 2045/2412/1956 2044/2410/1955 2043/2409/1954
f 1983/2342/1894 2045/2412/1956 1989/2348/1900
f 2046/2413/1957 1976/2411/1887 2044/2410/1955
f 2045/2412/1956 2046/2413/1957 2044/2410/1955
f 2046/2413/1957 1970/2414/1881 1976/2411/1887
f 1983/2342/1894 2047/2415/1958 2045/2412/1956
f 2047/2415/1958 2046/2413/1957 2045/2412/1956
f 1977/2336/1888 2047/2415/1958 1983/2342/1894
f 2048/2416/1959 1970/2414/1881 2046/2413/1957
f 2047/2415/1958 2048/2416/1959 2046/2413/1957
f 2048/2416/1959 1964/2417/1875 1970/2414/1881
f 1977/2336/1888 2049/2418/1960 2047/2415/1958
f 2049/2418/1960 2048/2416/1959 2047/2415/1958
f 1971/2330/1882 2049/2418/1960 1977/2336/1888
f 2050/2419/1961 1964/2417/1875 2048/2416/1959
f 2049/2418/1960 2050/2419/1961 2048/2416/1959
f 2050/2419/1961 1958/2420/1869 1964/2417/1875
f 1971/2330/1882 2051/2421/1962 2049/2418/1960
f 2051/2421/1962 2050/2419/1961 2049/2418/1960
f 1965/2324/1876 2051/2421/1962 1971/2330/1882
f 2052/2422/1963 1958/2420/1869 2050/2419/1961
f 2051/2421/1962 2052/2422/1963 2050/2419/1961
f 2052/2422/1963 1952/2423/1863 1958/2420/1869
f 1965/2324/1876 2053/2424/1964 2051/2421/1962
f 2053/2424/1964 2052/2422/1963 2051/2421/1962
f 1959/2318/1870 2053/2424/1964 1965/2324/1876
f 2054/2425/1965 1952/2423/1863 2052/2422/1963
f 2053/2424/1964 2054/2425/1965 2052/2422/1963
f 2054/2425/1965 1946/2426/1857 1952/2423/1863
f 1959/2318/1870 2055/2427/1966 2053/2424/1964
f 2055/2427/1966 2054/2425/1965 2053/2424/1964
f 1953/2312/1864 2055/2427/1966 1959/2318/1870
f 2056/2428/1967 1946/2426/1857 2054/2425/1965
f 2055/2427/1966 2056/2428/1967 2054/2425/1965
f 2056/2428/1967 1943/2429/1854 1946/2426/1857
f 1953/2312/1864 2057/2430/1968 2055/2427/1966
f 2057/2430/1968 2056/2428/1967 2055/2427/1966
f 1947/2306/1858 2057/2430/1968 1953/2312/1864
f 2058/2431/1969 1943/2429/1854 2056/2428/1967
f 2057/2430/1968 2058/2431/1969 2056/2428/1967
f 2058/2431/1969 1934/2291/1845 1943/2429/1854
f 1933/2290/1844 1934/2291/1845 2058/2431/1969
f 1947/2306/1858 2059/2432/1970 2057/2430/1968
f 2059/2432/1970 2058/2431/1969 2057/2430/1968
f 2059/2432/1970 1933/2290/1844 2058/2431/1969
f 1932/2289/1843 2059/2432/1970 1947/2306/1858
f 2060/2433/1971 1933/2290/1844 2059/2432/1970
f 1932/2289/1843 2060/2433/1971 2059/2432/1970
f 2060/2433/1971 1926/2282/1837 1933/2290/1844
f 1925/2281/1836 2060/2433/1971 1932/2289/1843
f 1920/2275/1831 1926/2282/1837 2060/2433/1971
f 1925/2281/1836 1920/2275/1831 2060/2433/1971
usemtl Out
f 195/225/198 197/226/199 196/227/199
f 195/225/198 198/228/200 197/226/199
f 199/229/201 198/228/200 195/225/198
f 199/229/201 200/230/201 198/228/200
f 201/231/202 200/230/201 199/229/201
f 201/231/202 202/232/202 200/230/201
f 203/233/203 202/232/202 201/231/202
f 203/233/203 204/234/204 202/232/202
f 205/235/205 204/234/204 203/233/203
f 205/235/205 206/236/205 204/234/204
f 207/237/206 206/236/205 205/235/205
f 207/237/206 208/238/207 206/236/205
f 209/239/208 208/238/207 207/237/206
f 209/239/208 210/240/208 208/238/207
f 211/241/209 210/240/208 209/239/208
f 211/241/209 212/242/209 210/240/208
f 213/243/210 212/242/209 211/241/209
f 213/243/210 214/244/211 212/242/209
f 215/245/212 214/244/211 213/243/210
f 215/245/212 216/246/212 214/244/211
f 217/247/213 216/246/212 215/245/212
f 217/247/213 218/248/214 216/246/212
f 219/249/215 218/248/214 217/247/213
f 219/249/215 220/250/215 218/248/214
f 221/251/216 220/250/215 219/249/215
f 221/251/216 222/252/216 220/250/215
f 223/253/217 222/252/216 221/251/216
f 223/253/217 224/254/218 222/252/216
f 224/254/218 223/253/217 225/255/219
f 224/254/218 225/255/219 226/256/219
f 227/257/220 226/256/219 225/255/219
f 227/257/220 228/258/221 226/256/219
f 229/259/222 228/258/221 227/257/220
f 229/259/222 230/260/222 228/258/221
f 231/261/223 230/260/222 229/259/222
f 231/261/223 232/262/223 230/260/222
f 233/263/224 232/262/223 231/261/223
f 233/263/224 234/264/225 232/262/223
f 196/265/199 234/264/225 233/263/224
f 196/265/199 197/266/199 234/264/225
f 235/267/226 237/268/227 236/269/228
f 235/267/226 238/270/229 237/268/227
f 239/271/230 238/270/229 235/267/226
f 239/271/230 240/272/231 238/270/229
f 241/273/232 240/272/231 239/271/230
f 241/273/232 242/274/233 240/272/231
f 243/275/234 242/274/233 241/273/232
f 243/275/234 244/276/235 242/274/233
f 245/277/236 244/276/235 243/275/234
f 245/277/236 246/278/236 244/276/235
f 247/279/237 246/278/236 245/277/236
f 247/279/237 248/280/238 246/278/236
f 249/281/239 248/280/238 247/279/237
f 249/281/239 250/282/240 248/280/238
f 251/283/241 250/282/240 249/281/239
f 251/283/241 252/284/242 250/282/240
f 253/285/243 252/284/242 251/283/241
f 253/285/243 254/286/244 252/284/242
f 255/287/245 254/286/244 253/285/243
f 255/287/245 256/288/246 254/286/244
f 257/289/247 256/288/246 255/287/245
f 257/289/247 258/290/248 256/288/246
f 259/291/249 258/290/248 257/289/247
f 259/291/249 260/292/250 258/290/248
f 261/293/251 260/292/250 259/291/249
f 261/293/251 262/294/252 260/292/250
f 263/295/253 262/294/252 261/293/251
f 263/295/253 264/296/254 262/294/252
f 264/296/254 263/295/253 265/297/255
f 264/296/254 265/297/255 266/298/255
f 267/299/256 266/298/255 265/297/255
f 267/299/256 268/300/257 266/298/255
f 269/301/258 268/300/257 267/299/256
f 269/301/258 270/302/259 268/300/257
f 271/303/260 270/302/259 269/301/258
f 271/303/260 272/304/261 270/302/259
f 273/305/262 272/304/261 271/303/260
f 273/305/262 274/306/263 272/304/261
f 236/307/228 274/306/263 273/305/262
f 236/307/228 237/308/227 274/306/263
f 235/309/264 236/310/265 197/226/265
f 235/309/264 197/226/265 198/228/264
f 239/311/266 235/309/264 198/228/264
f 239/311/266 198/228/264 200/230/266
f 241/312/267 239/311/266 200/230/266
f 241/312/267 200/230/266 202/232/267
f 243/313/268 241/312/267 202/232/267
f 243/313/268 202/232/267 204/234/268
f 245/314/269 243/313/268 204/234/268
f 245/314/269 204/234/268 206/236/269
f 247/315/270 245/314/269 206/236/269
f 247/315/270 206/236/269 208/238/270
f 249/316/271 247/315/270 208/238/270
f 249/316/271 208/238/270 210/240/271
f 251/317/272 249/316/271 210/240/271
f 251/317/272 210/240/271 212/242/272
f 253/318/273 251/317/272 212/242/272
f 253/318/273 212/242/272 214/244/273
f 255/319/274 253/318/273 214/244/273
f 255/319/274 214/244/273 216/246/274
f 257/320/275 255/319/274 216/246/274
f 257/320/275 216/246/274 218/248/275
f 259/321/276 257/320/275 218/248/275
f 259/321/276 218/248/275 220/250/276
f 261/322/277 259/321/276 220/250/276
f 261/322/277 220/250/276 222/252/277
f 263/323/278 261/322/277 222/252/277
f 263/323/278 222/252/277 224/254/278
f 265/324/279 263/323/278 224/254/278
f 265/324/279 224/254/278 226/256/279
f 267/325/280 265/324/279 226/256/279
f 267/325/280 226/256/279 228/258/280
f 269/326/281 267/325/280 228/258/280
f 269/326/281 228/258/280 230/260/281
f 271/327/282 269/326/281 230/260/281
f 271/327/282 230/260/281 232/262/282
f 273/328/283 271/327/282 232/262/282
f 273/328/283 232/262/282 234/264/283
f 236/329/265 273/328/283 234/264/283
f 236/329/265 234/264/283 197/266/265
f 275/330/284 277/331/285 276/332/285
f 275/330/284 278/333/284 277/331/285
f 279/334/286 278/333/284 275/330/284
f 279/334/286 280/335/286 278/333/284
f 281/336/287 280/335/286 279/334/286
f 281/336/287 282/337/287 280/335/286
f 283/338/288 282/337/287 281/336/287
f 283/338/288 284/339/289 282/337/287
f 285/340/290 284/339/289 283/338/288
f 285/340/290 286/341/290 284/339/289
f 287/342/291 286/341/290 285/340/290
f 287/342/291 288/343/292 286/341/290
f 289/344/293 288/343/292 287/342/291
f 289/344/293 290/345/293 288/343/292
f 291/346/294 290/345/293 289/344/293
f 291/346/294 292/347/294 290/345/293
f 293/348/295 292/347/294 291/346/294
f 293/348/295 294/349/296 292/347/294
f 295/350/297 294/349/296 293/348/295
f 295/350/297 296/351/297 294/349/296
f 297/352/298 296/351/297 295/350/297
f 297/352/298 298/353/299 296/351/297
f 299/354/300 298/353/299 297/352/298
f 299/354/300 300/355/300 298/353/299
f 301/356/301 300/355/300 299/354/300
f 301/356/301 302/357/301 300/355/300
f 303/358/302 302/357/301 301/356/301
f 303/358/302 304/359/303 302/357/301
f 304/359/303 303/358/302 305/360/304
f 304/359/303 305/360/304 306/361/304
f 307/362/305 306/361/304 305/360/304
f 307/362/305 308/363/306 306/361/304
f 309/364/307 308/363/306 307/362/305
f 309/364/307 310/365/307 308/363/306
f 311/366/308 310/365/307 309/364/307
f 311/366/308 312/367/308 310/365/307
f 313/368/309 312/367/308 311/366/308
f 313/368/309 314/369/310 312/367/308
f 276/370/285 314/369/310 313/368/309
f 276/370/285 277/371/285 314/369/310
f 277/372/311 278/373/311 315/374/311
f 278/373/311 280/375/311 315/374/311
f 280/375/311 282/376/311 315/374/311
f 282/376/311 284/377/311 315/374/311
f 284/377/311 286/378/311 315/374/311
f 286/378/311 288/379/311 315/374/311
f 288/379/311 290/380/311 315/374/311
f 290/380/311 292/381/311 315/374/311
f 292/381/311 294/382/311 315/374/311
f 294/382/311 296/383/311 315/374/311
f 296/383/311 298/384/311 315/374/311
f 298/384/311 300/385/311 315/374/311
f 300/385/311 302/386/311 315/374/311
f 302/386/311 304/387/311 315/374/311
f 304/387/311 306/388/311 315/374/311
f 306/388/311 308/389/311 315/374/311
f 308/389/311 310/390/311 315/374/311
f 310/390/311 312/391/311 315/374/311
f 312/391/311 314/392/311 315/374/311
f 314/392/311 277/393/311 315/374/311
f 237/268/265 275/330/264 276/332/265
f 237/268/265 238/270/264 275/330/264
f 238/270/264 279/334/266 275/330/264
f 238/270/264 240/272/266 279/334/266
f 240/272/266 281/336/267 279/334/266
f 240/272/266 242/274/267 281/336/267
f 242/274/267 283/338/268 281/336/267
f 242/274/267 244/276/268 283/338/268
f 244/276/268 285/340/269 283/338/268
f 244/276/268 246/278/269 285/340/269
f 246/278/269 287/342/270 285/340/269
f 246/278/269 248/280/270 287/342/270
f 248/280/270 289/344/271 287/342/270
f 248/280/270 250/282/271 289/344/271
f 250/282/271 291/346/272 289/344/271
f 250/282/271 252/284/272 291/346/272
f 252/284/272 293/348/273 291/346/272
f 252/284/272 254/286/273 293/348/273
f 254/286/273 295/350/274 293/348/273
f 254/286/273 256/288/274 295/350/274
f 256/288/274 297/352/275 295/350/274
f 256/288/274 258/290/275 297/352/275
f 258/290/275 299/354/276 297/352/275
f 258/290/275 260/292/276 299/354/276
f 260/292/276 301/356/277 299/354/276
f 260/292/276 262/294/277 301/356/277
f 262/294/277 303/358/278 301/356/277
f 262/294/277 264/296/278 303/358/278
f 264/296/278 305/360/279 303/358/278
f 264/296/278 266/298/279 305/360/279
f 266/298/279 307/362/280 305/360/279
f 266/298/279 268/300/280 307/362/280
f 268/300/280 309/364/281 307/362/280
f 268/300/280 270/302/281 309/364/281
f 270/302/281 311/366/282 309/364/281
f 270/302/281 272/304/282 311/366/282
f 272/304/282 313/368/283 311/366/282
f 272/304/282 274/306/283 313/368/283
f 274/306/283 276/370/265 313/368/283
f 274/306/283 237/308/265 276/370/265
f 316/394/312 318/395/285 317/396/285
f 316/394/312 317/396/285 319/397/284
f 320/398/286 316/394/312 319/397/284
f 320/398/286 319/397/284 321/399/286
f 322/400/287 320/398/286 321/399/286
f 322/400/287 321/399/286 323/401/287
f 324/402/289 322/400/287 323/401/287
f 324/402/289 323/401/287 325/403/288
f 326/404/290 324/402/289 325/403/288
f 326/404/290 325/403/288 327/405/290
f 328/406/292 326/404/290 327/405/290
f 328/406/292 327/405/290 329/407/291
f 330/408/293 328/406/292 329/407/291
f 330/408/293 329/407/291 331/409/293
f 332/410/294 330/408/293 331/409/293
f 332/410/294 331/409/293 333/411/294
f 334/412/296 332/410/294 333/411/294
f 334/412/296 333/411/294 335/413/295
f 336/414/297 334/412/296 335/413/295
f 336/414/297 335/413/295 337/415/297
f 338/416/299 336/414/297 337/415/297
f 338/416/299 337/415/297 339/417/298
f 340/418/300 338/416/299 339/417/298
f 340/418/300 339/417/298 341/419/300
f 342/420/301 340/418/300 341/419/300
f 342/420/301 341/419/300 343/421/301
f 344/422/303 342/420/301 343/421/301
f 344/422/303 343/421/301 345/423/302
f 345/423/302 346/424/304 344/422/303
f 345/423/302 347/425/304 346/424/304
f 348/426/306 346/424/304 347/425/304
f 348/426/306 347/425/304 349/427/305
f 350/428/307 348/426/306 349/427/305
f 350/428/307 349/427/305 351/429/307
f 352/430/308 350/428/307 351/429/307
f 352/430/308 351/429/307 353/431/308
f 354/432/310 352/430/308 353/431/308
f 354/432/310 353/431/308 355/433/309
f 318/434/285 354/432/310 355/433/309
f 318/434/285 355/433/309 317/435/285
f 356/436/313 358/437/314 357/438/315
f 356/436/313 357/438/315 359/439/316
f 360/440/317 356/436/313 359/439/316
f 360/440/317 359/439/316 361/441/318
f 362/442/319 360/440/317 361/441/318
f 362/442/319 361/441/318 363/443/320
f 364/444/321 362/442/319 363/443/320
f 364/444/321 363/443/320 365/445/322
f 366/446/323 364/444/321 365/445/322
f 366/446/323 365/445/322 367/447/323
f 368/448/324 366/446/323 367/447/323
f 368/448/324 367/447/323 369/449/325
f 370/450/326 368/448/324 369/449/325
f 370/450/326 369/449/325 371/451/327
f 372/452/328 370/450/326 371/451/327
f 372/452/328 371/451/327 373/453/329
f 374/454/330 372/452/328 373/453/329
f 374/454/330 373/453/329 375/455/331
f 376/456/332 374/454/330 375/455/331
f 376/456/332 375/455/331 377/457/333
f 378/458/334 376/456/332 377/457/333
f 378/458/334 377/457/333 379/459/335
f 380/460/336 378/458/334 379/459/335
f 380/460/336 379/459/335 381/461/337
f 382/462/338 380/460/336 381/461/337
f 382/462/338 381/461/337 383/463/339
f 384/464/340 382/462/338 383/463/339
f 384/464/340 383/463/339 385/465/341
f 385/465/341 386/466/342 384/464/340
f 385/465/341 387/467/342 386/466/342
f 388/468/343 386/466/342 387/467/342
f 388/468/343 387/467/342 389/469/344
f 390/470/345 388/468/343 389/469/344
f 390/470/345 389/469/344 391/471/346
f 392/472/347 390/470/345 391/471/346
f 392/472/347 391/471/346 393/473/348
f 394/474/349 392/472/347 393/473/348
f 394/474/349 393/473/348 395/475/350
f 358/476/314 394/474/349 395/475/350
f 358/476/314 395/475/350 357/477/315
f 356/478/264 317/396/265 358/479/265
f 356/478/264 319/397/264 317/396/265
f 360/480/266 319/397/264 356/478/264
f 360/480/266 321/399/266 319/397/264
f 362/481/267 321/399/266 360/480/266
f 362/481/267 323/401/267 321/399/266
f 364/482/268 323/401/267 362/481/267
f 364/482/268 325/403/268 323/401/267
f 366/483/269 325/403/268 364/482/268
f 366/483/269 327/405/269 325/403/268
f 368/484/270 327/405/269 366/483/269
f 368/484/270 329/407/270 327/405/269
f 370/485/271 329/407/270 368/484/270
f 370/485/271 331/409/271 329/407/270
f 372/486/272 331/409/271 370/485/271
f 372/486/272 333/411/272 331/409/271
f 374/487/273 333/411/272 372/486/272
f 374/487/273 335/413/273 333/411/272
f 376/488/274 335/413/273 374/487/273
f 376/488/274 337/415/274 335/413/273
f 378/489/275 337/415/274 376/488/274
f 378/489/275 339/417/275 337/415/274
f 380/490/276 339/417/275 378/489/275
f 380/490/276 341/419/276 339/417/275
f 382/491/277 341/419/276 380/490/276
f 382/491/277 343/421/277 341/419/276
f 384/492/278 343/421/277 382/491/277
f 384/492/278 345/423/278 343/421/277
f 386/493/279 345/423/278 384/492/278
f 386/493/279 347/425/279 345/423/278
f 388/494/280 347/425/279 386/493/279
f 388/494/280 349/427/280 347/425/279
f 390/495/281 349/427/280 388/494/280
f 390/495/281 351/429/281 349/427/280
f 392/496/282 351/429/281 390/495/281
f 392/496/282 353/431/282 351/429/281
f 394/497/283 353/431/282 392/496/282
f 394/497/283 355/433/283 353/431/282
f 358/498/265 355/433/283 394/497/283
f 358/498/265 317/435/265 355/433/283
f 396/499/200 398/500/199 397/501/199
f 396/499/200 397/501/199 399/502/198
f 400/503/201 396/499/200 399/502/198
f 400/503/201 399/502/198 401/504/201
f 402/505/202 400/503/201 401/504/201
f 402/505/202 401/504/201 403/506/202
f 404/507/204 402/505/202 403/506/202
f 404/507/204 403/506/202 405/508/203
f 406/509/205 404/507/204 405/508/203
f 406/509/205 405/508/203 407/510/205
f 408/511/207 406/509/205 407/510/205
f 408/511/207 407/510/205 409/512/206
f 410/513/208 408/511/207 409/512/206
f 410/513/208 409/512/206 411/514/208
f 412/515/209 410/513/208 411/514/208
f 412/515/209 411/514/208 413/516/209
f 414/517/211 412/515/209 413/516/209
f 414/517/211 413/516/209 415/518/210
f 416/519/212 414/517/211 415/518/210
f 416/519/212 415/518/210 417/520/212
f 418/521/214 416/519/212 417/520/212
f 418/521/214 417/520/212 419/522/213
f 420/523/215 418/521/214 419/522/213
f 420/523/215 419/522/213 421/524/215
f 422/525/216 420/523/215 421/524/215
f 422/525/216 421/524/215 423/526/216
f 424/527/218 422/525/216 423/526/216
f 424/527/218 423/526/216 425/528/217
f 425/528/217 426/529/219 424/527/218
f 425/528/217 427/530/219 426/529/219
f 428/531/221 426/529/219 427/530/219
f 428/531/221 427/530/219 429/532/220
f 430/533/222 428/531/221 429/532/220
f 430/533/222 429/532/220 431/534/222
f 432/535/223 430/533/222 431/534/222
f 432/535/223 431/534/222 433/536/223
f 434/537/225 432/535/223 433/536/223
f 434/537/225 433/536/223 435/538/224
f 398/539/199 434/537/225 435/538/224
f 398/539/199 435/538/224 397/540/199
f 357/438/265 398/500/265 396/499/264
f 357/438/265 396/499/264 359/439/264
f 359/439/264 396/499/264 400/503/266
f 359/439/264 400/503/266 361/441/266
f 361/441/266 400/503/266 402/505/267
f 361/441/266 402/505/267 363/443/267
f 363/443/267 402/505/267 404/507/268
f 363/443/267 404/507/268 365/445/268
f 365/445/268 404/507/268 406/509/269
f 365/445/268 406/509/269 367/447/269
f 367/447/269 406/509/269 408/511/270
f 367/447/269 408/511/270 369/449/270
f 369/449/270 408/511/270 410/513/271
f 369/449/270 410/513/271 371/451/271
f 371/451/271 410/513/271 412/515/272
f 371/451/271 412/515/272 373/453/272
f 373/453/272 412/515/272 414/517/273
f 373/453/272 414/517/273 375/455/273
f 375/455/273 414/517/273 416/519/274
f 375/455/273 416/519/274 377/457/274
f 377/457/274 416/519/274 418/521/275
f 377/457/274 418/521/275 379/459/275
f 379/459/275 418/521/275 420/523/276
f 379/459/275 420/523/276 381/461/276
f 381/461/276 420/523/276 422/525/277
f 381/461/276 422/525/277 383/463/277
f 383/463/277 422/525/277 424/527/278
f 383/463/277 424/527/278 385/465/278
f 385/465/278 424/527/278 426/529/279
f 385/465/278 426/529/279 387/467/279
f 387/467/279 426/529/279 428/531/280
f 387/467/279 428/531/280 389/469/280
f 389/469/280 428/531/280 430/533/281
f 389/469/280 430/533/281 391/471/281
f 391/471/281 430/533/281 432/535/282
f 391/471/281 432/535/282 393/473/282
f 393/473/282 432/535/282 434/537/283
f 393/473/282 434/537/283 395/475/283
f 395/475/283 434/537/283 398/539/265
f 395/475/283 398/539/265 357/477/265
f 427/541/351 436/542/351 429/543/351
f 425/544/351 436/542/351 427/541/351
f 429/543/351 436/542/351 431/545/351
f 423/546/351 436/542/351 425/544/351
f 431/545/351 436/542/351 433/547/351
f 421/548/351 436/542/351 423/546/351
f 433/547/351 436/542/351 435/549/351
f 419/550/351 436/542/351 421/548/351
f 435/549/351 436/542/351 397/551/351
f 417/552/351 436/542/351 419/550/351
f 397/551/351 436/542/351 399/553/351
f 415/554/351 436/542/351 417/552/351
f 399/553/351 436/542/351 401/555/351
f 413/556/351 436/542/351 415/554/351
f 401/555/351 436/542/351 403/557/351
f 411/558/351 436/542/351 413/556/351
f 403/557/351 436/542/351 405/559/351
f 409/560/351 436/542/351 411/558/351
f 405/559/351 436/542/351 407/561/351
f 407/561/351 436/542/351 409/560/351
f 348/562/311 437/563/311 346/564/311
f 350/565/311 437/563/311 348/562/311
f 346/564/311 437/563/311 344/566/311
f 352/567/311 437/563/311 350/565/311
f 344/566/311 437/563/311 342/568/311
f 354/569/311 437/563/311 352/567/311
f 342/568/311 437/563/311 340/570/311
f 318/571/311 437/563/311 354/569/311
f 340/570/311 437/563/311 338/572/311
f 316/573/311 437/563/311 318/571/311
f 338/572/311 437/563/311 336/574/311
f 320/575/311 437/563/311 316/573/311
f 336/574/311 437/563/311 334/576/311
f 322/577/311 437/563/311 320/575/311
f 334/576/311 437/563/311 332/578/311
f 324/579/311 437/563/311 322/577/311
f 332/578/311 437/563/311 330/580/311
f 326/581/311 437/563/311 324/579/311
f 330/580/311 437/563/311 328/582/311
f 328/582/311 437/563/311 326/581/311
f 227/583/351 225/584/351 438/585/351
f 229/586/351 227/583/351 438/585/351
f 225/584/351 223/587/351 438/585/351
f 231/588/351 229/586/351 438/585/351
f 223/587/351 221/589/351 438/585/351
f 233/590/351 231/588/351 438/585/351
f 221/589/351 219/591/351 438/585/351
f 196/592/351 233/590/351 438/585/351
f 219/591/351 217/593/351 438/585/351
f 195/594/351 196/592/351 438/585/351
f 217/593/351 215/595/351 438/585/351
f 199/596/351 195/594/351 438/585/351
f 215/595/351 213/597/351 438/585/351
f 201/598/351 199/596/351 438/585/351
f 213/597/351 211/599/351 438/585/351
f 203/600/351 201/598/351 438/585/351
f 211/599/351 209/601/351 438/585/351
f 205/602/351 203/600/351 438/585/351
f 209/601/351 207/603/351 438/585/351
f 207/603/351 205/602/351 438/585/351
